id1	first1	uid1	bw1	ew1	b1	e1	len1	tok1	s1	seq1	gid1	id2	first2	uid2	bw2	ew2	b2	e2	len2	tok2	s2	seq2	gid2	matches	score	ch_match	align_len	matches_percent	w_match	series_b1	series_b2
Shamela0000176-ara1.mARkdown.ms065	true	9143145298672525619	140	207	737	1121	1652	300	عبد السميع -بن عمر العباسي ببياض فلما بلغ ا------لي الدعاء قراه من رقعة وهو ال---------------------لهم صل علي عبدك ووليك ثمرة النبوة وسليل العترة الهادية المهدية عبد الله الامام معد ابي تمي-------م المعز لدين الله امير المءمنين كما صليت علي اباءه الطاهرين واسلافه الاءمة الراشدين ال--لهم ارفع درجته واعل كلمته واوضح حجته واجمع الامة علي طاعته والقلوب علي م-والاته وصحبته واجعل الرشاد في موافقته وورثه مشارق الارض ومغاربها	65	-9080523936259337219	Kraken210528115855-ara1.mARkdown.ms095	false	8188847139005509168	174	235	899	1220	1579	300	عبد السميع ابن عم- العباسي خطيب جامع مصر قد دعا علي المنبر في يوم الجمعة هذا للمعز فقال في دعاءه اللهم صل علي عبدك ووليك ثمرة النبوة ومعدن الفضل والامام--------ة عبد الله------- معد ابي تميم الامام المعز لدين الله-------------- كما صليت علي اباءه الطاهرين واسلافه المنتخبين من قبله اللهم اعنه ----------------------------------------------------------علي ما وليته وانجز له ما وعدته وملك-------------ه مشارق الارض ومغاربها	95	-2682575050765891394	192	249.5	154	422	45.49763107299805	26	Shamela0000176-ara1.mARkdown	Kraken210528115855-ara1.mARkdown
Shamela0000176-ara1.mARkdown.ms079	true	2889411518679046657	20	176	127	947	1618	300	وركب المعز---------- يوم الفطر لصلاة العيد الي مصلي القاهرة الذي بناه-------- جوهر وكان محمد بن احمد بن الادرع الحسيني قد بكر وجلس في المصلي تحت القبة-------- فجاء الخدم واقاموه واقعدوا موضعه ابا جعفر مسلم- واقعدوه--- دونه فكان ابو جعفر مسلم خلف المعز عن يمينه وهو يصلي واقبل المعز في زيه وبنوده وقبابه وصلي بالناس صلاة العيد صلاة تامة طويلة قرا في الاولي بام الكتاب و-هل اتاك حديث الغاشية ثم كبر بعد القراءة وركع فاطال وسجد فاطال قال ابن زولاق انا سبحت خلفه في كل ركعة وفي كل سجدة نيفا وثلاثين تسبيحة وكان القاضي النعمان بن محمد يبلغ عنه التكبير وقرا في الثانية بام الكتاب وسورة والضحي ثم كبر ايضا بعد القراءة وهي صلاة جده علي بن ابي طالب------------ واطال ايضا في الثانية الركوع والسجود وانا سبحت خلفه نيفا وثلاثين تسبيحة في كل ركعة وفي كل سجدة وجهر ببسم الله الرحمن الرحيم في كل سورة وانكر جماعة يتر-سمون بالعلم قراءته قبل التكبير لقلة علمهم وتقصيرهم في العلوم	79	-9080523936259337219	Kraken210528115855-ara1.mARkdown.ms090	false	-5735153968180377398	112	273	604	1446	1573	300	وركب المعز لدين الله يوم الفطر لصلاة العيد الي مصلي القاهرة التي بناها القاءد جوهر وكان محمد بن احمد بن الاذرع الحس-ني قد بكر وجلس في المصلي تحت القبة في موضع فجاء الخدم واقاموه واقعدوا موضعه ابا جعفر مسلما واقعدوه هو دونه وكان ابو جعفر مسلم خلف المعز عن يمينه وهو يصلي واقبل المعز في زيه وبنوده وقبابه وصلي بالناس صلاة العيد----- تامة طويلة قرا في الاولي بام الكتاب و هل اتاك حديث الغاشية ثم كبر بعد القراءة وركع فاطال وسجد فاطال-------------- انا سبحت خلفه في كل ركعة وفي كل سجدة نيفا وثلاثين تسبيحة وكان القاضي النعمان بن محمد يبلغ عنه التكبير وقرا في الثانية بام الكتاب -سورة والضحي ثم كبر ايضا بعد القراءة وهي صلاة جده علي بن ابي طالب عليه السلام واطال ايضا في الثانية الركوع والسجود -انا سبحت خلفه نيفا وثلاثين تسبيحة في كل ركعة وفي كل سجدة وجهر ببسم الله الرحمن الرحيم في كل سورة وانكر جماعات يتوسمون بالعلم قراءته قبل التكبير لقلة علمهم وتقصيرهم في العلوم	90	-2682575050765891394	790	1489.5	639	864	91.43518829345703	137	Shamela0000176-ara1.mARkdown	Kraken210528115855-ara1.mARkdown
Shamela0000176-ara1.mARkdown.ms079	true	2889411518679046657	169	300	905	1618	1618	300	قبل التكبير لقلة علمهم وتقصيرهم في العلوم فلما فرغ م------ن الصلاة صعد المنبر وسلم علي الناس يمينا وشمالا ثم نشر -البندين اللذين كانا علي المنبر فخطب وراءهما و---------كان في اعلي درجة -من المنبر وسادة ديباج مثقل فجلس عليها بين الخطبتين واستفتح الخطبة ب--بسم الله الرحمن الرحيم وكان معه علي المنبر------- جوهر وعمار -بن جعفر وشفيع صاحب المظلة ثم قال الله اكبر الله اكبر استفتح بذلك وخطب وابلغ وابكي الناس وكانت خطبته بخضوع وخش------وع فلما فرغ من خطبته انصرف في عساكره وخلفه اولاده الاربعة بالجواشن والخوذ علي الخيل باحسن زي وساروا بين يديه بالفيلين فلما حصل في قصره احضر الناس فاكلوا------------------ ونشطهم الي الطعام وعتب علي من تاخر وتهدد من بلغه عنه صيام العيد ورد ا--------------------------------لي ابي سعيد عبد الله بن ابي ثوبان احكام المغاربة ومظالمهم وتحاكم اليه جماعة من المصريين فحكم-	79	-9080523936259337219	Kraken210528115855-ara1.mARkdown.ms091	false	4423478380178011006	3	138	14	746	1576	300	قبل الت------------------------------كبير فلما فرغ المعز من الصلاة صعد المنبر وسلم علي الناس يمينا وشمالا ثم نشر بالبندين اللذين كانا علي المنبر فخطب وراءهما علي رسمه وكان في اعلي درجة علي المنبر وسادة ديباج مثقل فجلس عليها بين الخطبتين واستفتح الخطبة بالبسملة و-----------------كان معه علي المنبر القاءد جوهر وعمار ابن جغفر وشفيع صاحب المظلة ثم قال الله اكبر الله اكبر استفتح بذلك وخطب وابلغ وابكي الناس وكانت خطبة ب-------خشوع وخضوع فلما فرغ--------- انصرف في عساكره وخلفه اولاده الاربعة بالجواشن والخوذ علي الخيل باحسن زي وساروا بين يديه بالفيلين فلما حصل في قصره احضر الناس فاكلوا وقدمت اليهم السمط ونشطهم الي الطعام وعتب علي من تاخر وتهدد من بلغه عنه صيام العيد وفي شوال رد احكام المغاربة ومظالمهم الي ابي سعيد عبد الله بن ابي ثوبان فاقام مد يحكم بينهم ثم --تحاكم اليه جماعة من المصريين فحكم	91	-2682575050765891394	609	1092.0	494	797	76.41154479980469	100	Shamela0000176-ara1.mARkdown	Kraken210528115855-ara1.mARkdown
Shamela0000176-ara1.mARkdown.ms080	true	4048201995575392670	1	151	6	786	1585	300	-وسجل فكان شهود مصر يشهدون عنده ويشهدون علي احكامه ولم ير هذا بمصر قبل ذلك واستخلف ابو سعيد احمد بن محمد الدوادي ومنع المعز من النداء بزيادة النيل والا يكتب بذلك الا اليه والي جو-------هر فلما تم اباح النداء يعني لما تم ست عشرة ذراعا وخلع علي ج-------وهر خلعة مذهبة وعمامة حمراء وقلده سيفا وقاد بين يديه عشرين فرسا مسرجة ملجمة وحمل بين يديه خمسين الف دينار وماءتي الف درهم وثمانين تختا من ثياب وركب المعز الي المقس واشرف علي اسطوله وقرا عليه وعوذه وخلفه ج-------وهر والقاضي النعمان-------- ووجوه اهل البلد ثم عاد الي قصره وضربت اعناق جماعة عاثوا بنواحي القرافة وفي ذي القعدة احترق سوق القاهرة واعيد وركب المعز لكسر --خليج القاهرة فكسر بين يديه و--سار علي ش--ط الني---------------------ل ومر علي سطح الجرف وعطف علي بركة الحبش ثم علي الصحراء الي الخندق الذي حفره جوهر في موكب عظيم وخلفه وجوه اهل البلد و-----ابو جعفر احمد بن نصر ----------يعرفه بالمواضع	80	-9080523936259337219	Kraken210528115855-ara1.mARkdown.ms091	false	4423478380178011006	149	281	799	1478	1576	300	ويسجل وكان شهود مصر يشهدون عنده ويشهدون علي احكامه ولم ير هذا بمصر قبل هذا الوقت-------------------------------- ومنع المعز من النداء بزيادة النيل والا يكتب بذلك الا اليه والي القاءد جوهر فلما تم اباح النداء-------------------------- وخلع علي القاءد جوهر خلعة مذهبة وعمامة حمراء وقلده سيفا وقاد بين يديه عشرين فرسا مسرجة ملجمة وحمل بين يديه خمسين الف دينار وماءتي الف درهم وثمانين تخت---- ثياب وركب ال------ي المقس فاشرف علي اسطوله وقرا عليه وعوذه وخلفه القاءد جوهر والقاضي النعمان بن محمد ووجوه اهل البلد قال ابن زولاق في كتاب سيرة المعز لدين الله------------ وفي ذي ال-------------------------قعدة ركب المعز لكسر الخليج فكسي-------ر بين يديه ثم سار علي شاطء النيل حتي بلغ الي بني واءل ومر علي سطح الجرف------------------------------------------------------------- في موكب عظيم وخلفه وجوه اهل الدولة ومعه ابو جعفر احمد بن نصر يسير معه ويعرفه بالمواضع	91	-2682575050765891394	539	889.0	430	852	63.262908935546875	88	Shamela0000176-ara1.mARkdown	Kraken210528115855-ara1.mARkdown
Shamela0000176-ara1.mARkdown.ms080	true	4048201995575392670	167	243	871	1280	1585	300	وفي يوم عرفة نصب المعز الشمسة التي عملها للكعبة علي ايوان قصره وسعتها اثنا عشر شبرا في مثله--------ا وارضها ديباج احمر ودورها اثنا عشر هلال- ذهب وفي كل هلال اترجة ذهب مشبك جوف كل اترجة خمسون درة------ كبيض الحمام وفيها الياقوت الاحمر والاصفر والازرق وفي دورها مكتوب ايات الحج بزمرد اخض-------ر وحشو الكتابة در كبار لم ير مثله وحشو الشمسة المسك المسحوق فراها الناس في القصر ومن خارجه----- لعلو موضعها و-----نصبها عدة فراشين وجروها لثقل وزنها	80	-9080523936259337219	Kraken210528115855-ara1.mARkdown.ms092	false	1289739438391107157	23	106	105	545	1557	300	وفي يوم عرفة نصب المعز الشمسة التي عملها للكعبة علي ايوان قصره وسعتها اثنا عشر شبرا في اثني عشر شبرا وارضها ديباج احمر ودورها اثنا عشر هلالا ذهبا في كل هلال اترجة ذهب مشبك جوف كل اترجة خمسون درة كبارا كبيض الحمام وفيها الياقوت الاحمر والاصفر والازرق وفي دورها كتابة ايات الحج -زمرد اخضر قد فسر وحشو الكتابة در كبار لم ير مثله وحشو الشمسة المسك المسحوق فراها الناس في القصر ومن خارج القصر لعلو موضعها وانما نصبها عدة فراشين وجروها لثقل وزنها	92	-2682575050765891394	397	739.5	322	441	90.02267456054688	67	Shamela0000176-ara1.mARkdown	Kraken210528115855-ara1.mARkdown
Shamela0000176-ara1.mARkdown.ms081	true	-3197528107311129142	14	235	81	1231	1559	300	لصلاة عيد النحر في عساكره وصلي كما ذكر في صلاة الفطر من القراءة والتكبير وطول الركوع والسجود وخطب وانصرف في زيه فلما وصل الي القصر- اذن للناس عامة فدخلوا والشمسة منصوبة علي حالها فلم يبق احد حتي دخل من اهل مصر والشام والعراق فذكر اهل العراق واهل خراسان ومن يواصل الحج انهم لم يرو- قط مثل هذه الشمسة وذكر اصحاب الجوهر ووجوه التجار انه لا قيمة لما فيها وان شمسة بني العباس كان اكثرها مصنوعا ومن شبه وان مساحتها مثل ربع هذه وكذلك كانت شمسة كافور التي عملها لمولاه اونوجور بن الاخشيد وكان يسير بها الي الحرم جعفر بن محمد الموسوي ثم ابنه ابو الحسين ثم بعده ابنه مسلم ثم ابو تراب بعد اخيه الي ان اخذها القاءد جوهر من ا-بي تراب وامر المعز للناس بالطعام فاكلوا وورد الخبر بوصول اسطول القرامطة الي تنيس في البحر فكانت بينهم وبين اهل تنيس حرب انهزم فيها اصحاب القرامطة واخذ منهم عدة مراكب واسر طاءفة منهم وان اسكر نهبت فعظم ذلك علي المعز واشتد خوف الناس في المقابر حتي كانوا يصلون علي الجناءز ولا يتبعونها ويمضي بها الحفارون فانكر المعز ذلك وامن الناس ولثماني عشرة من ذي الحجة وهو يوم --غدير خم تجمع خلق من اهل مصر والمغاربة للدعاء فاعجب المعز ذلك و---------كان هذا اول ما عمل عيد الغدير بمصر وقد----------------------------م من تنيس------- ماءة وثلاثة وسبعون رجلا اساري وعدة رءوس ومعهم اعلام القرامطة منكوسة	81	-9080523936259337219	Kraken210528115855-ara1.mARkdown.ms092	false	1289739438391107157	108	259	551	1324	1557	300	لصلاة عيد النحر في عساكره وصلي كما تقدم------------------------------------------------------------------------ فلما وصل الي --قصره اذن للناس عامة فدخلوا والشمسة منصوبة علي حالها ولم يبق احد حتي دخل من اهل مصر والشام -العراق فذكروا------------------------------------ انهم لم يروا قط مثل هذه الشمسة وذكر اصحاب الجوه-------------ر انه لا قيمة ل-----ها وان شمسة بني العباس كان اكثرها مصنوعا ومن شبه وان مساحتها مثل ربع هذه وكذلك كانت شمسة كافور الذي عملها لمولاه ا-نوجور و-----------كان يسير بها الي الحرم جعفر بن محمد الموسوي ثم ابنه ابو الحسين ثم بعده ابنه مسلم ثم ابو تراب بعد اخيه الي ان اخذها القاءد جوهر من البي تراب وامر المعز للناس بالطعام فاكلوا ووص------------------ل القرامطة الي تنيس فحاربهم اهلها وفي ثامن عشر--------------------------------------------------------------------------------------------------------------------------------------------------------------------------------------------------------------------------------------------- ذي الحجة وهو يوم الغدير--- تجمع خلق من اهل مصر والمغاربة للدعاء فاعجب المعز ذلك من فعلهم وكان هذا اول ما عمل----------- بمصر وقدم الاساري من القرامطة جاء بهم من تنيس وعدتهم ماءة وثلاثة وسبعون رجلا---------------- ومعهم اعلام القرامطة منكوسة	92	-2682575050765891394	690	1196.5	551	1199	57.54795837402344	122	Shamela0000176-ara1.mARkdown	Kraken210528115855-ara1.mARkdown
Shamela0000176-ara1.mARkdown.ms082	true	5444594918142479999	175	300	994	1702	1702	300	الاعمال ابا الفرج يعقوب بن يوسف الوزير وعسلوج بن الحسن وكتب لهم-----ا بذلك سجلا قرء يوم الجمعة علي منبر جامع احمد بن طولون وقبضت ايدي ساءر العمال والمتضمنين وجلسا--- غد هذا اليوم في دار الامارة في جامع احمد بن طولون للنداء علي الضياع وساءر وجوه الاموال وحضر الناس للقبالات وطالبوا بالبقايا من الاموال مما علي المالكين والمتقبلين والعمال واستقصيا في الطلب ونظرا في المظالم وفيه -----------------------------------------------------------تبسطت المغاربة في نواحي القرافة والمعافر فنزلوا في الدور واخرجوا الناس من دورهم ونقلوا السكان وشرعوا في السكني في المدينة وكان المعز--- امرهم ان يسكنوا في اطراف المدينة فخرج الناس واستغاثوا الي المعز فامر ان يسكنوا نواحي عين شمس وركب المعز بنفسه حتي شاهد المواضع التي ينزلون فيها وامر لهم بما- يبنون به وهو الموضع الذي يعرف اليوم بالخندق-------- وخندق-	82	-9080523936259337219	Kraken210528115855-ara1.mARkdown.ms093	false	-3165351493890440835	0	132	0	734	1622	300	الاعمال ابا الفرج يعقوب بن يوسف بن كلس وعسلوج بن الحسن وكتب لهما سجلا بذلك----- قرء يوم الجمعة علي منبر جامع ا----بن طولون وقبضت ايدي ساءر العمال والمتضمنين وجلسا في غد هذا اليوم في دار الامارة في جامع ا----بن طولون للنداء علي الضياع وساءر وجوه الاموال وحضر الناس للقبالات وطالبوا بالبقايا من الاموا------------------------------------ل واستقصيا في الطلب ونظرا في المظالم قال ابن زولاق في كتاب سيرة الامام المعز لدين الله ومن خطه نقلت وتبسطت المغاربة في نواحي القرافة والمعافر ونزلوا في الدور واخرجوا الناس من دورهم ونقلوا السكان وشرعوا في السكني في المدينة وكان المعز قد امرهم ان يسكنوا--- اطراف المدينة فخرج الناس واستغاثوا الي المعز فامر ان يسكنوا نواحي عين شمس وركب المعز بنفسه حتي شاهد المواضع التي ينزلون فيها وامر لهم بمال يبنون به وهو الموضع المعرو--ف اليوم بالخندق والحفرة وخندق	93	-2682575050765891394	638	1169.0	525	788	80.96446990966797	103	Shamela0000176-ara1.mARkdown	Kraken210528115855-ara1.mARkdown
Shamela0000176-ara1.mARkdown.ms083	true	-8857662479775272918	204	300	1115	1610	1610	300	ابن عم للمعز ف-----------صلي عليه المعز وكبر------------------- سبعا وكبر علي غيره- خمسا وهذا مذهب علي بن ابي طالب انه يكبر علي الميت علي قدر منزلته ومات اسحاق بن موسي طبيب المعز فجعل موضعه اخاه اسماعيل بن موسي وامتنع يعقوب------- وعسلوج----------------- ان ياخذ في الاستخراج الا دينارا معزيا فاتضع الدينار الراضي وانحط-------------------- ونقص من صرفه اكثر من ربع دينار فخس-ر الناس------ من اموالهم و----------------------------------كان صرف المعزي خمسة عشر درهما ونصف-- واشتد الاستخراج واكد المعز فيه ليرد ما انفقه من امواله علي مصر لانه قدم ----مصر يظن ان الاموال مجتمعة فوجدها قد فرقتها مءن مصر وكثرة عساكرها وكان-	83	-9080523936259337219	Kraken210528115855-ara1.mARkdown.ms093	false	-3165351493890440835	183	283	1015	1538	1622	300	ابن عم للمعز فخرج المعز وصلي عليه وعلي رجل اخر وكبر علي ابن عمه سبعا و----علي الرجل خمسا وهذا مذهب علي بن ابي طالب انه يكبر علي الميت علي قدر منزلته ولما جلس------------------------------------------------------------ يعقوب بن كلس وعسلوج للاستخراج امتنعا ان ياخذا------------ الا دينارا معزيا فاتضع الدينار الراضي وانحط الي نحو ثلثيي دينار ونقص من صرفه اكثر من ربع دينار فخسير الناس كثيرا من اموالهم في الدينار الابيض والدينار الراضي وكان صرف المعزي خمسة عشر درهما صفااةا واشتد الاستخراج لكثرة-------------- ما انفقه المعز ----علي مصر لانه قدم الي مصر يظن ان الاموال مجتمعة فوجدها قد فرق-ها مون مصر وكثرة عساكرها وكان	93	-2682575050765891394	363	564.0	288	618	58.73786544799805	59	Shamela0000176-ara1.mARkdown	Kraken210528115855-ara1.mARkdown
Shamela0000176-ara1.mARkdown.ms083	true	-8857662479775272918	0	39	0	213	1610	300	العبيد وجعل لهم واليا وقاضيا واسكن اكثرهم في المدينة مخالطين لاهل مصر ولم يكن------- جوهر يبيحهم سكني المدينة ولا المبيت فيهان وحظر ذلك عليهم وكان مناديه ينادي كل عشية لا يبينم في المدينة احد من المغاربة وفي يوم عاشوراء	83	-9080523936259337219	Kraken210528115855-ara1.mARkdown.ms093	false	-3165351493890440835	132	173	734	953	1622	300	العبيد وجعل لهم واليا وقاضيا و سكن اكثرهم في المدينة مخالطين لاهل مصر فلم يكن القاءد جوهر يبيحهم سكني المدينة ولا المبيت فيها- وحظر ذلك عليهم وكان مناديه ينادي كل عشية لا يبيتن في المدينة احد من المغاربة وفي يوم عاشوراء	93	-2682575050765891394	208	399.0	169	220	94.54545593261719	34	Shamela0000176-ara1.mARkdown	Kraken210528115855-ara1.mARkdown
Shamela0000176-ara1.mARkdown.ms084	true	1480137440402436688	21	142	96	728	1544	300	الي مصر اكياسا فارغة انفق ما كان فيها في اربعة اعدال علي جملين وكد يعقوب وعسلوج انفسهما في الاستخراج فاستخرج في يوم نيف وخمسون الف دينار- معزية و----كان استخراجا بغير براءة ولا خرج ولا حوالة واستخرج في يوم ماءة وعشرون الف دينار معزية و----في يوم اخر م-ن مال تنيس ودمياط والاشمونين اكثر من ماءتي الف وعشرين الف دينار وهذا لم يسمع بمثله قط في بلد الا ان في ايام العزيز استخرج خير بن القاسم وعلي بن عمر العداس وعبد الله بن خلف المرصدي في ثلاثة ايام ماءتي الف دينار وعشرين الف دينار عزيزية منها في اول يوم اربعة وسبعين الف دينار والباقي في يومين وذلك في سنة اربع وسبعين وثلاثماءة وفي شهر ربيع الاخر كثر الارجاف بالقرامطة وانتشارهم في اعمال الشام	84	-9080523936259337219	Kraken210528115855-ara1.mARkdown.ms094	false	7413848440278027794	0	71	0	374	1651	300	الي مصر اكياسا فارغة انفق ما كان فيها في اربعة اعدال علي حملين فكان يستخرج -------------في ال-------------------يوم نيف وخمسون الف دينارا معزية لانه كان استخراجا بغير براءة ولا خرج ولا حوالة واستخرج في يوم ماءة وعشرون الف دينار معزية وحصل في يوم واحد من مال تنيس ودمياط والاشمونين اكثر من ماءتي الف وعشرين الف دينار وهذا لم يسمع بمثله قط في بلد وفي------------------------------------------------------------------------------------------------------------------------------------------------------------------------------------------------------------------------------------------- ربيع الاول-كثر الارجاف بالقرامطة وانتشارهم في اعمال الشام	94	-2682575050765891394	341	615.0	275	642	53.115264892578125	60	Shamela0000176-ara1.mARkdown	Kraken210528115855-ara1.mARkdown
Shamela0000176-ara1.mARkdown.ms135	true	8041221372971854318	0	49	0	258	1628	300	كبارا ووجد سراويل فيه خمس شقاق واخر--------- قطع من ثماني شقاق دبيقي وفيه هلك رسول ملك الروم فسيره المعز في تابوت الي بلد الروم وركب المعز لكسر الخليج وفيها منع المعز من وقود النيران ليلة النيروز في السكك ومن صب الماء يوم النوروز وكثر- الارجا-ف بمسير الروم الي انطاكية	135	-9080523936259337219	Kraken210528115855-ara1.mARkdown.ms094	false	7413848440278027794	236	273	1301	1497	1651	300	كبيرا ووجد سراويل فيه خمس شقاق ثم وجد سراويل قطع من ثماني شقاق دبيقي قال ابن زولاق و-------------------------------------------------------------------------منع المعز من وقود النيران ليلة النوروز في السكك ومن صب الماء يوم النوروز وكثرت الاراجيف بمسير الروم الي انطاكية	94	-2682575050765891394	163	279.0	130	269	60.59479522705078	27	Shamela0000176-ara1.mARkdown	Kraken210528115855-ara1.mARkdown
Shamela0000176-ara1.mARkdown.ms144	true	440352181096582327	253	300	1407	1657	1657	300	عبد العزيز -بن عمر العباسي علي منبر الجامع العتيق بعد ان دع-----------------------------ا للمعز فقال ال---------لهم صل علي عبدك ووليك ثمرة النبوة ومعدن الفضل والامامة عبد الله معد ابي تميم الامام المعز لدين الله كما صليت علي اباءه الطاهرين واسلافه المنتخبين من قبله اللهم اعنه علي ما وليته-	144	-9080523936259337219	Kraken210528115855-ara1.mARkdown.ms095	false	8188847139005509168	174	227	899	1175	1579	300	عبد السميع ابن عم- العباسي خطيب ------جامع مصر قد------- دعا علي المنبر في يوم الجمعة هذا للمعز فقال في دعاءه اللهم صل علي عبدك ووليك ثمرة النبوة ومعدن الفضل والامامة عبد الله معد ابي تميم الامام المعز لدين الله كما صليت علي اباءه الطاهرين واسلافه المنتخبين من قبله اللهم اعنه علي ما وليته	95	-2682575050765891394	221	390.5	179	290	76.20689392089844	35	Shamela0000176-ara1.mARkdown	Kraken210528115855-ara1.mARkdown
Shamela0000176-ara1.mARkdown.ms145	true	3780669933164135590	0	57	0	312	1553	300	وانجز له ما وعدته وملكه مشارق الارض ومغاربها واشدد اللهم ازره واعز نصره بالامير نزار ابي المنصور ولي عهد المسلمين ابن امير المءمنين الذي جعلته القاءم بدعوته والقاءم بحجته اللهم اصلح به العباد ومهد لديه البلاد وانجز له به ما وعدته انك لا تخلف الميعاد وتوفي------------------------- المعز لدين الله عشية هذا اليوم ليلة السبت السادس عشر من	145	-9080523936259337219	Kraken210528115855-ara1.mARkdown.ms095	false	8188847139005509168	227	286	1175	1500	1579	300	وانجز له ما وعدته وملكه مشارق الارض ومغاربها واشدد اللهم ازره واعز نصره بالامير نزار ابي المنصور ولي عهد المسلمين ابن امير المءمنين الذي جعلته القاءم بدغوته والناطق بحجته اللهم اصلح به العباد ومهد لديه البلاد وانجز له به ما وعدته انك لا تخلف الميعاد العزيز بالله ابو منصور نزار بن المعز ولد بالمه--دية يوم الخميس الرابع---------- عشر من	95	-2682575050765891394	272	495.0	220	337	80.71216583251953	46	Shamela0000176-ara1.mARkdown	Kraken210528115855-ara1.mARkdown
Shamela0000176-ara1.mARkdown.ms150	true	-4533114565226928392	7	193	35	951	1519	300	ربيع الاخر سنة خمس وستين وثلاثماءة ومن كتاب ابن مهذب سمعت مولانا العزيز يقول----------------------------------------------------------------------------------------------------------------------------------------------------------------------------------------------------------------------------------------------------------------------------------------------------- خرج مولانا المعز يوما بمصر يمشي في قصره وانا واخي تم--يم وعبد الله وعقيل نمشي---- خلفه---- فخطر ببالي ان قلت تري بصير هذا الامر الي او الي ------------اخي عبد الله او الي اخي تميم وان صار الي تري امشي هكذا وهءلاء حولي قال وانتهي مولانا المعز الي حيث اراد ووقفنا بين يديه وانصرفت الجماعة واراد -لانصراف فقال لا تبرح يا نزار فوقفت حتي اذا لم يبق احد بين يديه غيري استدناني وقال بحياتي يا نزار اذا سالتك عن شء تصدقني قلت نعم يا مولانا -قال التفت اليك فرايتك وقد اعجبتك نفسك وانت تنظر الي والي نفس-ك والي اخ-وتك وانا اسارقك النظر وانت لا تعلم فقلت في نفسك تري هذا الامر بصير ال------ي واخوتي حولي قال فاحمر وجهي ودنوت منه فقبلت بين يديه وقلت وقد غلبني البكاء--- يجعل الله جميعنا فداك فقال دع عنك ه----ذا كان كذا قلت نعم يا مولانا فكيف عرفته قال حزرته عليك ثم لم اجد نفسي تسامحني في اعجابك بنفسك علي شء سوي هذا الامر فهو صاءر اليك فاحسن الي اخوتك واهلك خار الله لك ووفقك وقد تقدم ان	150	-9080523936259337219	Kraken210528115855-ara1.mARkdown.ms096	false	7053678577983438775	2	224	7	1148	1587	300	ربيع الاخر سنة خمس وستين و--------------------------------------------------ثلاثماءة وتوفي وهو مبرز ببلبيس بعد الظهر من يوم الثلاثاء الثامن وعشرين من شهر رمضان سنة ست وثمانين وثلاثماءة وله اثنان واربعون سنة وثمانية اشهر واربعة عشر يوما وكانت خلافته احدي وعشرين سنة وخمسة اشهر وخمسة عشر يوما وكان عفيفا عن سفك الدماء محبا للصيد والركوب حسن الخلق متمكن العفو حدث ان المعز خرج ي-------------وما بجصر يمشي في قصره و-هو واخوته تميم وعبد الله وعقيل يمشون من خلفه قال فخطر ببالي ان قلت ثري يصير هذا الامر الي او الي اخي تميم او اخي عبد الله ف----------------ان صار الي تري امشي هكذا وهءلاء حولي قال وانتهي مولانا المعز الي حيث اراد ووقفنا بين يديه وانصرفت الجماعة واراد الانصراف فقال لا تبرح يان-زار فوقفت حتي اذا لم يبق احد بين يدي- غيري استذناني وقال بحياتي يا-نزار---- سالتك عن شء تصدقني قلت نعم يا مولانا فقال التفت اليك فرايتك وقد اعجبتك نفسك وانت تنظر الي والي نفسيك والي اخحوتك وانا اسارقك النظر وانت لا تعلم فقلت في نفسك تري-هذا الامر يصير الي فامشي واخوتي حولي قال فاحمر وجهي ودنوت منه فقبلت يد----يه وقلت وقد غلبني البكاء بل يجعل الله جميعنا فداك فقال دع عنك هذا كذا---- كان قلت نعم يا-مولانا فكيف عرفته قال حزرته عليك--- لم اجد نفسي تسامحني في اعجابك بنفسك علي شء سوي هذا الامر وهو صاءر اليك فاحسن الي اخوتك واهلك خار الله لك ووفقك وقال -------	96	-2682575050765891394	785	1250.5	625	1248	62.90064239501953	139	Shamela0000176-ara1.mARkdown	Kraken210528115855-ara1.mARkdown
Shamela0000176-ara1.mARkdown.ms171	true	5822685225380377899	124	260	697	1446	1656	300	اخت كاتب- السيدة العزيزية الي زوجها بلتكين التركي و---------------معها -----جهاز --------بماءة الف دينار سوي صناديق محملة علي---- ثلاثين بغلا وعمل له- صنيع ذبح فيه عشرون الف حيوان ما بين كبش وخروف وجدي واوزة ودجاجة وفروج ونزلت اليه في عشرين قبة وخلع عليه وحمل واقامت عند-------------------------------------------ه خمسة اشهر واحد عشر يوما ومات وفي رجب كان عيد الصليب فمنع العزيز من الخروج الي بني واءل وضبط الطرقات والدروب فانه كان يظهر فيه من المنكرات والفسوق ما يتجاوز الوصف وبعث العزيز الي منجوتكين انعاما بماءة الف دينار وكان المهرجان فسير اليه ايضا هدايا واهدي خواص الدولة الي العزيز في المهرجان وفي ليلة النصف من شعبان كان الاجتماع بجامع القاهرة وفي رمضان صلي العزيز الجمع وخطب بجامعه وعليه طيلسان وبيده القضيب وفي رجله الحذاء وصلي ايضا بجامع القاهرة وخطب واعتل منصور بن العزيز فتصدق العزيز علي الفقراء بعشرة الاف دينار	171	-9080523936259337219	Kraken210528115855-ara1.mARkdown.ms097	false	-3180754362844903312	117	193	600	985	1588	300	اخت كاتبه السيدة العزيزية الي زوجها ك---ين التركي والي دمشق فحملت معها من الجهاز ما مبلغه ماءة الف دينار سوي صناديق لم فتح يحملها ثلاثون بغلا وعمل لها صنيع ذبح فيه عشرون الف راس-- ما بين كبش وخروف وجدي -اوزة ودجاجة وفروج ونزلت اليه في عشرين قبة وخلع عليه وحمل ودخل بها ولم يقم غير ايام واعتل ثم مات فكان مقامها معه خمسة اشهر واحد عشر يوما وا---------------------------------------------------------------------------------------------------------------------------------------------------------------------------------------------------------------------------------------------------------------------------------------------------------------------------------------------------------------------------------------------------------------------------------------عتل منصور بن العزيز فتصدق العزيز------------ بعشرة الاف دينار	97	-2682575050765891394	283	469.0	226	826	34.26150131225586	45	Shamela0000176-ara1.mARkdown	Kraken210528115855-ara1.mARkdown
Shamela0000176-ara1.mARkdown.ms173	true	3430953247078556804	42	108	233	578	1623	300	ما يعجب منه وهو ان اللحم ابيع في اول ربيع الاول رطل ونصف بدرهم ثم ابيع في سادسه عشر اواقي بدرهم ثم ابيع------ اربعة ارطال بدرهم ولحم البقر ستة ارطال بدرهم والخبز السميذ اثنا عشر رطلا بدرهم وما دونه سبعة عشر رطلا بدرهم و-----الدراهم كل----- خمسة عشر درهما ونصف بدينار وبلغت-------- القطع الدراهم سبعة وسبعين درهما بدينار ثم وصلت كل ماءة درهم منها بدينار واضطربت الاسعار	173	-9080523936259337219	Kraken210528115855-ara1.mARkdown.ms097	false	-3180754362844903312	237	300	1253	1588	1588	300	ما يعجب منه وهو ان ا-لحم -بيع في الخامس منه---- رطل ونصف بدره---م وبيع في سادسه عشر اواق- بدرهم وبيع في سابعه اربعة ارطال بدرهم ولحم البقر ستة ارطال بدرهم والخبز السميذ اثنا عشر رطلا بدرهم وغير---ه سبعة عشر رطلا بدرهم وكانت الدراهم القروية خمسة عشر درهما ونصف بدينار وبلغت الدراهم القطع من س-----بعة وسبعين درهما بدينار الي------- ماءة درهم----- بدينار واض-ربت --اسعار-	97	-2682575050765891394	283	451.5	227	369	76.69376373291016	42	Shamela0000176-ara1.mARkdown	Kraken210528115855-ara1.mARkdown
Shamela0000176-ara1.mARkdown.ms180	true	2292725492338694447	156	297	813	1569	1581	300	واخذ العزيز لما بلغه مسير ملك الروم الي بلاد الشام في التاهب------- للمسير و----------اطلق خمسين الف دينار لابتياع ما يحتاج اليه وا---خرج للكتاميين اربعة الاف فرس وامر ان يشتري لهم الف فرس اخري واخرج الف--------------------------------------------------------------------ازة الكبيرة------- وهي بعمود واحد طوله اربعة واربعون ذراعا وفتح الفلكة التي علي راسه سبعة عشر شبرا وطول ثيابها خمسون ذراعا وفي راسها صفرية فضة زنتها سبعة عشر الف درهم ويحمل هذه الفازة سبعون بختيا وقرء سجل في الاسواق بالنفير فاضطربت البلد ووصلت هدية من الهند فيها شجرة عود رطب وظهر بمصر من الوطواط شء كثير واجتمع من الرعية وطواءف الناس بالسلاح للسفر مع العزيز الوف كثيرة وخرج جيش ابن الصمصامة في عسكر كبير الي الشام وسير لابن الجراح خمسون الف دينار ولمنجوتكين ماءة الف وخمسون الف دينار وخرج العزيز------------ بساءر العساكر الي منية الاصبغ في عاشر رجب فاقام---------- شهرا ثم رجع الي منا جعفر وقتل هناك	180	-9080523936259337219	Kraken210528115855-ara1.mARkdown.ms098	false	779061468541021360	62	177	355	982	1669	300	--------------------------------------------------------تاهب العزيز للمسير الي الشام فاطلق خمسين الف دينار لابتياع كراع بسبب المسير واخرج للكتاميين اربعة الاف فرس وامر ان تشتري لهم الف---- اخري وسار جمع كثير من الاتراك والعزيزية والعبيد في سلاح كثيرة ومالي جزيل ونصبت الفازة الكبيرة للعزيز وهي بعمود واحد طوله اربعة واربعون ذراعا وفتح الفلكة التي علي راسه سبعة عشر شبرا وطول ثيابها خمسون ذراعا وفي راسها صفرية فضة زنتها سبعة عشر الف درهم وتحمل هذه الفازة سبعون جملا من البخاتي وسار-------------------------------------------------------------------------------------------------------------------------------------------------------------------- جيش ب-ن الصحصامة بع--سكر كبير الي الشام وسير لابن الجراح خمسين الف دينار ولمنجوتكين ماءة---- وخمسين الف دينار وخرج العزيز في عاشر رجب بساءر العس-كر الي منية الاصبغ------------ فاقام في الفازة شهرا ثم رجع الي منا جعفر ومعه من --	98	-2682575050765891394	454	747.5	368	873	52.004581451416016	69	Shamela0000176-ara1.mARkdown	Kraken210528115855-ara1.mARkdown
Shamela0000176-ara1.mARkdown.ms181	true	7963016474570850899	173	248	960	1377	1665	300	وفي نصف شوال ماتت---------------- ام ولد العزيز وزوجته ب---منا جعفر فحملت الي القصر وصلي عليها العزيز وكفنها بما مبلغه عشرة الاف دينار واخذت الغاسلة ما كان تحتها من الفرش وعليها من الثياب فكان مبلغ ما نالها ستة الاف دينار ودفع الي الفقراء------------- الفا دينار و-----للقراء الذين قراو--ا علي قبرها ثلاثة الاف دينار ورثاها جماعة من الشعراء فاجيزوا ففيهم من كانت جاءزته --خمسماءة دينار ورجع العزيز الي مضاربه واقامت ابنتها-------- علي قبرها شهرا تقيم العزاء والعزيز	181	-9080523936259337219	Kraken210528115855-ara1.mARkdown.ms098	false	779061468541021360	217	297	1206	1653	1669	300	وفي نصف شوا توفيت السيدة العزيزية ام ولد العزيز بالمخيم في منا جعفر فحملت الي القصر وصلي عليها العزيز وكفنت- بما مبلغه عشرة الاف دينار واخذت الغاسلة ما كان تحتها من الفرش وعليها من الثياب فكان مبلغ ذلك----- ستة الاف دينار ودفع الي الفقراء في سبعة ايام الفا -ينار واعطي للقراء الذين قراوانا علي قبرها ثلاثة الاف دينار ورثاها جماعة من الشعراء فاطلقت هم الجواءز واجيز بعضهم بخمسماءة دينار ورجع العزيز الي مضاربه واقامت ابنتها المناحة علي قبرها شهرا------------ والعزيز	98	-2682575050765891394	355	598.0	290	466	76.18025970458984	55	Shamela0000176-ara1.mARkdown	Kraken210528115855-ara1.mARkdown
Shamela0000176-ara1.mARkdown.ms182	true	-3854027432662336111	213	300	1138	1622	1622	300	رمضان فاستدعي القاضي محمد بن النعمان والحسين بن عمار لليلتين بقيتا منه وخاطبهما في امر ولده ثم استدعي ولده وخاطبه ثم توفي من يومه بين صلاتي الظهر والعصر من مرض القولنج والحصاة في مسلخ الحماد ببلبيس فلم يكتم موته ورحلت------- سيدة الملك ابنة العزيز في- الليل------------------- وسار بمسيرها القيصرية لانهم كانوا برسمها ومع---------هم القاضي محمد بن النعمان وريدان صاحب المظلة وابو سعيدا ميمون دبة فوافوا القاهرة واقيم الماتم والصياح بالقصر وضبط الناس احسن ضبط فلم يتحرك احد--------- ولم يبق شارع ولا زقاق الا ---وفيه --صراخ ونحيب وبادر-	182	-9080523936259337219	Kraken210528115855-ara1.mARkdown.ms099	false	-3048715136240550904	90	171	470	908	1593	300	رمضان -استدعي القاضي محمد بن النغمان والحس-ن بن ععار وخ------------------اطبهما في امر ولده ثم استدعي ولده وخاطبه ثم توفي من يومه بعد------ الظهر------------------------------ في مسلخ الحمام ببلبيس فلم يكتم موته ووصلت السيدة سيدة الملك ابنة العزيز نصف الليل الي القصر بالقاهرة وسار بمسيرها الق-صرية لانهم كانوا برسمها ودخل في جملتهم القاضي محمد بن النعمان وريدان صاحب المظلة وابو سعيد- ميمون دب---------------ة واقيم الماتم --------بالقصر وضبط البلد فلم ينطق---------- احد ولا تحرك ولم ييق شارع ولا زقاق الا سمع فيه الصراخ------ وبادر	99	-2682575050765891394	361	568.5	291	535	67.47663879394531	50	Shamela0000176-ara1.mARkdown	Kraken210528115855-ara1.mARkdown
Shamela0000176-ara1.mARkdown.ms183	true	652763885994854827	0	113	0	597	1615	300	برجوان الي ابي علي --منصور بن العزيز فاذا هو علي شجرة--- جميز يلعب في دار ببلبيس فقال له بسك تلعب انزل فقال له ما انزل والله الساعة فقال له انزل ويحك ا-----لله فينا وفيك وانزله ووضع علي راسه العمامة بالجوهر--------- وقبل له الارض وقال السلام علي امير المءمنين ورحمة الله وبركاته واخرج به ال------ي الناس--------------- فقبل جميعهم له الارض وسلموا عليه بالخلافة وخرج الناس من الغد---------- للقاءه ف--------------------------دخل الي القاهرة وبين يديه البنود والبوقات ب---------المظلة يحملها ريدان والعساكر كلها معه والعزيز------ بين يديه علي عمارية وقد خرج قدماه منها ونودي في البلد لا مء-نة ولا كلفة وقد امنكم الله علي انفسكم فمن عارضكم او خاطبكم فقد حل دمه ومال------ه وتولي -----------القاضي اب-----ن النعمان	183	-9080523936259337219	Kraken210528115855-ara1.mARkdown.ms099	false	-3048715136240550904	171	299	908	1589	1593	300	برجوان الي الي علي المنصور بن العزيز فاذا هو علي شجرة من جميز يلعب في دار -بلبيس فقال له بسك تلعب انزل فقال له ما انزل والله الساعة فقال ان---زل ويحك الله الله فينا وفيك فنزل اليه فالبس----ه العمامة بالجوهر علي راسه وقبل له الارض وقال السلام علي امير المءمنين ورحمة الل--------ه واخرج به حينءذ الي الناس علي تلك الهيءة فقبل جميعهم له الارض وسلموا عليه بالخلافة وخرج الناس غداة يوم الاربعاء للقاء امير المءمنين ابن العزيز و ودخل ----القاهرة وبين يديه البنود والبوقات وعلي راسه المظلة يخملها ريدان والعساكر كلها ----والعزيز بالله بين يديه ف-ي عمارته وقد خرج قدماه منها ونودي في البلد لا مءونة ولا كلفة وقد امنكم الله علي انفسكم فمن عارضكم او خاطبكم فقد حل -----ماله وذمته وتولي غسل العزيز القاضي محمد ابن النعمان	99	-2682575050765891394	530	902.0	427	711	74.54290008544922	81	Shamela0000176-ara1.mARkdown	Kraken210528115855-ara1.mARkdown
Shamela0000176-ara1.mARkdown.ms183	true	652763885994854827	195	296	1055	1597	1615	300	مدة العزيز في الخلافة بعد ابيه المعز احدي وعشرون سنة وخمسة اشهر ونصف- ومات وعمره اثنتان واربعون سنة وثمانية اشهر واربعة عشر يوما وكان نقض خاتمه بنصر العزيز الجبار ينتصر الامام نزار وخلف من الولد ابنه---------- منصورا وس-------------------------------------------------------------------------------يدة الملك و-ولدت- بالمغرب في ذي القعدة سنة تسع وخمسين وثلاثماءة وكان اسمر طوالا اصهب الشعر اعين اشهل عريض المنكبين شجاع-----------ا حسن العفو والقدرة لا يعرف سفك الدماء حسن الخلق قريبا من الناس بصيرا بالخيل و--جوارح--- الطير محبا للصيد مغر-ي به حريصا علي صيد السباع خاصة ووزر له يعقوب بن كلس اثنتي عشرة سنة وشهرين وتسعة عشر يوما ثم ابو الحسن علي بن عمر	183	-9080523936259337219	Kraken210528115855-ara1.mARkdown.ms100	false	-412341836619921820	6	116	31	637	1573	300	مدة خلافته-------------------------- احدي وعشرين سنة وخمسة اشهر ونصفا ومات وعمره اثنتان واربعون سنة وتمانية اشهر واربعة عشر يوما ونقش---- خاتمه بنصر العزيز الجبار ينتصر الامام نزار وخلف من الولد الامين ابا علي منصور ومولده يوم الخميس الرابع والعشرين من ربيع الاخر سنة خمس وسبعين وثلاثماءة والسيدة سيدة الملك ومولدها بالمغرب في ذي القعدة سنة تسع وخمسين وثلاثماءة وكان اسمر------ اصهب الشعر اعين اشهل عريض المنكبين شجاعا كريما سمحا حسن العفو والقدرة لا يءثر سفك الدماء حسن الخلق قريبا من الناس بصيرا بالخيل والجوارح من الطير محبا للصيد مغرما به وب--------صيد السباع خاصة -وزر له يعقوب بن كلس اثنتي عشرة سنة وشهرين وتسعة عشر يوما ثم ابو الحسن علي بن عمر	100	-2682575050765891394	473	825.5	382	651	72.6574478149414	78	Shamela0000176-ara1.mARkdown	Kraken210528115855-ara1.mARkdown
Shamela0000176-ara1.mARkdown.ms184	true	7691307441632152256	0	185	0	952	1598	300	سنة واحدة ثم ابو الفضل جعفر بن الفرات سنة ثم ابو عبد الله الحسين بن الحسن البازيار سنة وثلاثة اشهر ثم ابو محمد بن عمار شهرين ثم الفضل بن صالح اياما ثم عيسي بن نسطورس سنة وعشرة اشهر وكان---ت قضاته ابو طاهر محمد بن احمد ثم ابو الحسن علي بن النع---------------------------------مان وكانت خرجاته الي السفر اولها ثامن صفر سنة سبع وستين ثم عاد من العباس-ة والثانية سار الي الرملة وظفر بافتكين التركي والثالثة سار الي مضربه بعين شمس في صفر سنة اثنتين وسبعين---- ورجع منه بعد شهر والرابعة نزل----- منية الاصبغ في ربيع الاول سنة اربع وسبعين ثم عاد بعد ثمانية اشهر واثني عشر يوما والخامسة -برز في ---عاشر شهر ربيع الاخر سنة خمس وثمانين فاقام مبرزا ----اربعة عشر شهرا وعشرين يوما وفيه مات وهو اول من اتخذ من اهل بيته وزيرا اثبت- اسمه علي الطرز وقرنه باسمه واول من لبس منهم الخفتان والمنطقة واول من اتخذ منهم الاتراك واصطنعهم وجعل منهم القواد واول من رمي منهم بالنشاب واول من ركب منهم بالذءابة الطويلة والحنك وضرب بالصوالجة ولعب بالرمح واول من عمل ماءدة في الشرطة السفلي في شهر رمضان يفطر عليها اهل الجامع العتيق واقام	184	-9080523936259337219	Kraken210528115855-ara1.mARkdown.ms100	false	-412341836619921820	117	300	642	1573	1573	300	سنة واحدة ثم ابو الفضل جعفر بن الفرات سنة ثم ---------------حسين ب------ن البازيار سنة وثلاثة اشهر ثم ابو محمد بن عمار شهرين ثم الفضل بن صالح اياما ثم عيسي بن نسطورس سنة وعشرة اشهر وكان علي قضاءه ابو طاهر محمد بن احمد ثم ابو الحسن علي بن النعمان ثم ابو عبد الله محمد ابن النعمان وكانت خوجاته الي السفر اولها ثامن صفر سنة سبع وستين ثم عاد من العباسية والثانية سار الي الرملة وظفر ب-------التركي والثالثة سار الي مضربه بعين شمس في صفر سنة اثنتين وسبعين الا ورجع ----بعد شهر والرابعة ابرز الي منية مطر ---في ربيع الاول سنة اربع وسبعين ثم عاد بعد ثمانية اشهر واثني عشر يوما والخامسة ابرز يوم العاشر -من ربيع الاخر سنة خمس وثمانين فاقام في تبريزه اربعة عشر شهرا وعشرين يوما--------- وهو اول من اتخذ من اهل بيته وزيرا اثبتم اسمه علي الطرز وقرنه باسمه واول من لبس منهم الخفي-ن والمنطقة واول من اتخذ منهم الاتراك واصطنعهم وقود منهم------- واول من رمي منهم بالنشاب واول من ركب منهم بالذءابة الطويلة والحنك وضرب -الصوالجة ولعب بالرمح واول من عمل ماءدة في--------------------- رمضان يفطر عليها اهل الجامع العتيق واقام-	100	-2682575050765891394	851	1546.0	683	1007	84.50843811035156	152	Shamela0000176-ara1.mARkdown	Kraken210528115855-ara1.mARkdown
Shamela0000176-ara1.mARkdown.ms187	true	3044670182625079184	139	295	766	1607	1633	300	الح-كم بامر الله ابو علي منصور ابن العزيز بالله ابي المنصور------------------------------- نزار ابن المعز لدين الله ابي تميم معد ولد في القصر ب---------القاهرة----------- ليلة الخميس الثالث والعشرين من شهر ربيع الاول سنة خمس وسبعين وثل-ثماءة في الساعة التاسعة الموافق صبيحتها الثالث عشر من شهر اب والطالع من السرطان سبع وعشرون درجة والشمس في برج الاسد علي خمس وعشرين درجة والقمر بالجوزاء علي احدي عشرة درجة وزحل بالعقرب علي اربع وعشرين درجة والمشتري بالميزان علي ثمان درج والمريخ بالميزان علي ثلاث عشرة درجة والزهرة بالميزان علي تسع عشرة درجة وعطارد بالاسد علي عشر درج والراس بالدلو علي خمس درج وسلم عليه بالخ------------------------لافة في الجيش------------------------------ بعد الظهر من يوم الثلاثاء ثامن -عشري ش-هر رمضان سنة ست وثمانين وثل-ثماءة وسار الي قصره في يوم الاربعاء بساءر اهل الدولة والعزيز في قبة علي ناقة بين يديه وعلي الحاكم دراعة مصمتة وعمامة فيها الجوهر وبيده رمح وقد تقلد السيف فوصل الي القصر ولم يفقد من جميع ما كان مع العساكر شء	187	-9080523936259337219	Kraken210528115855-ara1.mARkdown.ms101	false	803797016073306279	17	91	90	493	1589	300	الحاكم بامر الله ابو عل---------------------------ي المنصور امير المءمنين ابن العزيز بالله نزار ب-ن المعز لدين الله--------- معد ولد--------- بالقصر من القاهرة المعزية في ليلة الخميس الثالث والعشرين من شهر ربيع الاول سنة خمس وسبعين وثلاثماءة----------------------------------------------------------------------------------------------------------------------------------------------------------------------------------------------------------------------------------------------------------------------------------------------------------------------------------------------------------------- وسلم عليه بالخلافة وبامرة المءمنيين ببلبيس في الوقت الذي قبض فيه العزيز بالله وهو بعد الظهر من يوم الثلاثاء ثامن وعشرين شهر رمضان سنة ست وثمانين وثلاثماءة ووصل الي قصره----------------------------------------------------------------------------------------------------------------------------------------------------- ولم يفقد من جميع ما كان مع العساكر شء	101	-2682575050765891394	281	411.0	226	951	29.54784393310547	44	Shamela0000176-ara1.mARkdown	Kraken210528115855-ara1.mARkdown
Shamela0000176-ara1.mARkdown.ms188	true	-2627676472722665557	0	171	0	886	1579	300	في جهاز ابيه العزيز ودفنه ثم بكر ساءر اهل الدولة الي القصر يوم الخميس وقد نصب للحاكم سرير من ذهب عليه مرتبة مذهبة في الايوان الكبير وخرج من قصره راكبا وعليه معممة الجوهر ف---وقف الناس بصحن الايوان وقبلوا--- الارض ومشوا بين يديه حتي جلس علي السرير فوقف من مهمته الوقوف وجلس من له عادة -الجلوس فسلم عليه الجماعة بالامامة واللقب الذي اختير له وهو الحاكم بامر الله وكان سنه يومءذ احدي عشرة سنة وخمسة اشهر وستة ايام وكان جماعة من شيوخ كتامة تخلفوا عن الحضور وتجمعوا نحو المصلي فخرج اليهم ابو محمد بن الحسن بن عمار في طاءفة من شيوخهم وما زالوا بهم حتي احضروهم بعد امتناعهم من الحضور وشكوا من قيس- بن نسطورس وسالوا صرفه وان تكون الوساطة لرجل منهم------- فندب لذلك ابو محمد الحسن بن عمار فقر-------ر احوالهم فيما يطلق لهم من الرزق -----------------------------------------بعد خطاب طويل علي ان يطلق لهم ثماني اطلاقات في كل سنة وان يكون لكل واحد ثمانية دنانير و----ان يطلق هذا الفض- في-- ي----------------------ومهم بحضرة امير المءمنين فاحضر المال ودفع اليه-م بحضرة الحاكم الفضل وهو عشرون	188	-9080523936259337219	Kraken210528115855-ara1.mARkdown.ms101	false	803797016073306279	127	300	682	1589	1589	300	في جهاز----- العزيز ودفنه ثم بكر ساءر اهل الدولة الي القصر يوم الخميس وقد نصب للحاكم سرير من ذهب عليه مرتبة مذهبة في الايوان الكبير فخرج من قصره راكبا وعليه معممة الجوهر وقد وقف الناس بصحن الايوان فقبلوا له الارض ومشوا بين يديه حتي جلس علي السرير ووقف من رسم-ه الوقوف وجلس من له عادة بالجلوس فسلم الكل عليه--- بالامامة واللقب الذي اختير له وهو الحاكم بامر الله وكان سنه يومءذ احدي عشرة سنة وخمسة اشهر وستة ايام وكان جماعة من شيوخ كتامة تخلفوا عن الحضور وتجمعوا نحو المصلي فخرج اليهم ابو محمد--- الحسن بن عمار في طاءفة من شيوخهم فحضروا -------------------بعد امتناع------------ وشكوا من عيسي بن نسطورس وسالوا صوفه وان تكون الوساطة لرجل من المغاربة فندب ل---------ذلك الحسن بن ععار وامر بتقرير احوالهم فيما يطلق لهم من الرزق واستحلافهم فقرر الامر بينهم وبين الخليفة بعد خطاب طويل علي ان يطلق لهم ثماني اطلاقات في كل سنة--------- لكل نسمة ثمانية دنانير وعلي ان يطلق---- الفضل فيهم يومهم ذاك ويكون قبضهم للفضل بحضرة الخليفة------ فاحضر المال ودفع اليه م بحضرة الحاكم الفضل وهو عشرون-	101	-2682575050765891394	771	1364.0	616	979	78.75382995605469	133	Shamela0000176-ara1.mARkdown	Kraken210528115855-ara1.mARkdown
Shamela0000176-ara1.mARkdown.ms188	true	-2627676472722665557	123	300	642	1579	1579	300	ابو محمد الحسن بن عمار فقرر احوال-----------------------------------------------هم فيما يطلق لهم من الرزق بعد خطاب طويل علي ان يطلق لهم ثماني اطلاقات في كل سنة وان يكون لكل واحد ثمانية دنانير وان يطلق هذا الفض في يومهم بحضرة امير المءمنين فاحضر المال ودفع اليهم بحضرة الحاكم الفضل وهو عشرون دينارا لكل واحد منهم و---حلفهم ابن عمار بعد ما حلف----------------------- وخلع علي ابي الحسن يانس الخادم الصقلبي----------------------------------- وحمل علي فرسخين وقال يتولي القصور وفي اول شوال فرش علي سرير الذهب في الايوان مرتبة نسيج فضة وخرج الحاكم علي فرس ادهم بمعممة الجوهر وقد -تقلد السيف وفي ركابه الايمن حسين بن عبد الرحمن الرابض وفي ركابه الايسر برجوان والناس قيام فقبلوا له الارض ودعوا--- فقال------ ابن عمار للقاضي محمد بن النعمان مولانا يامرك بالخوارج الي المصلي للصلاة بالناس واقامة الدعوة لامير المءمنين فنهض قاءما و-------------قلده برجوان بسيف محلي ب--ذهب من سيوف العزيز------- ومضي فصلي واقام الدعوة ثم قدم ونصب --------السرير الذهب ----------في صفة الايوان ونصب السماط الفضة وخرج الحاكم من القصر وكان قد دخل اليه وهو علي فرس اشقر فجلس علي السماط وحضر من له رسم فاكلوا وانصرفوا وفي ثالثه-	188	-9080523936259337219	Kraken210528115855-ara1.mARkdown.ms102	false	4427939242621694512	28	172	139	947	1611	300	ابو محمد الحسن بن عمار مصحفا فبدا بنفسه وحلف يمينا عملت له علي ان يصدقهم وصدق عنهم فيما يءديه ------------------------------------------------------------------------------------------------------------------------------------------------------------------اليهم ويءديه ع--------------------------------------نهم واستحلفهم باليمين لامير المءمنين وانصرف الناس شاكرين وخلع علي ابي الحسن يانس الخادم الصقلي المتولي كان بخلافة العزيز علي قصوره وحمل علي فرس-ين وفي يوم عيد الفطر------------- فرش علي سرير الذهب في الايوان مرتبة نس-ج فضة وخرج الحاكم علي فرس اذهم بعمامة الجوهر وهو متقلد --سيف وفي ركابه الايمن حسين بن عبد الرحمن الراءض وفي ركابه الايسر برجوان والناس قيام فقبلوا--- الارض ودعوا له فقال الحسن ابن عمار للقاضي محمد بن النعمان مولانا يامرك بالخرو-ج الي المصلي للصلاة بالناس واقامة الدعوة لامير المءمنين فنهض قاءما ولحقه برجوان فقلده------- بسيف محلي بالذهب من سيوف امير المءمنين ومضي فصلي واقام الدعوة وحضر الي القصر فجء بالسرير الذهب الكبير فنصب بصدر الايوان و-مد السماط الفضة وجلس الحاكم و-----------------------------------------------------------حضر من له رسم فاكلوا وانصرفوا وفي ثالثه	102	-2682575050765891394	555	835.5	450	1096	50.63868713378906	80	Shamela0000176-ara1.mARkdown	Kraken210528115855-ara1.mARkdown
Shamela0000176-ara1.mARkdown.ms189	true	-8207214484001457457	1	160	4	858	1635	300	علي ا-----بن عمار وقلد بسيف من سيوف العزيز وحمل علي فرس بسرج ذهب وكناه الحاكم ولقبه بامين الدولة وقال له------- انت اميني علي دولتي ورجالي وقاد بين الخيل وعمل خمسي----ن ثوبا ملونة من البز الرفيع ومضي----------- في موكب عظيم الي داره وكتب سجل من انشاء ابي منصور بن سيرين وبخطه قراه القاضي محمد بن النعمان بالجامع------------- يتضمن وراثة الحاكم الملك من- ابيه ويعد الرعية فيه بحسن النظر لهم وامر فيه باسقاط مكوس كانت ب--الساحل ففرح-- الناس وكانت عدة ممن قتلهم ابن نسطورس لما احترق الاسطول علي الخشبة فامر بتسليمهم الي اهليهم واطلق لكل واحد عشرة دنانير من اجل كفنه فكثر الدعاء من الرعية للحاكم وامر بقلع الالواح التي علي دور الاخباز وسلمت لاربابها ومستحقيها فبلغت شيءا كثيرا وخلع علي القاءد ابي عبد الله الحسين بن جوهر القاءد ورد اليه البريد والانشاء فكان يخلفه ا---------بن سورين وحمل بين يديه كثير من الخيل و----------------الثياب وحمل علي فرس بمركبين واستكتب امين الدولة ابن عمار ابا عبد الله الموصلي واستخلفه علي اخذ رقاع	189	-9080523936259337219	Kraken210528115855-ara1.mARkdown.ms102	false	4427939242621694512	173	300	952	1611	1611	300	علي الحسن بن عمار وقلد بسيف من سيوف العزيز وخمل علي في بسترج----------------م ولقب- بامين الدولة وقال له الحاكم انت اميني علي دولتي ورجالي وقاد بين -يديه وحمل معه خمسون ثوبا م------ن البز الرفيع وانصرف الي داره في موكب عظيم امر بكتابة--- سجل من انشاء ابي منصور بن سورين وبخطه قراه القاضي محمد بن النعمان بالجامع في خامس شوال يتضمن وراثة الحاكم الملك بعد ابيه ويعد الرعية---- بحسن النظر لهم وامر فيه باسقاط مكوس كانت في الساحل فتباشر الن----------------------------------------------------------------------------------------------------------------------------اس وكثر --دعاءهم------------------------------------------------------------------------------------------------ وخلع علي القاءد ابي عبد الله الحسين بن جوهر القاءد ورد اليه البريد والانشاء فكان يخلفه ابو منصور بن سورين وقيد بين يديه كثير من الخيل وحمل معه كثير من الثياب وحمل علي فرس بمركب ف--استكتب امين الدولة--------- ابا عبد الله الموصلي واستخلفه علي اخذ رقاع-	102	-2682575050765891394	548	906.0	439	924	59.30735778808594	86	Shamela0000176-ara1.mARkdown	Kraken210528115855-ara1.mARkdown
Shamela0000176-ara1.mARkdown.ms189	true	-8207214484001457457	160	298	858	1628	1635	300	الناس وتوقيعاتهم واقر عيسي بن نسطورس علي ديوان الخاص وخلع علي جماعة ب----ولايات عديدة وقرء سجل قراه القاضي بالجامع---------------------------- يتضمن ولاية ابن عمار ا-------لوساطة وتلقيبه بامين الدولة وامر الناس كلهم ان يترجلوا--- لابن عمار فترجلوا باسرهم له وفي ثاني ذي القعدة تجمع الكتاميون عند المصلي فانفذ اليهم واستحضرهم وتقرر امرهم علي--------------------------- النفقة فيهم فانفق عليهم وحمل راجلهم علي الخيل وكانوا نحو الالف رجل واركبت شيوخ كتامة باسرهم علي الخيول بالمراكب الحسنة وفي ثاني عشره خلع علي ابي------------- تميم سلمان بن جعفر بن فلاح وقلد السيف وحمل علي فرس بمركب ذهب وقيد بين يديه باربعة افراس مسرجة ملجمة وحمل بين يديه ثياب كثيرة من كل نوع وجرد معه عسكر ليسير الي الشام وسارت قافلة الحاج ب--كسوة الكعبة والصلات والنفقة علي الرسم المعتاد في النصف منه وركب الحاكم يوم الاضحي فصلي بالناس صلاة العيد بالمصلي وخطب واصعد معه المنبر القاضي	189	-9080523936259337219	Kraken210528115855-ara1.mARkdown.ms103	false	-1830378273300298737	0	104	0	574	1631	300	الناس وتوقيعاتهم -اقر عيسي بن نسطورس علي ديوان الخاص وخلع علي جماعة بعدة ولايات------ وقرء سجل------------ بالجامع قراه القاضي محمد بن النعمان يتضمن ولاية ابن عمار وجلوسه للوساطة وتلقيبه بامين الدولة فالزم ساءر اهل الدولة بالترجل لابن عمار وفي ث------------------اني ذي القعدة تجمع الكتاميون عند المصلي فسير- اليهم من ---------قرر امرهم علي سبع اعطية في السنة وشرع في النفقة فيهم----------------------------------------- نحو الالف فرس ب--------------------------------------مراكبها وورد الخبر بالتباث الامر في الرملة فسير ابو تميم سلمان بن جعفر بن فلاح في------------------------------------------------------------------------------------------------------------------ عسكر ف----------------سارت قافلة الحاج بالكسو-------ة والصلات والنفقة علي الرسم في نصف ذي القعدة---- وركب الحاكم يوم الاضحي فصلي بالناس صلاة العيد------------- واصعد معه المنبر القاضي	103	-2682575050765891394	402	587.5	325	854	47.072601318359375	59	Shamela0000176-ara1.mARkdown	Kraken210528115855-ara1.mARkdown
Shamela0000176-ara1.mARkdown.ms190	true	7108766235064075505	1	290	8	1528	1575	300	وبرجوان وابن عمار وجماعة سنة سبع وثمانين وثل-ثماءة ف-ي المحرم ورد سابق------------------------- الحاج فاخبر بتمام الحج والدعاء للحاكم في الحرمين وفيه نزع سعر القمح وغيره وعز وجوده واشتد الغلاء ووقع في البلد خوف شديد من طرف رجل من اللصوص في الليل وكبسه دور الناس فتحارسوا في الليل واخذت نساء من الطرقات وعظم الامر في ذلك وفيه ضربت رقبة عيسي بن نسطورس ووصل الحاج في رابع عشر صفر فخلع علي سبكتكين مقدم القافلة و-----حمل علي عدد من الخيل ووقف سعر الخبز علي اربعة ارطال بدرهم وسار ابو تميم سلمان بن جعفر بن فلاح بعد ان خلع عليه وقيد بين يديه عدة خيول وحمل معه شء كثير من الثياب وانفق في اهل عسكره فنزل مسجد تبر فاقام الي تاسع عشر ربيع الاول فخرج اليه الحاكم وحلفه ومن معه وعاد فرحل ابن فلاح الي القصور فاقام بها وقرء سجل يوم الجمعة للنصف منه بمدح كتامة ولعن منجوتكين علي ساءر منابر مصر وفي القصر وخلع علي جماعة من الحمدانية وجهزوا الي ابن فلاح فساروا معه وفي اخره اخرج ابن عمار الي سلمان بن جعفر بن فلاح- بخزانة --مال علي ثمانية وستين بغلا في--- صناديق فيها اربعماءة الف دينار وسبعماءة الف درهم وستة واربعين حملا من-- السلاح وعشر جمازات عليها -دروع وست قباب بفرشها واهلتها ومناطقها وجميع الاتها منها قبتان قرقر-ي مثقل وباقيها ديباج و---------------ست جمازات تجنب بالة الديباج الملون وثلاثين جمازة باجلتها وعشرة افراس وثلاث بغلات بمراكبها ومنديل -حمله خادم فيه ثياب مشرف بها من ثياب العزيز وسيف من سيوفه و--------في ثالث ربيع الاخر ركب الحاكم و----ابن عمار الي القصور-------- فودعا ابن فلاح وسار ------------------------------------------في ثلاثة----- من كتامة وسبعماءة فارس من الغلمان وانض-م اليه- من --عرب الرملة ثمانية الاف وف------ي النصف منه شق الحاكم المدينة وقد------- زينت----------- زينة عظيمة وزيدان يحمل -----مظلة عن يمينه وابن عمار عن يساره ويرجوان وحده خلف-----------------ه فدخل الصناعة	190	-9080523936259337219	Kraken210528115855-ara1.mARkdown.ms103	false	-1830378273300298737	104	298	574	1620	1631	300	وبرجوان وابن عمار وجماعة سنة سبع وثمانين وثلاثماءة وفي المحرم ----سنة سبع وثمانين وثلاثماءة ضرب ا-------------------------------لحاكم عنق----------------------------------------------------------------------------------------------------------------------------------------------------------------------------------------------------- عيسي بن نسطورس ووصل الحاج في رابع عشر صفر فخلع علي سبكتكين التركي امين الحاج وحمل علي عدة من الخيل وفي اخ---------------------------------------------------------------------------------------------------------------------------------------------------------------------------------------ر ربيع الاول خ--------------------------------------------------------------------------------------------------------------------------------------------------------------------------------------------------------------------------------رج ابن عمار الي سلمان بن فلاح من القصر بخزانة المال علي ثمانية وستين بغلا عليها صناديق فيها اربعماءة الف دينار وسبعماءة الف درهم وستة واربعين جملا عليا السلاح وعشر جمازات تحيل الدروع وست قباب بفرشها واجلتها ومناطقها وجميع الاتها فيها قبتان قرقوبي مثقل وباقيها ديباج رومي وبين يديها ست جمازات بجنب بالة الديباج الملون وثلاثون جمازة باجل--ة وعشر- افراس وثلاث بغلات بمراكبها ومنديل يحمله خادم فيه ثياب مشرف بها من ثياب العزيز وسيف من سيوفه فلما كان في ثالث ربيع الاخر ركب الحاكم ومعه ابن عمار الي --قصور عين شمس فوادع ابن فلاح وعاد الي قصره وسار ابن فلاح الي البلاد الشامية في ثلاثة الاف من كتامة وسبعماءة فارس من الغلمان وانضنم اليهم من العرب نحو ثما---نية الاف فارس و في النصف منه شق الحاكم --مدينة مصر بعد ما زينت له الاسواق زينة عظيمة وريدان يحمل ال المظلة عن يمينه وابن عمار عن يساره وبرجوان وحده خلفه وساءر الناس بعده فدخل الصناعة	103	-2682575050765891394	797	1305.5	640	1695	47.02064895629883	112	Shamela0000176-ara1.mARkdown	Kraken210528115855-ara1.mARkdown
Shamela0000176-ara1.mARkdown.ms193	true	5407851553922398236	60	182	329	971	1583	300	داره بمصر فكانت ايام نظره احد عشر شهرا غير خمسة ايام فاقام بمصر سبعة وعشرين يوما ثم عاد الي القاهرة بامر الحاكم فاقام بها لا يركب ولا يجتمع به سوي خدمه واطلقت له رسومه وجراياته وجرايات حشمه علي رتبه في ايام نظره وتقدم الحاكم الي برجوان ان ينظر في التدبير علي ما كان ابن عمار فنظر في ذلك لثلاث بقين من رمضان وسار الي القصر وجمع الغلمان الاتراك ونهاهم عن التعرض لاحد من الكتاميين والمغاربة وقبض علي عريف الباطلية فانهم كانوا قد نهبوا شيءا كثيرا لابن عمار والزمه باحضار ما نهب اصحابه واجري الرسوم والرواتب التي---------------- قطعها ابن عمار واجري لابن عمار ما كان يجري له في ايام العزيز ولاله وحرمه ومبلغ ذلك من اللحم والتوابل والفاكهة خمسماءة دينار في كل شهر	193	-9080523936259337219	Kraken210528115855-ara1.mARkdown.ms104	false	8909461644081917442	124	172	654	889	1566	300	دار- بمصر وكانت مدة ن-ظره احد عشر شهرا غير خمسة ايام واخرج---------------------------------------------------------------------------------------------------ت له رسومه وقام-------------------------------------------------------- برجوان بالنظر -في التدبير من يوم الجمعة----------------------------- من رمضان فا------------------------------------------------------------------------------------------------------------------------------------------------------------------------------جري الرسوم--------- التي كان ابن عمار قد قطعها واج---------ري لابن عمار ما كان يجري له في ايام العزيز وهو نحو----------------------------------------- خمسماءة دينار--- كل شهر	104	-2682575050765891394	177	223.5	137	658	26.899696350097656	29	Shamela0000176-ara1.mARkdown	Kraken210528115855-ara1.mARkdown
Shamela0000176-ara1.mARkdown.ms201	true	8595695373864548673	75	173	407	924	1627	300	ونزل القاءد ابو عبد الله الحسين بن جوهر القاءد وحده الي القصر واذن للناس فدخلوا الي الحضرة و-خرج الحاكم علي فرس اشقر فوقف في صحن القصر قاءما وزيدان عن يمينه وابو القاسم الفارقي عن يساره والناس قيام بين يديه فقال لهم بنفسه من غير واسطة ان برجوان عبدي استخدمته فنصح فاحسنت اليه ثم اساء في اشياء عملها فقتلته والان فانتم شيوخ دولتي واشار الي كتامة وانتم عندي الان افضل مما كنتم فيه مما تقدم و--التفت الي الاتراك وقال لهم انتم تربية العزيز بالله وفي مقام الاولاد وما لكل احد عنيد----- الا ما يءثره ويحبه فكونوا علي رسومكم وامضوا	201	-9080523936259337219	Kraken210528115855-ara1.mARkdown.ms104	false	8909461644081917442	216	300	1132	1566	1566	300	فنزل القاءد------------- الحسين بن جوهر------- وحده الي القصر واذن للناس فدخلوا الي الحض-ة و خرج الحاكم علي فرس----- فوقف في صحن القصر ور------يدان عن يمينه واخر ---------------عن يساره والناس قيام--------- فقال لهم------------------- ان برجوان عندي استخدمته فنصح فاحسفت اليه ثم اساء في اشياء------ فقتلته والان ا-نتم شيوخ دولتي واشار الي كتامة وانتم عندي الان افضل -ما كنتم فيه مما تقدم ثم التفت الي الاتراك وقال ا----نتم تربية العزيز بالله و---مقام الاولاد وما لكل احد منكم عندي الا ما يءثره ويحبه فكونوا علي رسومكم فقبلوا-	104	-2682575050765891394	409	689.0	329	525	77.9047622680664	68	Shamela0000176-ara1.mARkdown	Kraken210528115855-ara1.mARkdown
Shamela0000176-ara1.mARkdown.ms202	true	-79358664244192538	232	296	1268	1612	1633	300	خلون من جمادي الاولي خلع علي القاءد الحسين بن جوهر ثوب ديباج احمر ومنديل ازرق مذهب وتقلد -سيفا عليه ذهب وحمل علي فرس بسرج ولجام ذهب و----بين يديه ثلاثة افراس بمراكبها و-------------خمسون ثوب------ا من كل فن- ورد اليه الحاكم التوقيعات والنظر في امور الناس وتدبير المملكة وانصاف المظلوم وخلع علي --فهد بن ابراهيم وحمل علي بغلة و----بين يديه بغلة اخري و-------------عشرون ثوبا -----فانصرف القاءد	202	-9080523936259337219	Kraken210528115855-ara1.mARkdown.ms105	false	4503972990853385737	3	73	20	385	1172	218	خلون من جماد-------ي خلع علي القاءد --حسين بن جوهر ثوب ديباج احمر ومنديل ازرق مذهب و-قلد بسيف حليته ذهب وحمل علي فرس بسرج ولجام ذهب وقيد بين يديه ثلاثة افراس بمراكبها وحمل بين يديه خمسون ثوبا صحاحا من كل نوع ورد اليه------- التوقيعات والنظر في امور الناس وتدبير المملكة وانصاف المظلوم وخلع علي الفهد وحمل -----------علي بغلة وقيد بين يديه بغلة اخري وحمل بين يديه عشرون ثوبا ليكون خليفة القاءد	105	-2682575050765891394	298	493.5	240	393	75.82697296142578	46	Shamela0000176-ara1.mARkdown	Kraken210528115855-ara1.mARkdown
Shamela0000176-ara1.mARkdown.ms205	true	7714815177297624180	206	294	1074	1533	1557	300	ابنه ابو عبد الله بتركته الي القاهرة فخلع عليه الحاكم وحمله ورفع زيدان الي الحاكم درجا بخط جيش وفيه وصية وثبت بما خلف- مفصلا مشروحا وان ذلك جميعه--- لامير المءمنين الحاكم بامر الله لا يستحق احد من اولاده منه درهما وكان ذلك يبلغ نحو --ماءتي الف دينار ما بين عين ورحل ومتاع وقد قال فيه جيش لو زيدان يتسلم ذلك فانه علي بغال تحت القصر بظاهر والقاهرة فاخذ الحاكم الدرج واوصله لابني جيش وخلع عليهما وقال لهما بحضرة اولياء الدولة ووجوهها -قد وقفت علي وصية ابيكما رحمه الله	205	-9080523936259337219	Kraken210528115855-ara1.mARkdown.ms105	false	4503972990853385737	153	208	825	1105	1172	218	ابنه ابو عبد الله بتركة ابيه---------------------------------------------------------------------------- وثبت بما خلفه مفصلا وفيه ان------- جميع ذلك لامير المءمنين الحاكم بامر الله لا يستحق احد من اولاده منه درهما وكان مبلغ ذلك نحو الماءتي الف دينار ما بين عين----- ومتاع ورحل فخلع علي --------------------------------------------------------------------------------------ابني جيش------------ وقال لهما بحضرة اولياء الدولة ووجوهها وقد وقفت علي وصية ابيكما رحمه الله	105	-2682575050765891394	240	385.0	192	466	51.50214767456055	40	Shamela0000176-ara1.mARkdown	Kraken210528115855-ara1.mARkdown
Shamela0000176-ara1.mARkdown.ms302	true	-8412664257819802712	45	233	241	1236	1624	300	المستنصر بالله ابو تميم معد بن--- الظاهر لاعزاز دين الله ابي الحسن علي بن الحاكم بامر الله ابي علي منصور امه السيدة رصد ولد يوم الثلاثاء ال----------------------------------------------------------سادس عشر من جمادي الاولي سنة عشرين واربعماءة بالقاهرة والطالع عند ولادته من برج السلطان ثمان درج والشمس فيه علي خمس عشرة درجة والمشتري فيه علي ست درج وعطارد فيه علي اثنتي عشرة درجة والقمر في الدلو علي ثلاث عشرة درجة وزحل في برج الثور علي تسع وعشرين درجة والمريخ فيه ايضا علي احدي عشرة درجة والزهرة في برج الجوزاء علي ثلاث عشرة درجة والجوزهر في برج السنبلة علي خمس وعشرين درجة وبويع بالخلافة يوم الاحد للنصف من شعبان سنة سبع وعشرين واربعماءة والطالع عند ولادته من برج السنبلة احدي وعشرون درجة وزحل في برج السنبلة علي اثنتين وعشرين درجة والمشتري في برج الدلو علي ثماني درج والمريخ فيه ايضا علي اثنتي عشرة درجة والشمس في برج الجوزاء علي ثمان وعشرين درجة والزهرة في برج السرطان علي ثلاث درج وعطارد في برج الجوزاء علي ست عشرة درجة والقمر في برج الجدي علي ثماني عشرة درجة والجوزهر في برج الثور علي احدي وعشرين درجة واقام في الخلافة ستين سنة واربعة اشهر وثلاثة ايام	302	-9080523936259337219	Kraken210528115855-ara1.mARkdown.ms030	false	2148688452896514038	92	154	502	840	1597	300	المستنصر بالله ابو تميم معد بن ال الظاهر لاعزاز دين الله ابي الحسن علي بن الحاكم ----------ابي علي منصور وحصل عند وفاته رعد وبق ومطر وكان بين موت امير الجيوش والمستنصر ثمانية شهور ومولده يوم الاحد سادس عشر--- جمادي الاخرة سنة عشرين واربعماءة وولي الخل---------------------------------------------------------------------------------------------------------------------------------------------------------------------------------------------------------------------------------------------------------------------------------------------------------------------------------------------افة يوم الاحد النصف من شعبان سنة سبع وعشرين واربعماءة وكانت خلافته------------------------------------------------------------------------------------------------------------------------------------------------------------------------------------------------------------------------------------------------------------------------------------------------------------------------------------------------------------------------------------ ستين سنة واربعة اشهر وثلاثة ايام	30	-2682575050765891394	224	362.0	179	1056	21.212121963500977	36	Shamela0000176-ara1.mARkdown	Kraken210528115855-ara1.mARkdown
Shamela0000176-ara1.mARkdown.ms308	true	-1447694765211345137	0	276	0	1480	1598	300	الفلاحي علي ابي سعيد سهل بن هرون التستري اليهودي وقتله عند خان العبيد وذلك ان ام المستنصر------ كانت جارية ابي سعيد هذا فاخذها منه الظاهر وتسراها فولدت له ابنه المستنصر فرقت ابا سعيد درجة عليه بعد وفاة الظاهر وكان يخاف الوزير الجرجراءي فلم يظه-----ر ما في نفسه فلما مات الجرجراءي وتولي الفلاحي انبسطت كلمة ابي سعيد في الدولة بحيث لم يبق للفلاحي معه في الوزارة امر ولا نهي سوي الاسم فقط وبعض التنفيذ لا غير وابو سعيد يتولي ديوان ام الخليفة المستنصر فغض الفلاحي بابي سعيد وشغب عليه الجند -----حتي قتلوه وذلك ان بني قرة عرب البحيرة---- افسدوا في الاعمال فخرج اليهم الخادم عزيز الدولة ريحان واوقع بهم وقتل منهم وعاد وقد عظم في نفسه لمعالجة النصر علي بني قرة والظفر بهم فثقل علي ابي سعيد امره واستمال المغاربة وزاد في واجباتهم ونقص من -ارزاق الاتراك ومن ينضاف اليهم فجري بين الطاءفتين حرب بباب زويلة واتفق مرض-- ريحان وموته فاتهم ابو سعيد انه سمه وتجمع الطواءف المنحرفة عنه علي قتله فركب من داره علي العادة يريد القصر في يوم الاحد لثلاث خلون من جمادي الاولي في موكب عظيم فلما قرب من القصر اعترضه ثلاثة من الاتراك وضربوه حتي مات فامر المستنصر باحضار من قتله فاجتمع الطواءف وقالوا نحن قتلناه فلم يجد المستنصر بدا من الاغضاء وقطع الاتراك---- ابا سعيد قطعا وتناولت الايدي اعضاءه فتمزقت واشتري اهله ما قدروا علي تحصيله من جثته بمال وجمع الاتراك ما قدروا عليه من اعضاءه ورمته وحرقوا ذلك بالنار والقوا عليه من التراب ما صار به تلا مرتفعا وضم اهله ما وصل اليهم منه في تابوت واسدلوا عليه سترا وتركوه في بيت مء-----زر بالستور واوقدوا الشموع واقاموا عزاءه فتعلقت من بعض الشموع شرارة في الستور التي هناك ومضت فيها فاحترق التابوت	308	-9080523936259337219	Kraken210528115855-ara1.mARkdown.ms001	false	587066216675561390	32	244	159	1272	1566	300	الفلاحي علي ابي سعد------------- التستري اليهودي وقتله---- وان ا---------------م المستنصر الحطو كانت جارية ابي سع-د هذا فاخذها منه الظاهر-------- فولدت ل-----ه المستنصر ورقي ابو سع-د درجة علية بعد وفاة الظاهر وكان يخاف الجوجر-------اءي فلم يطق اظهار ما في نفسه فلما مات الجوجراني وتولي الفلاحي انبسطت كلمة ابي سع-د في الدولة بحيث لم يبق لفل-احي معه----------- امر ولا نهي سوي الاسم فقط وبعض التنفيذ------- وابو سعد مت-ولي ديوان ام الخليفة المستنصر فغص الفلاحي باني سع-د واغري---- الجند عليه حتي قتلوه وذلك ان بني قرة عرب البحيرة لما افسدوا ------------خرج اليهم الخادم عزيز الدولة ريحان واوقع بهم وقتل منهم----- وقد عظم --بنفسه ب-------النصر علي بني قرة والظفر بهم----------------------- واستمال المغاربة وزاد في واجباتهم ونقص من واجبات الاتراك وا----ضاف اليهم فجري بين الطاءفتين حرب بباب زويلة واتفق مرض د ريحان وموته فاتهم ابو سع-د انه سمه واجتمعوا ------------------علي قتله فركب من داره----------- يريد القصر في يوم الاحد لثلاث خلون من جمادي الاولي في موكب عظيم ف-----------------اعترضه ثلاثة من الاتراك فضربوه ومات------------------------------------------------------------------------------------------------- وقطع الاتراك لحم ابي سعد واخذوا ما وصلوا اليه من اعضاءه واحرق ما بقي -----------------------من جثته------------------------------------------------------------------ والق-ي عليه من التراب ما صار--- تلا مرتدما وضم اهله ما بقي من الجثة- في تابوت وغطوه بستر------- وتركوه في بيت مفرد ووزر بالستور واوقد بين يدي التابوت شموع-- فتعلق هب النار فاخذ---------- الستور وسعت النار--------- فاحترق التابوت	1	-2682575050765891394	929	1461.0	744	1512	61.44179916381836	143	Shamela0000176-ara1.mARkdown	Kraken210528115855-ara1.mARkdown
Shamela0000176-ara1.mARkdown.ms309	true	-5148678878880153691	169	235	896	1242	1589	300	في ابي سعيد وقد كره---------- اذاه للمسلمين----- انه- كان-- يحلف-- وحق النعمة علي بني اسراءيل قول الرضي فيه------ يهود هذا الزمان قد بلغوا غاية امالهم وقد ملكوا العز فيهم والمال عندهم ومنهم المستشار والملك ي--اهل مصر اني قد نصحت لكم تهودوا قد تهود الفلك وفيها استقر في ---------------------------------------------------------------------------------------------------------------الوزارة بعد الفلاحي ابو البركات الحسين بن عماد الدولة بن محمد بن احمد الجرجراءي ابن اخي الوزير صفي الدين	309	-9080523936259337219	Kraken210528115855-ara1.mARkdown.ms002	false	-3496151269154549761	3	90	15	481	1540	300	في ابي سعد التستري لما بلغ من اذاه المسلمين بحيث انهم كانوا يعلفون وحق النعمة علي بني اسراءيل هذه الابيات المنسرح يهود هذا الزمان قد بلغوا غاية امالهم وقد ملكوا العز فيهم والمال عندهم ومنهم المستشار والملك يا اهل مصر اني--- نصحت لكم تهودوا قد تهود الفلك ولما قتل ابو سعد ولي مكانه في نظر ديوان ام المستنصر القاضي ابو محمد الحسنبن علي بن عبد الرحمن اليازوري احد الخدام القواد وولي الوزارة بعد الفلاحي ابو البركات الحسين--------------- بن محمد بن احمد الجوجراءي -بن اخي الوزير صفي الدين	2	-2682575050765891394	291	488.5	235	485	60.0	45	Shamela0000176-ara1.mARkdown	Kraken210528115855-ara1.mARkdown
Shamela0000176-ara1.mARkdown.ms309	true	-5148678878880153691	80	157	439	834	1589	300	الوزير ابي منصور صدقة بن يوسف------- الفلاحي بسبب قتل ابي سعيد وما زالت به حتي صرفته عن الوزارة واعتقلته بخزانة البنود وقيل كان صرفه في سادس المحرم ---سنة اربعين واتفق انه---- لما قبض عليه وسجن بخزانة البنود وامر ب---------------------------قتله به------------------------------------------------------------------------------------ا حفرت له حفي---رة ليواري فيها فظهر للفعلة عند الحفر راس فلما رفع سءل عنه الفلاحي----- فقال هذا راس ابن الانباري وانا قتلته ودفن-- في هذا الموضع وانشد------- رب لحد قد صار لحدا مرارا ضاحك- من تزاحم الاضداد	309	-9080523936259337219	Kraken210528115855-ara1.mARkdown.ms003	false	6532315307420599123	176	263	937	1389	1600	300	الوزي----------ر صدقة بن يوسف بن علي الفلاحي في يوم الاثنين الخامس من----------------------------------------------------------------------- المحرم بخزانة البنود ودفن بها وكان لما ولي الوزارة سعي في اعتقال ابي الحسن علي بن الانباري فاعتقله وقتله بخزانة البنود فاعتقل هو ايضا في المكان الذي كان فيه ابن الانباري وقتل فيه ودفن معه فلما حفرت له فيه حفرة ليواري فيها -ظهر للفعلة عند الحفر راس فلما رفع سءل---- الفلاحي عنها فقال هذه راس ابن الانباري وانا قتلته ودففته في هذا الموضع وانشد الخفيف رب لحد قد صار لحدا مرارا ضاحكا من تزاحم الاضداد	3	-2682575050765891394	237	307.5	186	538	44.05204391479492	34	Shamela0000176-ara1.mARkdown	Kraken210528115855-ara1.mARkdown
Shamela0000176-ara1.mARkdown.ms310	true	3870487390111582559	51	93	275	492	1538	300	حج قبل قدومه الي مصر فلما زار قبر رسول الله نام في الحجرة الشريفة فسقط عليه خلوق من الزعفران الملطخ في حواءط الحجر--------ة فجاء بعض الخدام وايقظه من نومه وقال ايها الرجل انك تلي ولاية عظيمة وقد بشرتك فلي منك الحباء والكرامة	310	-9080523936259337219	Kraken210528115855-ara1.mARkdown.ms008	false	-5291918701668724726	72	113	417	629	1546	300	حج قيل قدومه الي مصر فلما زار قبر النبي---- نام في الحجر--------ة فسقط عليه خلوق من الزعفران الملطخ في ح-اءط الحجرة النبوية فجاء بعض الخدام وايقظه من نومه وقال ايها الرجل انك تلي ولاية عظيمة وقد بشرتك فلي منك الحباء والكرامة	8	-2682575050765891394	198	363.0	158	225	88.0	35	Shamela0000176-ara1.mARkdown	Kraken210528115855-ara1.mARkdown
Shamela0000176-ara1.mARkdown.ms313	true	6953609814593373263	103	213	513	1079	1543	300	من ربيع الاخر وحارب ابن مرداس----- حروبا الت الي رحيل ابن حمدان بغير طاءل في سادس عشر جمادي الاولي ففي عوده اصابه سيل ----------هلك فيه اكثر ما معه من الخيل والرجال والامتعة وعا--------------------------د الي دمشق فبعث ثمال الي المستنصر يسال عفوه وكان المتوسط بينهما ابو نصر ابراهيم----------------- اخو سعيد التستري فاجيب الي ذلك وانفصل رسول من الحضرة فورد الخب--------ر بان ثمال بعث واليا الي معرة النعمان و------انه اساء التدبير فانحرف عنه الناس وفر منهم -------------------الي حلب وان-- جعفرا امير حمص بادر الي- المعرة ف-----لقيه مقلد بن كامل بن مرداس --وحاربه فقتل في-- الوقعة-- لست بقين من شعبان وحملت راسه وشهرت- بحلب واسر كثير- من عسكره فبعث المستنصر الي رسول ثمال	313	-9080523936259337219	Kraken210528115855-ara1.mARkdown.ms002	false	-3496151269154549761	181	294	954	1515	1540	300	من ربيع الاخر وكانت بينه وبين ثمال حروب- الت ال------------------------------------------------------ي عود ابن حمدان وجاء مسيل فهلك في------------ه من الخيل والرجال والامتعة لابن حمدان شء كثير فاسرع العود الي دمشق وبعث ثمال يطلب م--------------------ن المستنصر العفو لا وسط امره هارون بن سهل اليهودي اخو ابي سعد----- فاجيب الي ذلك فلم يكن باسرع من مجء------ الخبر الي مصر بان ثمال جهز ا------لي معرة النعمان واليا وانه اساء التدبير فانحرف عنه الناس وال امره الي الهرب وانه سار الي حلب فبادر جعفر- امير حمص وتجهز الي المعرة نفسه ولقيه مقلد بن كامل بن مرداس فاوقع به وقتله يوم الاربعاء لست بقين من رمضان وحمل- راسه وشهرها بحلب واسر جماعة من عمكره وكان قد سار ر------سول ثمال	2	-2682575050765891394	319	386.0	244	673	47.39970397949219	41	Shamela0000176-ara1.mARkdown	Kraken210528115855-ara1.mARkdown
Shamela0000176-ara1.mARkdown.ms313	true	6953609814593373263	8	117	35	582	1543	300	سنة اربعين واربعماءة فيها سار ناصر الدولة ابو محمد الحسن بن الحسين بن الحسن بن حمدان امير دمشق وشجاع الدولة جعفر بن كل-يد والي حمص بالعساكر------- وقباءل العربان الي ح--------------------لب لقتال اميرها ثمال بن صالح بن مرداس وذلك ان ثمال بن صالح كان قد قرر علي نفسه في وزارة الفلاحي ان يحمل كل سنة عشرين الفا فاخل---------------------------- الحمل سنتين واخذ شجاع الدولة يغري---------- الوزير علي ثمال ويسه-ل امر حلب فخرج- الامر الي ابن حمدان ان يسير هو ووالي حمص بجمو-ع العرب-- فنزل بمن معه علي حماة وفتحها واخذ المعرة واقدم فنزل علي حلب لخمس بقين من ربيع الاخر وحارب ابن مرداس----- حروبا الت الي رحيل ابن حمدان بغير طاءل	313	-9080523936259337219	Kraken210528115855-ara1.mARkdown.ms002	false	-3496151269154549761	90	196	481	1026	1540	300	سنة اربعين واربعماءة فيها سار ناصر الدولة الحسن---------------------------- بن حمدان امير دمشق وشجاع الدولة جعفر بن كلشيد والي حمص بجماعة من الجند وقباءل العربان من الكلابيين وغيرهم الي حلب لقتال اميرها -مال بن صالح بن مرداس وذلك ان ثمال-------- كان قد قرر علي نفسه في وزارة الفلاحي ان يحمل كل سنة عشرين الف دينار عما في يده ويد عشيرته فتاخر الحمل سنتين فاخذ شجاع الدولة والي حص باغراء الوزير علي ثمال وتشهيل امر حلب فتقدم الامر الي ابن حمدان بالمسير هو -والي حمص بجماءع العربان فنزل حلب يوم الاربعاء-------------------------------------- لخمس عشرة من ربيع الاخر وكانت بينه وبين ثمال حروب- الت الي -عود ابن حمدان وجاء مسيل	2	-2682575050765891394	396	620.5	307	623	63.56340408325195	65	Shamela0000176-ara1.mARkdown	Kraken210528115855-ara1.mARkdown
Shamela0000176-ara1.mARkdown.ms313	true	6953609814593373263	217	300	1098	1543	1543	300	من المكاتبة ووجد- الوزير ابو البركات السبيل الي الاغراء بابي نصر ابراهيم فما زال يبلغ المستنصر----------------------- بانه حمله الحقد لقت--ل اخيه علي الس-عي فيما يضر الدولة من التوسط بين ثمال والحضرة------------------------------- وان ابن حمدان اساء التدبير في رجوعه عن حلب فقبض علي ابي نصر-------- واخذت عامة امواله وعوقب حتي مات وولي دمشق بهاء الدولة مظفر الخادم الصقلبي وخرج اليها علي جراءد الخيل فدخلها علي حين غفلة وقبض علي ناصر الدولة ابن حمدان وحمله الي صور ونقله الي الرملة وصودر واقام مظفر--------------- الخدمة بدمشق-	313	-9080523936259337219	Kraken210528115855-ara1.mARkdown.ms003	false	6532315307420599123	1	88	5	455	1600	300	من المكاتبة واغري الوزير الحسين بن محمد---------------------------------------------- المستنصر بابي نصر هارون التستري بانه حمله الحقد من قبل اخيه علي انه عي فيما يضر الدولة و--التوسط بين ثمال بن صالح وبين الدولة ليكون في نيابة حلب وان ابن حمدان اساء التدبير في عود-ه عن حلب فقبض علي ابي نصر التستري واخذ جميع م---اله وعوقب حتي مات -ولي دمشق مظفر------------ الخادم الصقليي فسار ------علي جراءد الخيل ودخل دمشق بغت-----ة وقبض علي ناصر الدولة -بن حمدان وحمله الي صفد ونقله الي الرملة وصودر واقام بهاء الدولة مظفر ال الخدمة بدمشق	3	-2682575050765891394	304	456.5	241	527	57.68500900268555	46	Shamela0000176-ara1.mARkdown	Kraken210528115855-ara1.mARkdown
Shamela0000176-ara1.mARkdown.ms314	true	7312633906443976696	0	189	0	1038	1615	300	وقبض علي راشد بن سنان بن عليان امير بني كلاب و--------------اعتقله بصور وخرج امير الامراء المظفر فخر الملك عدة الدولة وعمادها رفق الخادم في ثامن عشر ذي القعدة بتجمل كثير وابهة عظيمة وقوة قوية وعدة وافرة والات طبله- وعساكر------ تبلغ عدتهم ثلاثين الفا وكان المنفق فيه عينا مع قيمة العروض اربعماءة الف دينار فبرز ظاهر القاهرة يريد حلب وخرج المستنصر لتشييعه وكتب- لجميع امراء الشام بالانقياد له والطاعة لامره وان يترجلوا له اذا لقوه وسار فوافي -الرملة وقد وصل رسول صاحب القسطنطينية------ بالصلح بين المستنصر وبين بني مرداس ففشل رفق وانخرقت حرمته-- وجرت بالرملة وبدمشق امور الت الي حرب بين العسكر عدة ايام فبات يوما ظاهر دمشق وفيها قتل الوزير صدقة بن يوسف------- الفلاح---ي يوم الاثنين النصف من- المحرم بخزانة البنود ودفن فيها واتفق في وفاته عجب وهو انه لما ولي الوزارة سعي في اعتقال ابي علي الحسن بن علي الانباري واعتقله بخزانة البنود ثم قتله في سنة ست وثلاثين واربعماءة ودفنه بخزانة البنود فلما قبض عليه بعد صرفه عن الوزارة سجن في المكان الذي كان فيه ابن الانباري من خزانة البنود وقتل فيها ودفن مع---------------------------------------------------------------------------------------------------------------------------------------------------------------------------------------------------------------------------------------------------------ه وك--------------------------------------------------------------------ان ابن الانباري من جماعة الوزير الجرجراءي ورفيقا للفلاحي و------صاحبه -----ولما ولي الوزارة	314	-9080523936259337219	Kraken210528115855-ara1.mARkdown.ms003	false	6532315307420599123	88	299	455	1596	1600	300	وقبض علي راشد بن سن---------ان امير بني كلاب وحمله الي صور فاعتقله بها سار ا--مير الامراء المظفر فخر الملك عدة الدولة وعمادها رفق الخادم في ثامن عشر ذي ال-عدة في ---------ابه------ة وقو-----ة وعدة وافرة والات جليلة وعساكر كثيرة تبلغ عدتهم ثلاثين الفا من-------------------------------------------------------------- القاهرة يريد حلب وخرج المستنصر لتشييعه وتقدم لجميع ولاة- الشام بالانقياد اليه----------------------------------------- فوافي بالرملة لا----- رسول ملك- القسطنطينية واصلا بالصلح بين المستنصر و----بني موداس ففشل رفق وانحرفت االخدمة وجرت بالرملة ود-مشق امور الت الي حرب بين العسكر مدة ايام بباب توما من-- دمشق ف-يها قتل الوزير صدقة بن يوسف بن علي الفلاحي في يوم الاثنين الخامس من المحرم بخزانة البنود ودفن -بها ---------------------وكان- لما ولي الوزارة سعي في اعتقال اب----ي الحسن علي بن الانباري فاعتقله و--------------------------------------------------قتله بخزانة البنود فاعتقل هو ايضا ف-----------------------ي المكان الذي كان فيه ابن الانباري ----------------وقتل فيه- ودفن معه فلما حفرت له فيه حفرة ليواري فيها ظهر للفعلة عند الحفر راس فلما رفع سءل الفلاحي عنها فقال هذه راس ابن الانباري وانا قتلته ودففته في هذا الموضع وانشد الخفيف رب لحد قد صار لحدا مرارا ضاحكا من تزاحم الاضداد فقتل الفلاحي ودفن معه بخزانة البنود في حفرته وكان هذا من عجاءب الاتفاق اذ فعل معا الفلاحي كما فعلي بابن الانباري وكان ابن الانباري من جماعة الوزير الجرجراءي ورفيقا للفلاحي وبينهما صحبة فخافه لما ولي الوزارة	3	-2682575050765891394	685	1031.0	553	1408	48.650569915771484	92	Shamela0000176-ara1.mARkdown	Kraken210528115855-ara1.mARkdown
Shamela0000176-ara1.mARkdown.ms318	true	3967420192771435251	170	239	908	1291	1597	300	سنة احدي واربعين واربعماءة في ثاني المحرم صرف قاضي القضاة احمد بن عبد العزيز بن النعمان عن القضاء----- وكانت هذه ولايت----ه الثانية وله فيه ثلاث عشرة سنة وشهر و-اربعة ايام واستدعي الي حضرة المستنصر القاضي ابو مح---------------------------مد اليازوري وخلع عليه مكانه في رابع عشره وقرء سجله في الديوان وخرج والدولة باسرها بين يديه و------------------------------------------------------------------------استناب ابنه الاكبر ابا الحسن محمدا ولقب بالقاضي الاجل خطير الملك واقام ابنه الاخر في جهات	318	-9080523936259337219	Kraken210528115855-ara1.mARkdown.ms004	false	800147114917670390	24	101	127	551	1601	300	سنة احدي واربعين واربعماءة في ثاني المحرم صرف قاسم بن عب------------د العزيز بن النعمان عن القضاء بمصر وكانت---- ولايته هذه الثانية-------- ثلاث عشرة سنة وشهرا واربعة ايام وتولي مكانه--------------------- ابو محمد الحسن بن علي بن عبد الرحمن اليازوري وذلك ان الوزير ابا البركات الجرجراءي خياف من اليازوري ان يجمع له----- بين توليه الوزارة وجهات والدة المستنصير فقصد اشغاله بالحكم كي لا يتفرغ لشغلي اخر فاستناب ولده الاكبر ابا الحسن محمد- ولقب بالقاضي الاجل خطير الملك----------------- في جهات	4	-2682575050765891394	230	333.5	185	492	46.74796676635742	32	Shamela0000176-ara1.mARkdown	Kraken210528115855-ara1.mARkdown
Shamela0000176-ara1.mARkdown.ms319	true	-7300121252172910110	167	300	836	1523	1523	300	الي المعرة فظن من معه من العساكر انه يريد ان ينهزم فاجدوا في الرحيل وقد حاصر قلوبهم الوجل وداخلهم الخوف فامر بردهم اليه فابوا ذلك عليه وفطن اهل حلب لهم فتبعوهم ونهبوا ما قدروا عليه منهم وكانت بينهما------ حرب----------- جرح فيها رفق في عدة مواضع من راسه وبدنه واسر وانهزم العسكر باسره وحمل رفق ----علي بغل وهو مكشوف الراس ومعه جماعة من وجوه- عسكره فلم يحتمل ما اصابه واختلط عقله ومات ب--قلعة حلب بعد ثلاثة ايام في مستهل ربيع الاخر واعتقل عامة من كان معه من القواد والكتاب بحلب فلما ورد الخبر بذلك علي المستنصر امر بالافراج عن ناصر الدولة ابي محمد الحسن بن الحسين بن حمدان من الاعتقال وقلد امارة د----------------------------------------------------------------------------------------------------------------------------------------------------------------------------------------------------------------------------------------------------------------------------مشق الامير المءيد مصطفي الملك معز الدولة ذا الرءاستين حيدرة بن الامير عصب الدولة حسين بن مفلح في رجب وخرج معه ناظرا-	319	-9080523936259337219	Kraken210528115855-ara1.mARkdown.ms004	false	800147114917670390	132	280	706	1493	1601	300	الي المعرة فظن الناس انها هدية فاخذ العسكر ف---------------ي الرحيل وقد -------------------داخلهم الوجل فامر بردهم----- فابوا واخذ--------- اهل حلب في تتبع--هم ونهبهم ف-------------------كانت بين الفريقين حرب الت الي ان جرح----- رفق عد جراحات----------------- واسر-------------------- وحمل الي حلب علي بغل---- مكشوف الراس ومعه جماعة من اماءل عسكره ف-------------------اختلط عقله ومات بالقلعة---- بعد ثلاثة ايام في مستهل ربيع الاول واعتقل عامة قواده وكتابه بقلعة حلب و---------------ورد الخبر الي----- المستنصر فاطلق---------- ناصر الدولة------------------------- بن حمدان من الاعتقال وسخط علي الوزير ابي البركات الحسين بن محمد الجرجراءي لشروعه فيما عادت مضرته علي الدولة من تسيير العساكر الي حلب ونفي الي صور فاعتقل بها ثم اطلق ومضي الي دمشق وكثرت في ايامه المصادرات وكان شديد البطش سريع الانتقام ونظر بعده في الدواوين عميد الدولة ابو الفضل صاعد بن مسعود ولي امر دمشق الامير المءيد مصطفي الملك معز الدولة ذو الرياستين حيدرة بن الامير عصب الدولة حسين بن مفلح في رجب وخرج معه ناظرا	4	-2682575050765891394	385	544.0	304	980	39.28571319580078	58	Shamela0000176-ara1.mARkdown	Kraken210528115855-ara1.mARkdown
Shamela0000176-ara1.mARkdown.ms322	true	9141765073490436296	160	300	836	1601	1601	300	سنة ثلاث واربعين واربعماءة فيها اظهر المعز بن باديس صا----------حب افريقية الخلاف علي المستنصر وسير رسولا الي بغداد ليقيم الدعوة العباسية واستدعي منهم الخلع فاجيب الي ذلك وجهزت الخلع علي يد ر-سول يقال له ابو غالب الشيزري ومعه العهد والل-واء الاسود------ فمر ببلاد الروم ليعدي منها الي افريقية فقبض عليه صاحب الروم وبلغ ذلك المعز بن باديس فارسل الي قسطنطين ملك الروم في امره فلم يجبه رعاية لحق المستنصر واتفق قدوم رسول طغرلبك يستاذنه في مسيره الي مصر فاظهر المودة التي بينه وبي-ن المستنصر وانه لا يرخص في اذيته واتفق قدوم رسول المستنصر اليه بهدية عظيمة فبعث معه برسول القاءم بما علي يده فدخل الي القاهرة علي جمل--------- واحرق العهد واللواء والهدية في حفرة بين القصرين وكان القادر قد فعل مع الظاهر والد المستنصر مثل ذلك بالخلعة التي سيرها الي---------------- محمود بن سبكتكين ثم ---------اقر المستنصر رد الرسول الي صاحب-	322	-9080523936259337219	Kraken210528115855-ara1.mARkdown.ms005	false	-1071547008540758240	30	125	187	720	1696	300	سنة ثلاث واربعين واربعماءة فيها اظهر المعز بن باديس الصحفهاجي صاحب افريقية الخلاف علي المستنصر وسير رسولا الي بغداد ليقيم الدعوة العباسية واستدعي التشريف--- فاجيب الي ذلك وجهز- ال-يه علي يدا رسول يعرف بابي-- غالب الشيرازي عهد بالولاية ولواء --اسود وخلعة فمر ببلاد الروم ليعدي منها الي افريقية فقبض عليه صاحب ال---------------------------------------------------------------------------------------------------------------------------------------------------------------روم وشيعه للمستنصر-------------------------------------------------------------------------------------------------- فدخل ------------علي جمل وهو مجرس واحرق العهد وال-واء واه-دية في حفرة بين القصرين وكان القادر قد فعل مع الظاهر والد المستنصر مثل ذلك بالخلعة التي سيرها علي يد رسول محمد بن محمود بن سبكتكين ثم بعد ذلك اعاد المستنصر--- الرسول ---لصاحب	5	-2682575050765891394	429	698.5	348	819	52.380950927734375	64	Shamela0000176-ara1.mARkdown	Kraken210528115855-ara1.mARkdown
Shamela0000176-ara1.mARkdown.ms329	true	-4327539785829838775	9	54	56	317	1569	300	علي ذلك-- سنة اربع واربعين واربعماءة فيها كتبت بغ-داد محاضر تتضمن القدح في نسب الخلفاء المصريين ونفيهم من الالتحاق بعلي بن ابي طالب رضي الله عنه وجمع ساءر اعيان الفقهاء ببغداد واشرافها وقضاتها وعزوا نسبهم في الديصانية من المجوس وسيرت المحاضر الي البلاد وشنع عليهم	329	-9080523936259337219	Kraken210528115855-ara1.mARkdown.ms006	false	-2773030689673495601	6	46	28	264	1645	300	الي اليوم سنة اربع واربعين واربعماءة----- كتبت ببغداد محاضر تتضمن القدح في نسب الخلفاء المصريين ونفيهم من الالتحاق بعلي بن ا-ي طالب------------- وجمع ساءر --------فقهاء بغ-داد واشرافها وقضاتها وعزوا نسبهم في الديصانية من المجوس وسيرت المحاضر الي البلاد وشنع عليهم	6	-2682575050765891394	228	410.0	188	264	86.36363983154297	34	Shamela0000176-ara1.mARkdown	Kraken210528115855-ara1.mARkdown
Shamela0000176-ara1.mARkdown.ms334	true	-1649097992561286898	13	164	67	879	1619	300	وجال في اعمال انطاكية -نهب-- وسبي -------------فقدمت م--ن القسطنطينية قطاءع يقال ان عدتها ثمانون قطعة فكانت بينها وبين ابن ملهم حروب الت الي ان اسر هو وجماعة من اعيان العرب في اخر---------- ربيع الاخر وفيها استدعي راشد--------- بن عليان بن سنان امير الكلبيين فاعتقل بالقاهرة وردت امارة بني كليب لنبهان القريطي وقبض علي اقطاع راشد واخيه مسمار وهو مقيم بظاهر دمشق ففر الي غالب بن صالح فكتب المستنصر الي ثمال ينكر عليه تسيير هدية الي ملك الروم فتحير في امره واعتذر سنة سبع واربعين واربعماءة ف-----------------------------------------------------------------------------------------------------------------------------------------------------------------------------------------------------------------------------------------------------يها سير المستنصر الي كنيسة قمامة فاحتاط بجميع ما فيها وذ----------------لك ان القاضي ابا عبد الله القضاعي كان قد توجه من عند الخليفة برسالة الي متملك الروم فقدم وهو بالقسطنطينية رسول السلطان طغرلبك بن سلجوق يلتمس من الملكة تيودورا ان تمكن رسوله من الصلاة في جامع قسطنطينية فاذنت له في ذلك فدخل اليه وصلي به----- وخطب للخليفة القاءم بامر الله العباسي فبعث القضاعي بذلك الي المستنصر	334	-9080523936259337219	Kraken210528115855-ara1.mARkdown.ms006	false	-2773030689673495601	155	300	852	1645	1645	300	وجال في اعمال انطاكية فنهبها وسبي منها كثير فبلغ ذلك ملكة القسطنطينية فسيرت-------------- ثمانين قطعة في البحر فاسرت-- ابن ملهم ومن معه ----------------------من اعيان العرب لليلتين بقيتا من ربيع الاخر وفيها استدعي راشد بن سينان بن علي--------ان امير الكلبيين------------------------------------ لنبهان بن قرمطي------------------------------------------------------------------------------------------------------------------------------------------------------- سنة سبع واربعين واربعماءة فيها ابتدات الوحشة بين ابي الحارث ارسلان البساسيري احد امراء بغداد وبين ال الخليفة القاءم صاحب بغداد فسار الي الرحبة لما علم بقدوم السلطان طغرلبك وسير الي المستنصر يلتمس منه النجدة لفتح بغداد وانه يكفي في رد طغرلبك عن قصد الشام ومصر فاجيب لذلك وفيها سير المستنصر فقبض علي ---------------جميع ما في كنيسة القمامة وسبب ذلك ان القاضي ابا عبد الله القضاعي كان قد توجه من مصر-------- برسالة الي القسطنطينية فقدم اليها -----------رسول-------- طغرلبك يلتم---------س من ملكته--------ا ان يصلي رسوله---------- في جامع قسطنطينية فاذنت له في ذلك فدخل----- وصلي بجامعها وخطب للخليفة القاءم ربط-------------- فبعث القضاعي بذلك الي المستنصر-	6	-2682575050765891394	394	519.0	313	1115	35.33632278442383	62	Shamela0000176-ara1.mARkdown	Kraken210528115855-ara1.mARkdown
Shamela0000176-ara1.mARkdown.ms346	true	4567203350242432713	82	120	429	615	1592	300	ان يكتب علي سكة نقش عليها------- ضربت في دولة ال الهدي من ال طه و---ياسين مستنصر بالله جل اسمه وعبده الناصر للدين سنة ك---------ذا وطبعت عليها الدنانير مدة شهر ثم امر المستنصر بمنعها ونهي ان تسطر في السير	346	-9080523936259337219	Kraken210528115855-ara1.mARkdown.ms008	false	-5291918701668724726	122	162	670	864	1546	300	ان يكتب علي سكة نقش عليها البسيط ضربت في دولة ال الهدي من ال طه وال ياسين مستنصر بالله جل اسمه وعبده الناصر للدين سنة كذا وشهر كذا وطبعت عليها الدنانير نحو شهر و--امر المستنصر ان لا--------- تسطر في السير	8	-2682575050765891394	166	294.5	131	205	80.9756088256836	30	Shamela0000176-ara1.mARkdown	Kraken210528115855-ara1.mARkdown
Shamela0000176-ara1.mARkdown.ms348	true	-4013676248113328459	37	142	176	678	1518	300	عن ابيه في قضاء القضاة فلما --------------سار الي الشام بال----------عساكر الكثيرة معه كان في حال من البذخ والتجمل في حال لا يمكن شرحها فلما نكب ابوه ال حاله الي ان يري في مسجد ب--مدينة فوة يخيط للناس بالاجرة وقد نزل به م-------ن الفقر والبلاء شداءد وهو يبالغ في مطالبة شخص باجرة ما--- خاطه- له والرجل --------يماطله ف-----------------------------------------لما الح في المطالبة قال له يا سيدنا اجعل هذا القدر اليسير من جملة ما ذهب منك في الس-فرة الشامية فقال دع ذكر ما م-ضي فساله رجل عن ذلك فلم يجب-ه فسال عبده فقال الذي ذهب منه في تلك السفرة علي نفقات سماطه مقدار ستة عشر الف دينار فسبحان	348	-9080523936259337219	Kraken210528115855-ara1.mARkdown.ms008	false	-5291918701668724726	201	300	1065	1546	1546	300	عنه---- في قضاء القضاة والوزارة وغير ذلك وسار الي الشام فاصلح اموره بعساكر جمة في خذمته ثم رءي بعد ذلك ب--------------------------------------------------------------------مسجد في مدينة فوة يخيط للناس بالاجرة وهو في حالي شديدة من الفقر و----رءي يوما وهو يطالب رجلا--------- باجرة خياطة خاطها له والرجل يدافعه ويماطله وهو يلح في الطلب ولا يرخص له في الانتظار فلما الح عليه------- قال يا----سيدنا اجعل هذا القدر اليسير من جملة ما ذهب منك في البتفرة الشامية فقال دع ذكر ما م ضي فساله شخص عن ذلك فلم يخبره فسال غيره فقال الذي ذهب منه في سفرته في -------فقات سماطه------ ستة عشر الف دينار فسبحان-	8	-2682575050765891394	307	427.0	238	591	51.94585418701172	50	Shamela0000176-ara1.mARkdown	Kraken210528115855-ara1.mARkdown
Shamela0000176-ara1.mARkdown.ms352	true	-2037519757741788261	70	120	354	598	1619	300	ابو الفرج محمد بن جعفر بن محمد ب-------ن الحسين بن المغ---------------ربي وفيها تولي قضاء القضاة عوضا عن اليازوري ابو علي احمد بن عبد الحكم- بن سعيد ال-------------ي ذي القعدة وصرف بابي القاسم عبد الحاكم بن وه-ب بن عبد الرحمن المليجي وتولي------- المءيد في الدين ابو نصر هبة الله بن موسي	352	-9080523936259337219	Kraken210528115855-ara1.mARkdown.ms009	false	-2435565468307540048	75	130	380	650	1598	300	ابو الفرج محمد بن جعفر بن محمد بن علي بن الحسي---ن المغربي من بني المغربي و-----تولي الحكم بعد---------- اليازوري ابو علي احمد بن عبد الحاكم بن سعيد الفارق ثم صرف في ذي القعدة وتولي ابو القاسم عبد الحاكم بن وهيب بن عبد الرحمن المليجي وتولي الدعوة المءيد في الدين ابو نصر هبة الله بن موسي	9	-2682575050765891394	209	350.0	165	288	72.56944274902344	35	Shamela0000176-ara1.mARkdown	Kraken210528115855-ara1.mARkdown
Shamela0000176-ara1.mARkdown.ms358	true	-6789520275760227446	4	141	22	705	1544	300	الت الي ان انكسر ناصر الدولة كسرة عنيفة فاصابته ضربة شلت منها يده ورجع منهزما- في مستهل شعبان فقال عب---------------------------------------------------د العزيز العكيك الحلبي وقد -------------مدح ناصر الدولة--------- فلم يجزه------------ ولءن غلطت بان مدحتك طالبا جدواك مع علمي بانك باخل فالدولة الزهراء قد غلطت بان نعتتك ناصرها وانت الخاذل ان تم امرك مع يد لك اصبحت شلاء فالامثال عندي باطل واما ابن ملهم فانه بعث الي اسد الدولة ابي ذءابة عطية بن صالح فسلمه حلب ودخلها في عاشر شعبان هذا واقام بها يوم ثم خرج عجزا عنها فوصل محمود في ثاني عشره وملكها وفي تاسع رمضان صرف ابو الفرج ابن--------- المغربي عن الوزارة واعيد اليها ابو الفرج عبد الله بن محمد البابلي و---------------صرف عن قضاء القضاة عب-----د الحاكم بن وهب في جمادي الاخرة واستقر عوضه ابو عبد الله احمد بن محمد بن ابي ذكري- في حادي عشري--- رجب	358	-9080523936259337219	Kraken210528115855-ara1.mARkdown.ms011	false	-1155298091513142453	12	140	65	699	1493	300	الت الي ان انكسر ابن حمدان-- كسرة شنيعة واصابته ضوبة شلت منها يده وكانت الوقعة في مستهل شعبان وبقيت حلب بيد معز الدولة بن موداس فقال ابو الحسن علي بن عبد العزيز الفكيك الحلبي وكان قد قدم مصر ومدح ناصر الدولة بن حمدان فلم يجزه فقال الكامل ولءن غلطت بان مدحتك طالبا جدواك مع علمي بانك باخل فالدولة الزهراء قد غلطت بان نعتتك ناصرها وانت الخاذل ان تم امرك مع يد لك اصبحت شلاء فالامثال عندي باطل --------------------------------------------------------------------------------------------------------------------------------------------------------------وفي تاسع رمضان صرف ابو الفرج محمد بن جعفر المغربي عن الوزارة واعيد اليها ابو الفرج عبد الله بن محمد البابلي وفي جمادي الاخر صرف عن الحكم ابو القاسم عبد الحاكم بن وهيب وتولي عوضا 101 عن--------ه ابو عبد الله احمد بن محمد بن ابي زكريا في حادي عشر شهر رجب	11	-2682575050765891394	443	750.0	349	802	55.236907958984375	77	Shamela0000176-ara1.mARkdown	Kraken210528115855-ara1.mARkdown
Shamela0000176-ara1.mARkdown.ms359	true	-7152851235798146286	0	77	0	382	1638	300	ابي ذكري فاستقر في الحكم بعده ابو علي احمد بن قاضي القضاة عبد الحاكم بن سعيد في رابع عشر---ه وصرف في خامس صفر واستقر عوضه ابو القاسم عبد الحاكم بن وهيب المليجي ثم صرف في حادي عشر ر-----مضان واستقر عوضه ابو محمد عبد الكريم بن عبد الحاكم بن سعد- بن مالك بن سعيد الفارقي واستخلف ابنه عميد الملك ابا الحسن وصرف ابن المدبر عن الوزارة واستقر بعده ابو محمد عبد الكريم -بن عبد الحاكم اخو قاضي القضاة	359	-9080523936259337219	Kraken210528115855-ara1.mARkdown.ms011	false	-1155298091513142453	173	249	866	1236	1493	300	ابي زكريا وتول---ي الحكم -----ابو علي احمد بن قاضي القضاة عبد الحاكم بن سعيد في رابع عشر صفر وصرف في خامس رجب وتولي ------ابو القاسم عبد الحاكم بن وهيب المليجي ثم صرف في حادي عشر شهر 7 مضان وتولي مكانه ابو محمد عبد الكريم بن عبد الحاكم بن سعيد بن مالك بن سعيد الفارق -واستخلف ولده عميد الملك ابا الحسن وصرف ابن المدبر عن الوزارة و-------وزر ابو محمد عبد الكريم ابن عبد الحاكم اخو قاضي القضاة	11	-2682575050765891394	326	573.5	257	392	83.16326904296875	60	Shamela0000176-ara1.mARkdown	Kraken210528115855-ara1.mARkdown
Shamela0000176-ara1.mARkdown.ms360	true	6807374273236642495	239	265	1262	1380	1557	300	بعده الي اخيه ابي علي احمد بن عبد الحاكم بن سعيد------- ثم صرف عن القضاء في صفر بابي----------------- القاسم عبد الحاكم بن وهيب بن عبد الرحمن	360	-9080523936259337219	Kraken210528115855-ara1.mARkdown.ms009	false	-2435565468307540048	92	118	463	588	1598	300	بعد- اليازوري ابو علي احمد بن عبد الحاكم بن سعيد الفارق ثم صرف في ذ----------------ي القعدة وتولي ابو القاسم عبد الحاكم بن وهيب بن عبد الرحمن	9	-2682575050765891394	92	148.0	70	142	64.78873443603516	17	Shamela0000176-ara1.mARkdown	Kraken210528115855-ara1.mARkdown
Shamela0000176-ara1.mARkdown.ms360	true	6807374273236642495	209	258	1102	1347	1557	300	سنة اربع وخمسين واربعماءة في ثالث المحرم توفي ابو محمد عبد الكريم بن عبد الحاكم------- في وزارته وكان ابوه قاضي طرابلس فانتقل ابو محمد الي مصر وكان-------------- فاضلا فردت الوزارة بعده --الي اخيه ابي علي احمد بن عبد الحاكم بن سعيد ثم صرف عن القضاء في صفر بابي القاسم	360	-9080523936259337219	Kraken210528115855-ara1.mARkdown.ms011	false	-1155298091513142453	249	300	1236	1493	1493	300	سنة اربع وخمسين واربعماءة في ثالث المحرم توفي ابو محمد عبد الكريم بن عبد الحاكم الوزير في وزارته وكان ابوه قاضي طرابلس وانتقل ---------الي مصر وكان ابو محمد رجلا فاضلا وردت الوزارة والحكم الي اخيه ابي علي احمد بن عبد الحاكم بن سعيد ثم صرف عن الحكم- في صفر بابي القاسم-	11	-2682575050765891394	224	397.0	179	268	83.58209228515625	40	Shamela0000176-ara1.mARkdown	Kraken210528115855-ara1.mARkdown
Shamela0000176-ara1.mARkdown.ms361	true	-3689389630323737978	52	267	280	1401	1589	300	كان من عادته-------- في كل سنة ان يركب علي النجب ومعه النساء والحشم الي جب عميرة وهو موضع نزهة ويغير هيءته كانه خارج يريد الحج علي سبيل الهزر- والمجانة ومعه الخمر محمول في الروايا عوضا عن الماء ويدور به سقاته عليه وعلي من معه كانه بطريق الحجاز او كانه ماء زمزم وقد انشد الشريف ابو الحسين علي بن الحسين بن حيدرة العقيلي المستنصر في ذلك صبيحة يوم عرفة قم فانحر الراح يوم النحر بالماء ولا تضح ضحي الا بصهباء وادرك حجيج الندامي قبل نفرهم الي مني فصفهم مع كل هيفاء وعج علي مكة الروحاء مبتكرا فطف بها حول ركن العود والناء فلما كان في جمادي الاخر-------------ة خرج علي عادته واتفق ان بعض الاتراك جرد سيفا في سكرة منه علي بعض عبيد الش-راء فاجتمع عليه --عدة من العبيد وقتلوه فغضب لذلك جماعة الاتراك واجتمعوا باسرهم ودخلوا علي المستنصر وقالوا ان كان هذا الذي قتل منا علي رضاك فالسمع والطاعة وان كان قتله عن غير رضا امير المءمنين فلا صبر لنا علي ذلك وانكر المستنصر ان قتله برضاه او امره فخرج الاتراك واشتدوا -----علي العبيد يريدون محاربتهم فبرزت العبيد اليهم وكانت بين الفريقين حروب بناحية كوم شريك قتل فيها عدة وانهزم العبيد وقويت الاتراك هذا والسيدة ام المستنصر ت-مد العبيد بالاموال والسلاح فاتفق في بعض الا---------يام ان ب------عض الاتراك و-قف علي شء مما تبعث به ام المستنصر	361	-9080523936259337219	Kraken210528115855-ara1.mARkdown.ms012	false	-2152104519430233541	55	190	278	988	1591	300	كان من عادة المستنصر في كل سنة ان يوكب علي النجب مع-- النساء والحشم الي جب عميرة وهو موضع نزهة بهيءة -------انه خارج ل-----لحج علي سبيل الهزوء والمجانة ومعه الخمر------ في الروايا عوضا عن الماء ويسقيه الناس كما يفعل--------------- بطريق--------------------------------------------------------------------------------------------------------------------------------------------------------------------------------------------------------------------------------------- مكة-------------------------------------------- فلما كان في جمادي الاخرة من هذه السنة خرج علي عادته واتفق ان بعض الاتراك جرد سيفا ف- سكرة منه علي بعض عبيد الشعراء فاجتمع عليه طاءفة من العبيد وقتلوه ف--------اجتمع- الاتراك بالمست--------------------------نصر وقالوا ان كان هذا عن-------------- رضاك فالسمع والطاعة وان كان----- عن غير رضا-------------- فلا نوضي بذلك ف------انكر المستنصر ----ذلك --واجتمع جم-اعة من الاتراك و-قتلوا جماعة من العبيد بعد ان حصل ينهم و------------------------بين العبيد قتال شديد علي كوم شريك------------- وانهزم العبيد ---من الاتراك وكا------نت ام المستنصر تعين العبيد بالاموال والسلاح فظفر- في بعض الايام احد الاتراك بذلك فجمع الاتراك ودخل علي------------------ المستنصر	12	-2682575050765891394	543	730.5	427	1168	46.48972702026367	85	Shamela0000176-ara1.mARkdown	Kraken210528115855-ara1.mARkdown
Shamela0000176-ara1.mARkdown.ms362	true	4550260258295672782	178	300	1027	1636	1636	300	سوء العاقبة في ذلك ولم يوافقها عليه فلم تزل به حتي صرف من الوزارة واستقر-- وزيرها ابو محمد اليازوري في الوزارة فاوعزت اليه بذلك ف--------------ساس الامور----- سياسة جميلة الي ان انقضت ايامه ووزر البابلي فامرته بذلك فشرع فيه و--------------تغيرت النيات-- وصارت قلو-ب كل من الطاءفتين تضمر السوء للاخري حتي كان من الحرب ما قد ذكر ولم يزل ذلك حتي خرب الاقليم كله وهلك اهله كما سياتي وفيها توفي الشريف ابو الحسن ابراهيم بن العباس بن الحسن بن الحسين بن علي بن محمد بن علي -بن اسماعيل بن جعفر الصادق وكان قد ولي قضاء دمشق مر-تين و-في سابع عشر ذي القعدة توفي----- القاضي الفقيه ابو عبد الله محمد بن سلامة بن جعفر -بن علي بن حكمول بن ابراهيم بن محمد بن مسلم القضاعي-	362	-9080523936259337219	Kraken210528115855-ara1.mARkdown.ms013	false	-7027231371567182421	58	160	328	848	1565	300	سوء العاقبة ف-------لم يطاوعها فصرفته ع-----------------ن الوزارة واستخدمت وزيرها--------- الياز-----------وري فا-----مرته بذلك فلم يقبل منها وساس الامور احسن سياس------ة الي ان قتل وزر بعده---- البابلي وامرته بذلك فاخذ في اسباب ما امرته فتغيرت --نياتهم وصار في قلب كل -----طاءفة من ا----------لاخري احن فكانت بدء الخراب---------------------------------------------------------- وفيها توفي الشريف ابو الحسن ابراهيم بن العباس بن الحسن بن الحسين بن علي بن محمد بن علي ابن اسماعيل بن جعفر الصادق وكان--- ولي قضاء دمشق دفعتين و في سابع عشر ذي القعدة توفي بمصر القاضي الفقيه ابو عبد الله محمد بن سلامة بن جعفر ابن علي بن حكمون بن ابراهيم بن محمد بن مسلم القضاعي	13	-2682575050765891394	403	600.5	321	657	61.339420318603516	58	Shamela0000176-ara1.mARkdown	Kraken210528115855-ara1.mARkdown
Shamela0000176-ara1.mARkdown.ms363	true	-2273087597525316233	0	137	0	711	1559	300	وكان يخلف--- القضاة في الحكم بمصر وكان اماما محدثا وله--------- كتاب الشهاب وكتاب الخطط وكتاب انباء الانبياء وغير ذلك من المصنفات وفيها توفي الرءيس ابو الحسن علي بن رضوان بن علي بن جعفر الطبيب وتوفي المعز بن باديس بالقيروان في رابع شعبان سنة خمس وخمسين واربعماءة فيها ردت الوزارة والحكم معا الي ابي علي احمد------------------------------ بن قاضي القضاة عبد الكريم بن عبد الحاكم في ثالث عشر المحرم ثم صرف عنهما في سابع---- صفر واعيدت الوزارة لابي الفضل عبد الله بن يحيي بن المدبر والحكم الي ابي القاسم عبد الحاكم بن وهيب و-في تاسع عشر جمادي الاولي توفي الوزير ابو المفضل عبد الله بن المد--------بر وقد تكررت ولايته للوزا--رة وسمع الحديث وكان فاضلا اديبا وهو من ولد ابن المدبر متولي خراج مصر --------------في ايام ا----بن طولون و-----استقر في الوزارة ابو غالب عبد الطاهر بن الفضل بن الموفق في	363	-9080523936259337219	Kraken210528115855-ara1.mARkdown.ms013	false	-7027231371567182421	162	300	863	1565	1565	300	وكان يخلف عن القضاة--------- بمصر وكان اماما وحدث عن جماعة وصنف كتاب الشهاب وكت------------اب انباء الانبياء وغير ذلك وتوف-----------------ي الرءيس ابو الحسن علي بن رضوان بن علي بن جعفر الطبيب--------------------------------------------- سنة خمس وخمسين واربعماءة فيها ردت الوزارة والحكم---- الي ابي علي كنيته ابو احمد وهو جلال الملك احمد بن قاضي القضاة عبد الكريم بن عبد الحاكم في ثالث عشر المحرم ثم صرف عنهما في سابع عشر صفر واعيدت الوزارة لالي الفضل عبد الله بن يحيي بن المدبر والحكم الي ابي القاسم عبد الحاكم بن وهيب و في تاسع عشر جمادي الاولي توفي الوزير ابو ال-فضل عبد الله بن يحيي بن المدبر وقد ردد في الوزارة غير مرة وسمع الحديث وكان فاضلا اديبا واسلافه مذكورون وخدم الدولة العباسية وجده احمد كان في ايام احمد بن طولون وتولي مكانه في الوزارة ابو غالب عبد الظاهر بن الفضل بن الموفق في-	13	-2682575050765891394	548	954.0	437	791	69.2793960571289	95	Shamela0000176-ara1.mARkdown	Kraken210528115855-ara1.mARkdown
Shamela0000176-ara1.mARkdown.ms363	true	-2273087597525316233	137	299	711	1556	1559	300	الدين المعروف بابن العجمي ثم صرف وقبض عليه----- في السابع والعشرين من شعبان واعيد الي القضاء والوزارة جميعا ابو محمد الحسن بن مجلي بن اسد بن ابي كدينة واستمر فيهما الي خامس ذي الحجة فرتب مكانه جلال الملك احمد بن عبد الكريم ابن عبد الحاكم بن سعيد فاستخلف اخاه ابا ال--------------حسن عليا علي القضاء وفيها ندب امير الجيوش بدر الجمالي لولاية دمشق---------- وندب معه علي الخراج الشريف ابو الحس-ن يحيي بن زيد الحس-ني الزيدي وفيها قدم الصليحي مكة بعد ما ملك اليمن كله سهله وجبله وبره وبحره واقام بها وبمكة دعوة المستنصر وكسا الكعبة حريرا ابيض ورد حلية البيت اليه وكان بنو حسن قد اخذوها ومضوا بها الي اليمن فاشتراها منهم واعادها في هذه السنة واستخلف علي مكة محمد بن ابي هاشم وعاد الي اليمن سنة ست وخمسين واربعماءة في ثالث عشري المحرم صرف احمد بن عبد الحاكم عن القضاء والوزارة وتقلد------ الوزارة ابو المكارم المشرف بن اسعد بن مقبل وفوض قضاء القضاء لابي محمد الحسن بن مجلي بن ابي كدينة ثم	363	-9080523936259337219	Kraken210528115855-ara1.mARkdown.ms014	false	2290649120507270809	0	113	0	580	1516	300	الدين المعروف بابن العجمي ثم -----قبض عليه وصرف في السابع والعشرين من شعبان واعيد الي القضاء والوزارة ------ابو محمد الحسن بن مجلي بن اسد بن ابي كدينة وقبض عليه ف----ي خامس ذي الحجة ورتب مكانه جلال الملك احمد بن عبد الكريم -بن عبد الحاكم بن سعيد فاستخلف اخاه علي الحكم وهو ابو الحسن علي وف------------يها ندب امير الجيوش بدر الجمالي لولاية دمشق علي حربها وندب معه علي الخراج الشريف ابو الحسين يحيي بن زيد الحسيني الزيدي------------------------------------------------------------------------------------------------------------------------------------------------------------------------------------------------------------------------------------------------------------------------ سنة ست وخمسين واربعماءة في ثالث عشر ---محرم صرف احمد بن عبد الحاكم عن ال-حكم والوزارة جميعا وتولي الوزارة ابو المكارم المشرف بن اسعد بن عقيل وفوض الحكم لان------ي محمد الحسن بن مجلي بن ابي كدينة ثم	14	-2682575050765891394	507	901.5	406	882	57.482994079589844	85	Shamela0000176-ara1.mARkdown	Kraken210528115855-ara1.mARkdown
Shamela0000176-ara1.mARkdown.ms364	true	-6313474622758085512	1	194	7	997	1543	300	الوزارة لابي غالب عبد الطاهر بن الفضل وفوض القضاء لابي الحسن علي بن عبد الحاكم في سابع عشري ربيع الاخر ثم صرف عن القضاء في خامس جمادي الاولي بابي القاسم عبد الحاكم بن وهيب ثم صرف ابو غالب عن الوزارة واستدعي ابو البركات --حسين ---------بن عماد الدولة الجرجراءي من صور فحضر الي مصر ووليها في مستهل رجب فاقام الي العشر الاخ-ر من رمضان وصرف عن----ها وصرف ايضا عن القضاء عبد الحا---------كم وجمعا معا الوزارة والقضاء لابن ابي كدينة فباشرهما ال--------ي رابع ذي الحجة ---فصرف عن الوزارة وقرر فيها ابو علي الحسن بن ابي سع--------------يد التستري وقرر في القضاء احمد-------------- بن عبد الحا--------------كم وفيها فارق- امير الجيوش بدر----------- ولاية دمشق فرارا من اهلها لثورتهم به فقرر المستنصر بدله- الامير حصن الدولة ابا الحسن معلي بن حيدرة بن منزو بن النعمان الكناني وفيها قتل قطلمش بن اسراءيل بن سلجوق صاحب قونية واقصرا فقام بعده ابنه سليمان ابن قطلمش وفتح انطاكية سنة سبع وخمسين واربعماءة في النصف من المحرم صرف عن الوزارة ابو علي------ بن ابي سع-------يد وصرف عن القضاء ابو احمد بن عبد الحاكم وتولي الوزارة ابو شجاع محمد بن الاشرف بن ابي غالب محمد ابن علي بن خلف وكان ابوه احد وزراء بني بويه	364	-9080523936259337219	Kraken210528115855-ara1.mARkdown.ms014	false	2290649120507270809	119	300	612	1516	1516	300	الوزارة لا-ي غالب عبد الظاهر بن الفضل وفوض ال-حكم لابي الحسن علي بن عبد الحاكم في سابع عشر- ربيع الاخر ثم صرف عن الحكم- في خامس جمادي الاولي بابي القاسم عبد الحاكم بن وهيب ثم صرف ابو غالب عن الوزارة واستدعي ابو البركات الحسين ابن محمد بن عماد الدولة الجوجراني من صور فحضر الي مصر ووليها في مستهل رجب ثم صرف في العشر الاخير من رمضان ولم يعد اليها وصرف-------- القاضي عبد الحاكم من الحكم وجمع ذلك----------------- لابن ابي كدينة ثم صرف عنها جميعا في رابع ذي الحجة واستخدم في الوزارة---------- ابو علي الحسن بن ابي سعد ابراهيم بن سهل التستري و----في القضاء احمد هو جلال الملك بن عبد الكريم بن عبد الحاكم وفيها انصرف امير الجيوش بدر الجمالي عن ولاية دمشق هرب-ا من اهلها فولي----------- المستنصر عليها الامير حصن الدولة------------------ حيدرة بن منزو بن النعمان----------------------------------------------------------------------------------------------------------- سنة سبع وخمسين واربعماءة في --نصف--- المحرم صرف عن الوزارة ابو علي الحسن بن ابي سعد التستري وصرف عن القضاء ابو احمد بن عبد الكريم وتولي الوزارة ابو شجاع محمد بن الاشرف بن ابو غالب محمد -بن علي بن خلف وكان ابوه وزيرا ل---بني بويه-	14	-2682575050765891394	725	1158.0	572	1094	66.27056884765625	123	Shamela0000176-ara1.mARkdown	Kraken210528115855-ara1.mARkdown
Shamela0000176-ara1.mARkdown.ms364	true	-6313474622758085512	194	299	997	1541	1543	300	ببغداد ثم صرف عنها ثاني يوم واستقر في القضاء والوزارة جميعا ابو محمد بن ابي كدينة في --حادي ---عشريه فلم يقم غير---- اربعة ايام وصرف عنها في --------سادس ---عشري----ه واعيد ابو----------- شجاع محمد بن الاشرف الي الوزارة وتقلد القضاء -جلال الملك ابو احمد بن عبد ال------------------------------------كريم فاقام ابن الاشرف في الوزارة الي نصف ربيع الاول وصرف وقرر في الوزارة سديد الدولة ابو القاسم هبة الله بن محمد الرعباني الرحبي ثم صرف في اخره واست--وزر ا--------بن ابي كدينة واضيف اليه القضاء ايضا في نصف جمادي الاخرة فباشرهما الي ن-صف رجب وصرف عن الوزارة بابي المكارم رءيس الرءساء ال-------------شرف بن اسعد وعن القضاء بعبد الحاكم بن وهيب	364	-9080523936259337219	Kraken210528115855-ara1.mARkdown.ms015	false	-4859637576142211047	0	107	0	575	1591	300	ببغداد وصرف------- ثاني يوم عنها ولي الحكم-- والوزارة جميعا ابو محمد بن ابي كدينة في الحادي والعشرين من المحرم واقام اربعة ايام وصرف عنها جميعا في السادس والعشرين منه واعيدت الوزارة لالبي شجاع محمد بن الاشرف المقدم ذكره و-----القضاء لجلال الملك ابي احمد بن عبد الكريم وفي العشر الاوسط من ربيع الاول صرف الوزير ابن الاشرف عن الوزارة واستوزر بعده--------------------------- سديد الدولة ابو القاسم هبة الله بن محمد الرغياني وصرف اخر شهر ربيع الاول واستوزر ابو محمد بن ابي كدينة مضافا الي- القضاء في -----نصف جمادي الاخرة وصرف عنهما في نصف رجب و--تولي الوزارة------------- رءيس الرءساء ابو المكارم المشرف بن اسعد و---القضاء ع بد الحاكم بن وهيب	15	-2682575050765891394	359	513.0	284	640	56.09375	52	Shamela0000176-ara1.mARkdown	Kraken210528115855-ara1.mARkdown
Shamela0000176-ara1.mARkdown.ms365	true	-5344220994124699158	1	224	4	1193	1649	300	علي الوزير ابي المكارم في العشر الاخير من شوال وتولي الوزارة بعده الاثير ابو الحسن علي بن----- الانباري فاقام شهرا وصرف----- في ذي الحجة عن الوزارة ولم يعد اليها سنة ثمان وخمسين واربعماء-------------------------------------------------------------------------------------------ة في سادس عشرين منه صرف---------- ابن ابي كدينة عن القضاء واستقر عوضه جلال الملك ابو احمد ونعت بقاضي القضاة الاعظم وفي تاسع ربيع الاخر اعيد الي الوزارة ابو القاسم هبة الله--- محمد--- الرعباني وصرف عنها في السادس عشر منه وفي---------- جمادي الاولي ولي المستنصر امير الجيوش بدرا الشام باسره فخرج اليها بعد ما انفق عليه الف الف دينار وفي جمادي الاخرة جمع القضاء والوزارة لابي احمد جلال الملك ثم صرف -----------بعد ايام عن الوزارة بابي الحسن طاهر بن وزير فباشر اياما يسيرة وصرف ------بابي عبد الله محمد بن---- حامد التنيسي واقام يوما واحدا ثم صرف وقتل فاستوزر ابو سعد منصور بن زنبور فلم يقم في الوزارة غير ايام قليلة وهرب فاقيم بعده ابو العلاء عبد الغني بن نصر بن سعيد الضيف فباشر اياما يسيرة وصرف وكان دخول امير الجيوش الي دمشق في سادس شعبان وبلغ ما بلغت نفقة المستنصر عليه الف الف دينار سنة تسع وخمسين واربعماءة فيها قويت شوكة الاتراك واشتد باسهم وطلبوا الزيادات في واجباتهم ورواتبهم وساءت احوال العبيد وكثر- ضرر--هم وهم يتزايدون حتي صار منهم بالقاهرة ومصر وما في ظواهرهما من القري نحو الخمسين الف عبد ما بين فارس وراجل وخلت----- خزاءن --اموال المستنصر وضعفت الدولة فبعثت	365	-9080523936259337219	Kraken210528115855-ara1.mARkdown.ms015	false	-4859637576142211047	108	300	580	1591	1591	300	علي الوزير اني المكارم في العشر الاخ-ر من شوال وتولي الوزارة----- الامير ابو الحسن علي بن محمد الانباري --مدة شهر- وصرف عنها في ذي الحج-----------ة ولم يعد ل--ها سنة ثمان وخمسين واربعماءة في جمادي الاول ولي المستنصر امير الجيوش بدر الجمالي الشام باسره فخرج وقدم دمشق سادس شعبان وفي سادس عشر-- صفر صرف عن القضاء ابن اني كدينة ----------------وفوض لجلال الملك اني احمد ونعت بقاضي القضاة الاعظم وفي تاسع ربيع الاخر اعيد الي الوزارة ابو القاسم هبة الله بن محمد بن الرعياني وصرف ف-----ي السادس عشر منه وفي الرابع من جمادي ا-----------------------------------------------------------------------------------------------------لاخرة جمع الحكم- والوزارة لاني احمد جلال الملك ثم صرف عن الوزارة بعد ايام واستوزر ابو ال----حسن طاهر بن وزي------ر اياما------ وصرف ثم قرر ابو عبد الله -حمد بن ابي حامد التنيسي------ يوما واحدا ثم صرف وقتل واستوزر ابو سعد منصور بن زنبور فاقام اياما---------------------- وهرب واستوزر اب---و العلاء عبد الغني بن نصر بن سعيد الضيف فب-قي اياما ثم صرف -----------------------------------------------------------------------------------------------سنة تسع وخمسين واربعماءة فيها قويت شوكة الاتراك------------ وطلبوا الزيادات في واجباتهم وضاق---------ت احوال العبيد وكثرت ضرورتهم وهم يتزايدون حتي صار منهم بالقاهرة ومصر وما في ظواهرهما من القري قدر خم--سين الف----------- فارس وراجل واتفق خلو خزاءن الاموال--------- وضعف- الدولة فسيرت-	15	-2682575050765891394	770	1223.0	617	1347	57.16407012939453	113	Shamela0000176-ara1.mARkdown	Kraken210528115855-ara1.mARkdown
Shamela0000176-ara1.mARkdown.ms366	true	-5155845163351249800	22	143	123	772	1610	300	عشر الف ما بين فارس وراجل فساء ذ-لك الاتراك واقلقهم فصار اكابره-----م الي المستنصر وشكوا اليه امر العبيد فامرت ام المستنصر جماعة ممن كان عندها من العبيد ان يقتحموا علي الاتراك فهاجموهم علي حين غفلة وقتلوا منهم جماعة------------- ففر ابن حمدان حينءذ الي ظاهر القاهرة وتسارع اليه الاتراك وقد استعدوا لمحاربة العبيد فخرج اليهم عدة من العبيد الذين كانا بالقاهرة ومصر فكانت -------بين الطاءفتين-------------------- حروب شديدة مدة ايام فحلف منذ ذلك ابن حمدان انه لا ينزل عن فرسه حتي ينفصل اما له او عليه وثبت كل منهما فكانت الكرة----- لابن حمدان عل-------ي العبيد فوضع السيف---- فيهم وتجاوز الحد في كثرة قتلهم وتتبعهم في كل مكان حتي لم يدع ---في القاهرة ومصر منهم الا --قليلا وهم ---------مقيمون بالصعيد و--------------------الاسكن-----------درية فراي ابن حمدان	366	-9080523936259337219	Kraken210528115855-ara1.mARkdown.ms016	false	1783245421306686593	44	145	267	819	1659	300	عشر الف ما بين فارس وراجل فقلق لذلك الاتراك --قلقا شديدا وحضر مقدموهم الي المستنصر لشكوي ذلك------------ فامرت ام المستنصر م-----------ن عندها من العبيد وهج----موا علي الاتراك---------------------- وقتلوا منهم فبلغ ذلك ابن حمدان ففر ----------------الي ظاهر القاهرة وتلاحق ب--ه الاتراك فك-----------------------------------------------------------------------------انت بينهم وبين العبيد المقيمين بالقاهرة ومصر حروب شديدة مدة ايام وحلف-------- ابن حمدان انه لا ينزل عن فرسه حتي ينفصل اما له او عليه واجتهد القوم في المحاربة فكانت لابن حمدان النصرة علي العبيد فاسرف في القتل فيهم ---------------------------------------------حتي لم يبق بمصر والقاهرة م-----نهم الا القليل هذا والعبيد المقيمون بالصعيد علي حالهم وكان ايضا بالاسكندرية منهم جماعة فسار ابن حمدان	16	-2682575050765891394	353	457.5	278	756	46.69312286376953	52	Shamela0000176-ara1.mARkdown	Kraken210528115855-ara1.mARkdown
Shamela0000176-ara1.mARkdown.ms367	true	2761935156848481329	153	248	853	1400	1679	300	واعتذر بانه لم يبق عنده شء فاضطروه الي اخراج ذخاءره وذخاءر اباءه وبيعها فاخذ يخرج ذلك شيءا بعد شء وهم ياخذونها لانفسهم بايديهم ويثمنونها باقل القيم وابخس الاثمان وسار ابن حمدان بجماعة--- الاتراك الي الصعيد يريد محاربة العبيد وكان قد كثر شرهم وتزايد ضررهم وعم الكافة اذاهم وافسادهم فاجتمعوا لحربه واستعدوا للغاية فسار اليهم في شهر رمضان وقد بلغت النفقة عليه وعلي من معه الف الف دينار وكانت بينهما حروب عظيمة ووقاءع عديدة انجلت عن كسرة الاتراك وهزيمتهم الي -----------الجيزة فتلاقي بعضهم ببعض وصاروا يدا واحدة علي المستنصر والبوا عليه واتهموه بانه بعث ال---------ي العبيد	367	-9080523936259337219	Kraken210528115855-ara1.mARkdown.ms016	false	1783245421306686593	249	300	1357	1659	1659	300	فاعتذر بانه لم يبق عنده شء فالزموه ببيع----- ذخاءره فاغرجها اليهم فقوموها علي ----------------------------------انفسهم ب-----------------------------ابخس الاثمان وسار ابن حمدان بجماعة من الاتراك الي الصعيد ل----محاربة العبيد وكان قد كثر ------------------------------شرهم --فساذهم ف------------------------------------------------------------------------------------------------------كانت بينهما حرب الت الي--------------------- كسرة الاتراك وعودهم منهزمين واقاموا بالجيزة وشغبوا عل----------------------------ي المستنصر------------ واتهموه بانه بعث بالاموال الي العبيد-	16	-2682575050765891394	213	276.0	174	570	37.3684196472168	26	Shamela0000176-ara1.mARkdown	Kraken210528115855-ara1.mARkdown
Shamela0000176-ara1.mARkdown.ms368	true	4479285043152417351	11	198	68	1053	1633	300	العبيد منهم وقتل كثر من اعدادهم بحيث لم ينج منهم الا القليل وزالت حينءذ دولتهم وعظم امر ناصر الدولة واستبد------ بالامور -فصرف ابن ابي كدينة من الوزارة واعاد المليجي فلم يبق غير خمسة وصرف واع-----------------------------------------------يد ابن ا-بي كدينة وجمع له بين الوزارة والقضاء م--عا في ربيع الاول فاقام فيهما الي جمادي الاولي وصرف عن القضاء ب----جلال الملك فاقيم في منصب القضاء الي سلخ رمضان فصرف عن------- القضاء بالمليجي فاقام المليجي قاضيا الي يوم عيد النحر وصرف وتولي ابن ابي كدينة وفيها كانت---- بدمشق حروب بين امير الجيوش بدر-------- وبين عسكريته فكانت-------------------- الحروب طول السنة في بلاد الشام وديار مصر قاءمة لا تهدا وسار الامير قطب الدولة باز طغان الي ولاية دمشق ومعه---------------- ابو الطاهر حيدرة بن مختص الدولة ابي الحسين ناظرا في اعمالها وفيها زلزلت مصر زلزلة عظيمة حتي طلع الماء من الابار وهلك عالم عظيم تحت الردم وزال البحر بفلسطين من الزلازل وبعد عن الساحل مسيرة يوم ثم رجع فوق عالم كبير خرجوا يلتقطون من ارضه وخربت الرملة خرابا لم تعمر بعده وفيها انفق في غير استحقاق لمدة خمسة عشر شهرا اولها عاشر صفر سنة ستين مبلغ ثلاثين الف الف دينار سنة احدي وستين واربعماءة فيها	368	-9080523936259337219	Kraken210528115855-ara1.mARkdown.ms017	false	-2289286065655258956	25	148	132	785	1599	300	العبيد----- وقتل منهم عدة فقاتل حتي- لم ينج منهم الا اليسير وزالت------ دولتهم وعظم امر ناصر الدولة بن حمدان وكان الوزير حينءذ ابن ابي كدينة فص------------------------------------------رف واعيد المليجي فاقام في الوزارة خمسة ايام ثم صرف اعيد ابن انبي كدينة-------- الي الوزارة والقضاء جميعا في ربيع الاول فاقام ------الي جمادي الاولي وصرف عن القضاء وولي جلال الملك مكانه فيه -----------الي سلخ رمضان فصرف عنه وتولي القضاء -المليجي ثم صرف عنه ف----------ي يوم عيد النحر وتو-----لي ابن ابي كدينة ف-يها كانت حرب بدمشق ب-----ين امير الجيوش بدر الجمالي وبين عسكريته حرب بسبابها قصر دمشق فصار الحرب قاءما بمصر و-------الشام وفيها -------------------سار الامير قطب الدولة بارزطغان الي ولاية دمشق ومعه ناظر في اعمالها ابو --طاهر حيدرة بن مختص الدولة ابي الحسين -------------------------------------------------------------------------------------------------------------------------------------------------------------------------------------------------------------------------------------------------------------------------------------------------------------------------------سنة احدي وستين واربعماءة فيها	17	-2682575050765891394	451	626.5	359	1101	40.96276092529297	67	Shamela0000176-ara1.mARkdown	Kraken210528115855-ara1.mARkdown
Shamela0000176-ara1.mARkdown.ms369	true	2285988295371698509	26	218	148	1197	1628	300	ابتدات بين الاتراك وبين ناصر الدولة ابن حمدان لقوة باسه وتفرده----------------------- بالامور دونهم واستبداده بالدولة عليهم فنافسوه وحسدوه وصاروا الي الو-------------------------------زير خطير الملك وقالوا له كل ما -خرج من الخليفة من مال اخذه ناصر الدولة وتفرق اكثره ف-------ي حاشيته ولا ينا-لنا منه الا الشء القليل فقال لهم انما وصل ناصر الدولة الي هذا وغيره مما هو فيه بكم ولولا انتم لما كان له من الامر شء ولو انكم فارقتموه لا ----نحل امره واتفق----وا علي ان يكونوا جميعا عليه ويحاربوا حتي يظفروا به ويخرجوه من مصر ودخلوا الي الخليفة المستنصر وسالوه ان يبعث الي ناصر الدولة بالخروج من البلاد وتهديده ان لم يخرج فبعث اليه يامره بالخروج عن بلاده--------- فسارع الي الخروج عن القاهرة ونزل بالجيزة فامتدت الايدي عند خروجه الي دوره ودور حواشيه واصحابه وانتهبتها وافسدتها فلما كان في الليلة التي خرج قبلها دخل في خفاء-------- واجتمع بالقاءد تاج الملوك شادي وترامي عليه وقبل رجله وقال له اصطنعني وانصرني علي الو-------زير الخطير وعلي الدكز بان تركب انت واصحابك وتسير بين القصرين فاذا امكنتك الفرصة فاقتلهما فوافقه علي ذلك واجابه اليه ورجع ناصر الدولة الي مخيمه بالجيزة فلما طلع النهار شرع تاج الملوك في عمل ما تقرر بي--نه وبين ناصر الدولة فاحس الدكز	369	-9080523936259337219	Kraken210528115855-ara1.mARkdown.ms017	false	-2289286065655258956	148	299	785	1592	1599	300	ابتدات ------الوحشة بين ناصر الدولة -بن حمدان وبين الاتراك من اجل انه قويت شوكته تفرد بالامور دون الاتراك------------------ فنافسوه ذلك حتي فسدت نياتهم عليه فرفعوا امرهم في ذلك الي الوزير خطير الملك وقالوا له كل-ما يخرج من الخليفة--- مال ياخذ ناصر الدولة------ اكثره يفرقه علي حاشيته ولا يصل لنا منه الا----- القليل فقال لهم انما وصل ------------الي هذا وغير-----------ه بكم---------------------------------- ولو----- فارقتموه لم يتمم له امر- فاتفق رايهم علي محاربته واخراجه من ديار------------------------------- مصر ودخلوا علي-------- المستنصر وسالوه ان ي----خرج ناصر الدولة فارسل ا------------------------------------ليه يامره بالخروج ويهدده ان لم يخرج فسار من------------ القاهرة --الي الجيزة وامر بنهب------------------ دوره ودور حواشيه واصحابه فلما -------------------كان في الليل---------------- دخل ناصر الدولة سرا واجتمع بالقاءد تاج الملوك شاذي------------ وقبل رجله وقال له اصطنعني وانصرني علي الدكز والوزير الخطير----------- بان تركب انت واصحابك وتسير بين القصرين فاذا امكنتك الفرصة فاقتلهما واتفقا علي ذلك واصبح شاذي------------------------------------------------------------------- في علي ماد قرر في الليل مع ناصر الدولة فاحس الدكز	17	-2682575050765891394	558	753.5	446	1146	48.69110107421875	81	Shamela0000176-ara1.mARkdown	Kraken210528115855-ara1.mARkdown
Shamela0000176-ara1.mARkdown.ms370	true	-6363456554524180862	0	42	0	234	1611	300	يلوي علي شء في يسير ----من اصحابه حتي انتهي الي بني سنبس بالبحيرة فنزل عليهم واقام فيهم واستجارهم وتزوج منهم و-------------------------------------------------------------------------------------------------------------------------------------------------------------------------------------------------------------------------------------------------------------------------------------------------------------------------------------اشتد الغلاء بمصر وقلت الاقوات في الاعمال وعظم الفساد والضرر وكثر الجوع حتي اكل الناس الجيف والميتات ووقفوا في------- الطرقات يخطفون من	370	-9080523936259337219	Kraken210528115855-ara1.mARkdown.ms018	false	-4253377776595216567	57	155	313	835	1594	300	يلوي علي شء في نفر قليل من اصحابه فوصل----- الي بني سنبس بالبحيرة فنزل------------ فيه----------م وتزوج منهم وتقوي بهم وفيها صرف الوزير محمد بن جعفر المغربي من الوزارة في شهر رمضان وتولي جلال الملك وفيها قتل امير الجيوش بدر الجمالي بساحل الشام الشريف ابا طاهر حيدرة ناظر دمشق وكان من الاجواد وسلخ جلده لاحن كانت بينه وبينه وفيها تغلب الامير حصن الدولة معلي بن حيدرة الكتامي علي دمشق قهرا بالسيف في شهر شوال واساء السيرة في الناس وفيها اشتد الغلاء بمصر وقلت الاقوات في الاعمال وعظم الفساد و---------------------اكل الناس الجيف والميتات ووقفوا في ز12 وم الطرقات فقتلوا من	18	-2682575050765891394	172	273.0	139	570	30.175437927246094	27	Shamela0000176-ara1.mARkdown	Kraken210528115855-ara1.mARkdown
Shamela0000176-ara1.mARkdown.ms383	true	-7428082317435679856	69	162	361	860	1589	300	وفيها صرف الوزير محمد بن جعفر ابن المغربي عن الوزارة في---- رمضان وتقرر جلال الملك ابو احمد احمد بن عبد الكريم بن عبد الحاكم بن سعيد الفارقي وفيها قتل امير الجيوش بدر-------- بساحل الشام الشريف ابا طاهر حيدرة ناظر دمشق لاحن كانت في نفسه منه وكان يعد من الاجواد وف-------------------------------يها تغلب الامير حصن الدولة معلي بن حيدرة الكتامي علي دمشق واقتحمها قهرا بالسيف في---- شوال فاساء السيرة في الناس وفيها عظم- الغلاء بمصر واشتد جوع الناس لقلة الاقوات في الاعمال وكثرة الفساد واكل الناس الجيفة والميتات ووقفوا في------- الطرقات فقتلوا من ظفروا به	383	-9080523936259337219	Kraken210528115855-ara1.mARkdown.ms018	false	-4253377776595216567	76	157	405	844	1594	300	وفيها صرف الوزير محمد بن جعفر---- المغربي من الوزارة في شهر رمضان وتولي جلال الملك وف----------------------------------------------------------يها قتل امير الجيوش بدر الجمالي بساحل الشام الشريف ابا طاهر حيدرة ناظر دمشق---------------------- وكان م----ن الاجواد وسلخ جلده لاحن كانت بينه وبينه وفيها تغلب الامير حصن الدولة معلي بن حيدرة الكتامي علي دمشق--------- قهرا بالسيف في شهر شوال واساء السيرة في الناس وفيها اشتد الغلاء بمصر وقلت---------------- الاقوات في الاعمال وعظم- الفساد واكل الناس الجيف- والميتات ووقفوا في ز12 وم الطرقات فقتلوا من ظفروا به	18	-2682575050765891394	367	617.5	297	554	66.24549102783203	56	Shamela0000176-ara1.mARkdown	Kraken210528115855-ara1.mARkdown
Shamela0000176-ara1.mARkdown.ms385	true	-3277556071467454441	228	300	1179	1527	1527	300	ووقف مرة بعض المياسير ب-------باب القصر وصرح--------- الي ان احضر المستنصر فلما وقف بين يديه قال يا مولانا هذه سبعون قمحة وقفت علي بسبعين دينارا كل حبة قمح- بدينار في ايامك وهو اني اشتريت اردبا بسبعين دينارا فنهب مني ولم يبق في منه سوي ما وقع بيدي وانتهابي منه مع من نهب فعددت ما في يدي فجاء سبعين حبة من قمح واذا--- كل -حبة بدينار فقال المستنصر الان فرج الله علي الناس-	385	-9080523936259337219	Kraken210528115855-ara1.mARkdown.ms033	false	1650997089216546950	11	68	49	335	1598	300	ووقف---- بعض المياسير مرة علي باب القصر ونادي واستصرخ الي ان -حضر للمستنصر فقال له-------------- يا مولانا هذه سبعون قمحة وقفت---- بسبعين دينارا كل---- قمحة بدينار في ايامك وهو اني اشتريت قمح-ا بسبعين دينارا فنهب مني --فنهبت في جملة------------------------------- من نهب فوقع---- في يدي هذا------------------ فاذا هي كل قمحة بدينار فقال المستنصر الان فرج الله عن- الناس	33	-2682575050765891394	234	324.5	182	370	63.24324417114258	37	Shamela0000176-ara1.mARkdown	Kraken210528115855-ara1.mARkdown
Shamela0000176-ara1.mARkdown.ms386	true	-7385752956843795316	0	185	0	986	1615	300	فان ايامي حكم لها انه يباع فيها القمحة بدينار ولم يكن هذا الغلاء عن قصور مد النيل فقط وانما كان من اختلاف الكلمة ومحاربة الاجناد بعضهم مع بعض------- وكان الجند عدة طواءف مختلفة الاجناس فتغلبت لواتة والمغاربة علي الوجه البحري وتغلب العبيد السودان علي ارض الصعيد وتغلب الملثمة والاتراك بمصر والقاهرة وتحاربوا وكان قد حصل ذلك من بعد قتل اليازوري في سنة خمسين كما تقدم فما زالت امور الدولة تضطرب واحوالها تختل ورسومها تتغير من سنة خمسين------------------------------------- الي سنة سبع وخمسين فابتدات الشدة منها تتزايد الي سنتي ستين واحدي وستين فتفاقم الامر وعظم الخطب واشتد البلاء والكرب وما برح المصاب يعظم الي سنة ست وستين وكان اشدها مدة سبع س--------نين من سنة تسع وخمسين الي سنة اربع وستين اخصبت كل شر وهلك فيها معظم اهل الاقليم ثم اخذ البلاء ينجلي من سنة اربع وستين الي ان قدم----------------------------------------- امير الجيوش بدر في سنة ست وستين كما سياتي ذكره ان شاء الله فكانت---------- السبع سنين المذكورة يمد فيها النيل ويطلع وينزل في اوقاته فلا يوجد في الاقليم من يزرع الاراضي ولا من يقيم جسوره من كثرة الاختلاف وتواتر الحروب وانقطاع الطرقات في البر والبحر الا بالخفارة الثقيلة	386	-9080523936259337219	Kraken210528115855-ara1.mARkdown.ms033	false	1650997089216546950	68	196	335	1038	1598	300	فان ايامي حكم لها ان- يباع فيها القمحة بدينار ولم يكن هذا الغلاء عن قصور مد النيل---- وانما كان من اختلاف الكلمة ومحاربة الاجناد------ مع بعضهم بعضا وكانت--------- طواءف عدة----------- فتغلبت لواته والمغاربة علي الوجه البحري وتغلب------- السودان علي---- الصعيد و-----الملحية والاتراك بمصر والقاهرة ولما--------------------------- قتل اليازوري ابتدا الفساد واختلت ال-------------------------------------------------احوال من سنة خمسين واربعماءة فلم تزل الامور في الاضطراب الي سنة سبع وخمسين فابتدات ا------------------------------------------------------------------------------------------------------لشدة الي سنة ست وستين وكان اشدها---- سبع سنين متوالية من سنة سبع وخمسين ------------------------------------------------------------------------------------------------الي اربع وتستين شبهة بسنيي يوسف عليه السلام حتي اتي امير الجيوش بدر من الشام فراي مصر قد تغيرت معالمها وخلت من اهلها وكانت هذه السبع سنين--------- يمد فيها النيل ويطلع وينزل---------- فلا تجد ------------من يزرع --اراضي مصر من اختلاف العسكر---------------------------- وانقطاع الطرقات في البر والبحر الا بالخفارة الثقيلة	33	-2682575050765891394	487	710.0	388	1089	44.71992492675781	80	Shamela0000176-ara1.mARkdown	Kraken210528115855-ara1.mARkdown
Shamela0000176-ara1.mARkdown.ms387	true	-8412168411929980894	9	105	42	547	1614	300	سنة اثنتين وستين واربعماءة فيها بعث ناصر الدولة حسين بن حمدان الفقيه ابا جعفر محمد بن احمد بن البخاري رسولا منه الي السلطان الب ارسلان ملك العراق يساله ان يسير اليه العساكر------ ليقيم الدعوة العباسية بديار مصر وتكون مصر له فتجهز الب ارسلان من خراسان في عساكر عظيمة وبعث الي محمود بن ثمال بن صالح بن مرداس صاحب حلب ان يقطع دعوة المستنصر ويقيم الدعوة العباسية فقطعت دعوة المستنصر من حلب ولم تعد بعد ذلك وانتهي الب ارسلان -----الي حلب في جمادي الاولي سنة ثلاث وستين---------- وحاصرها شهرا فخرج اليه صاحبها محمود بن ثمال بن صالح	387	-9080523936259337219	Kraken210528115855-ara1.mARkdown.ms018	false	-4253377776595216567	216	300	1143	1594	1594	300	سنة اثنتين وستين واربعماءة فيها بعث ناصر الدولة----- بن حمدان الفقيه ابا جعفر محمد بن احمد بن النجاري رسولا ----الي السلطان الب ارسلان ملك العراق يساله ان يسير اليه عسكرا من قبله ليقيم الدعوة العباسية---------- وتكون مصر له فتجهز الب ارسلان من خراسان في عساكر --جمة وسير ل----------------------------------صاحب حلب ان -قطع دعوة المستنصر ويقيم الدعوة العباسية فقطع- دعوة المصريين------- ولم تعد ----------وسار الب ارسلان فوصل الي حلب في جمادي الاولي سنة ثلاث وستين واربعماءة وحاصرها شهرا فخرج اليه صاحبها محمود بن ثمال بن صالح-	18	-2682575050765891394	408	692.0	329	526	77.56654357910156	70	Shamela0000176-ara1.mARkdown	Kraken210528115855-ara1.mARkdown
Shamela0000176-ara1.mARkdown.ms389	true	1780818884982412048	79	247	420	1338	1625	300	سنة ثلاث وستين واربعماءة فيها اصطلح الاتراك بمصر مع ناصر الدولة ابن حمدان وهو مقيم بالوجه البحري وذلك لشدة ما نالهم من ----------------------قطعه الميرة عنهم فوقع الاتفاق بينهم وبينه علي ان يكون مقيما بمكانه وتحمل اليه الاموال التي تقرر له وان يكون تاج الملوك شادي ناءبا عنه بالقاهرة فتقرر الحال علي ذلك ودخلت الغلال الي البلد فطابت قلوب الناس وانجلي الامر--- نحو شهر ثم وقع ال--خلاف بين الاتراك وبينه فرحل من البحيرة بعساكر كثيرة ونازل البلد وحاصرها محاصرة شديدة في ذي القعدة وامتدت ايدي اصحابه فانتهبوا الناس في الدور واخذوهم من الطرقات واحرقو-----ا كثيرا من دور الساحل ثم عاد الي البحيرة سنة اربع وستين واربعماءة وفيها كانت الحرب بين تاج الملوك شادي وبين ناصر الدولة ابن حمدان وعادت الفتنة بالقاهرة ومصر وكان سبب محاربتهما ان تاج الملوك----- لما دخل الي القاهرة ناءبا عن ناصر الدولة تغير عما كان قد تقرر بينهما و-------------استبد بالامور فضن بالمال عليه ولم ي-صل -ابن حمدان منه الا دون ما كان يءمله فقلق لذلك ابن حمدان واتفق---------- هو وجم---اءع العربان علي المسير الي القاهرة	389	-9080523936259337219	Kraken210528115855-ara1.mARkdown.ms020	false	-378979395251208990	58	185	296	985	1592	300	سنة ثلاث وستين واربعماءة فيها اصطلح الاتراك بمصر مع ناصر الدولة -بن حمدان لكثر---------------------------ة ما لحقهم هم والمستنصر من الشداءد بقطعه الميرة عنهم فصالحو-----------------ه علي ان يكون مقيما بمكانه ويحمل اليه مال ي---------قرر له وي---كون تاج الملوك شاذي ناءبا عنه فرضي ب-------------------ذلك وسير- الغلال لمصر----- فطابت قلوب الناس قليلا وبقي كذلك نحو شهر ثم وقع الاختلاف عليه فجاء م-------------ن البحيرة بعساكر الي مصر---------- وحاصرها------------- في ذي القعدة ونهب------- اصحابه------------------------------------------- واحرقوا دورا كثيرة ب------الساحل ثم عاد الي البحيرة سنة اربع وستين واربعماءة ف-يها كانت الحرب بين----------- شاذي و----ناصر الدولة -بن حمدان وعادت الف---------تنة بمصر وذلك-------------- ان تاج الملوك شاذي لما د----خل القاهر---------------------ة تغير عما استقر عليه الامر ووقع عليه الصلح استبد بالاموال--------------- ولم يوصل لابن حمدان---- الا القليل ف------------------------------اتفق ابن حمدان مع مجموعة من العوبان ------وسار الي البحيرة	20	-2682575050765891394	503	645.0	397	983	51.16988754272461	67	Shamela0000176-ara1.mARkdown	Kraken210528115855-ara1.mARkdown
Shamela0000176-ara1.mARkdown.ms390	true	-800246725664468294	14	133	74	714	1615	300	اصحابه وصاروا الي البحيرة فقطع خطبة المستنصر من جميع الوجه البحري وكتب الي الخليفة القاءم ببغداد يساله ان يجهز اليه الخلع والالوية السود فاضمحل قدر المستنصر وتلاشي امره وتعاظمت الشداءد بمصر وجلت رزايا الناس فلما كان في شعبان----- سار ناصر الدولة بعساكره وقد تيقن عجز المستنصر عن مقاومته لضعف امره وممالاة كثير من الاتراك له وموافقتهم لما قرره معهم من محبة فدخل الي مصر فاستولي علي الامر وبعث الي المستنصر يطلب منه المال فدخل عليه قاصد ابن حمدان وهو جالس علي حصير بغير فرش ولا ابهة وليس عنده-- غير------------------- ثلاثة من الخدم وقد زال ما كان يعهده من شارة المملكة وعظمة الخلافة فلما ادي اليه الرسالة قال له المستنصر ا-ما يكفي ناصر الدولة ان اجلس في مثل هذا البيت	390	-9080523936259337219	Kraken210528115855-ara1.mARkdown.ms020	false	-378979395251208990	208	300	1123	1592	1592	300	اصحابه من العربان وغيرهم و قطع خطبة المستنصر من----- الوجه البحري وبعث الي الخليفة القاءم ببغداد يلتمس من---------ه الخلع و---------------اضمحل امر المستنصر وبطل ذكره وع----ظمت الشدة علي-------------- الناس فلما كان في شعبان منها قدم ناصر الدولة -------------------------------------------------------------------------------------------------------------------الي مصر وحكم فيها وسير ال--------ي المستنصر يطلب منه المال فقدم اليه الرسول فاذا ----هو جالس علي حصير وفي رجله قبقاب من خشب ابيض من غير دهان ولا سير وحوله ثلاثة من الخدم ولم ير شيءا من اثار--------- المملكة فذكر للمستنصر --------------الرسالة عن ابن حمدان فقال ما يكفي ناصر الدولة ان اجلس في مثل هذا البيت-	20	-2682575050765891394	294	350.5	229	667	44.07796096801758	41	Shamela0000176-ara1.mARkdown	Kraken210528115855-ara1.mARkdown
Shamela0000176-ara1.mARkdown.ms392	true	1509359081104725493	15	202	68	1049	1551	300	الاتراك باجمعهم علي حين غفلة من ليلة من رجب ووافوا د------------------اره بمصر سحرا وكان يسكن في --منازل العز فهجموا عليه من غير دستوره ولا طلب اذن فاذا هو- في صحن --داره وعليه رداء فبا--------------دره احدهم بسيفه واتبعه الدكز ف-حز راسه وخرج-- كوكب الدولة مسرعا الي فخر الدولة اخيه في عدة فطرقه وهو امن وقتله واحتمل را--سه واخذ سيفه وجارية من جواريه وامتدت الايدي الي من بقي منهم فقتل اخوهما تاج المعالي وجماعة من بني حمدان وتتبعوا اسبابهم وحواشيهم حتي لم يبق منهم احد بديار مصر واصبحوا لا تري الا مساكنهم وما اصدق قول ابي علي الفكيك اذ يقول هجاء لناصر الدولة هذا ولءن غلطت بان مدحتك طالبا جدواك مع علمي بانك باخل فالدولة الغراء قد غلطت بان سمتك ناصرها وانت الخاذل وقتل في هذه النوبة الوزير ابو غالب عبد الطاهر بن فضل بن الموفق بن الدين اب---------ن العجمي وفيها قطعت خطبة المستنصر من بيت المقدس سنة ست وستين واربعماءة فيها تشدد الاتراك وكبيرهم سلطان الجيش يلدكوش التركي والامير الدكز والوزير يومءذ ابن ابي كدينة فضاق خناقه وعظم روعه وساءت حاله وكان المستنصر بالله يظن ان في قتل ابن حمدان راحة له ف-------------استطال الدكز و----------------ابن ابي كدينة عليه	392	-9080523936259337219	Kraken210528115855-ara1.mARkdown.ms021	false	7135856141102200070	173	294	951	1604	1632	300	الاتراك علي ذلك في------------- ليلة من رجب فلما كان السحر ركبوا الي داره بمصر وهي الموضع المعروف بمنازل العز وهجموا عليه --بغير استءذان فتلقاهم ناصر الدولة في صحن الدار- وعليه رداء فضربوه بالسيوف وبدر-------------------ه الدكز فقطع راسه وبعثوا كوكب الدولة ------الي فخر الدولة اخي ناصر الدولة فسار اليه وتمكن منه فقطع راسه واخذ سيفه وجارية من جواريه وقتل ايضا------------------------- اخوهما تاج المعالي وجماعة من بني حمدان وانقطع ذكرهم من مصر وقتل ايضا-------------------------------------------------------------------------------------------------------------------------------------------------------------------------------------------------------------------------------------- الوزير ابو غالب عبد الظاهر بن فضل بن الموفق في الدين المعروف بابن العجمي--------------------------------------- سنة ست وستين واربعماءة فيها قدم ----------------------------------------------امير الجيوش بدر الجمالي الي مصر وذلك ان المستنصر تواترت عليه المحن سعي--------------------------- في قتل ابن حمدان ليتنفس خناقه فلما قتل استطال الدكز والاتراك والوزير ابن ابي كدينة عليه	21	-2682575050765891394	358	452.0	280	1061	33.74175262451172	54	Shamela0000176-ara1.mARkdown	Kraken210528115855-ara1.mARkdown
Shamela0000176-ara1.mARkdown.ms393	true	4220953378041256842	24	116	119	611	1566	300	الي دمياط ولم يمسسهم سوء فكان يقال انه لم ير في البحر قط صحوة تمادت اربعين يوما الا في هذا الوقت فكان هذا ابتداء سعادته واول عظيم جده فنزل بدمياط وطلب اليه التجار من----- تنيس وافترض عليهم مالا وقدم عليه سليمان اللواتي وهو يومءذ كبير اهل البحيرة واكثرهم مالا واوسعهم حالا وقدم اليه واضافه وامده بالطرقات حتي قدم قليوب فنزل بها وبعث الي المستنصر سرا باني لا يمكنني القدوم الي الحضرة ما لم يقدم علي يلدكوش فبادر المستنصر الي اجابته وقبض عليه ودخل------------ بدر عشية يوم الاربعاء لليلتين بقيتا من جمادي الاولي	393	-9080523936259337219	Kraken210528115855-ara1.mARkdown.ms022	false	8757615693974796635	54	117	274	610	1557	300	الي دمياط فذكروا البحارة انهم ---------لم يروا---------- صحوة تمادت اربعين يوما الا في هذا الوقت فكان ذلك اول--- سعادته فاقام في دمياط واقترض--------------------- من تجار تنيس مالا واضافه سلم------------------- اللواتي وحمل له الغلال وسار فنزل-------------------------------------------------------------------- قليوب--------- وبعث الي المستنصر---- باني لا ادخل مصر حتي تقبض------------------ علي بلدكوز -بادر المستنصر----------- وقبض عليه ودخل امير الجيوش بدر عشية يوم الاربعاء لليلتين بقيتا من جمادي الاولي	22	-2682575050765891394	221	285.0	173	509	43.4184684753418	35	Shamela0000176-ara1.mARkdown	Kraken210528115855-ara1.mARkdown
Shamela0000176-ara1.mARkdown.ms394	true	-648108636689516420	1	175	7	923	1597	300	المفسدين فلم يبق علي احد منهم وتطلبهم في القاهرة ومصر حتي اتي علي جميعهم القتل وفر ناصر الجيوش ابو الملوك وكان شاه بن يلدكوش الي الشام و-خلع عليه المستنصر-- بالطيلسان المقور وصار جميع اهل الدولة في حكمه والدعاة نوابا عنه وكذلك القضاة انما يتولون منه فقلد------- ابا يعلي حمزة بن الحسين بن احمد الفارقي قضاء القضاة وزيد في القاب امير الجيوش علي القاب من تقدمه من الوزراء كافل قضاة المسلمين واتفق انه لما لبس خلع الوزارة حضر اليه المتصدرون بالجوامع فقرا ابن العجمي ولقد نصركم الله ببدر وسكت عن تمام الاية فقال له امير الجيوش بدر والله لقد جاءت في مكانها وجاء سكوتك عن تمام الاية احسن وامر له بصلة فيها قتل امير الجيوش من اماثل المصريين وقضاتهم ووزراءهم عدة كثيرة منهم الوزير ابو محمد الحسن بن ثقة الدولة ع-لي بن احمد المعروف بابن ابي كدينة وكان عندما قدم بدر الي مصر هو الوزير و-------------------------------------------------------------------------هو من ولد عبد الرحمن بن ملجم وتردد في القضاء والوزارة سبع مرات وك-------------ان قاسي القلب جبارا فلما قبض عليه سير الي دمياط ودخل عليه السياف ليضرب عنقه فكان سيفه	394	-9080523936259337219	Kraken210528115855-ara1.mARkdown.ms022	false	8757615693974796635	152	300	782	1557	1557	300	المفسدين فلم يبق---- احد منهم بمصر و-----القاهرة----- حتي قتله---------------- وفر ابن بلدكون -------------------------------الي الشام و خلع علي بدر الجمالي بالطيلسان------- وصار المستخدمون----- في حكمه والدعاة نوابا عنه وكذلك ال-ضاة و----------------قلد القاضي ابا يعلي حمزة بن الحسين بن احمد العرقي------------- وزيد في القاب امير الجيوش------------------------------ كافل قضاة المسلمين ولما قدم الي مصر------------- حضر اليه المتصدرون بالج-امع فقرا ابن العجمي ولقد نصركم الله ببذر وسكت عن تمام الاية فقال له ب------------در والله لقد جاءت في مكانها وجاء سكوتك عن تمام الاية احسن وانعم عليه وقتل ------------------من اماءل المصريين وحكامهم ووزراءهم جماع----ة منهم الوزير ---------الحسن بن ثقة الدولة مجلي بن اس-د المعروف بابن ابي كدينة وكان------ قدم---- الي مص----------ر وهو متقلد وظيفة الوزارة وقد دد في القضاء اربع عشرة مرة والوزارة سبع مرات وهو من ولد عبد الرحمز بن ملجم العنة الله فقبض عليه وسيره الي دمياط وقتله بها وكان قاسي القلب جبارا فلما ------------------------دخل عليه ا-سياف ليضرب عنقه -كان سيفه-	22	-2682575050765891394	558	831.5	445	1013	55.08390808105469	89	Shamela0000176-ara1.mARkdown	Kraken210528115855-ara1.mARkdown
Shamela0000176-ara1.mARkdown.ms394	true	-648108636689516420	175	285	923	1512	1597	300	ثليلا فضربه سبع ضربات بعدد ولايته القضاء والوزارة وقتل ايضا الوزير ابو المكارم اسعد-------- والوزير ابو شجاع محمد بن الاشرف ابي غالب محمد بن------- علي والوزير----------- عبد الغني بن نصر بن سعيد الضيف------------- سنة سبع وستين واربعماءة فيها---------------------------------------------------------------------------------------------------------------------------------------------------------------------------------------------- سار امير الجيوش بدر الي الوجه البحري فاوقع ب---لواتة وق-------تل مقدمهم سليم اللواتي وابنه واستصفي جميع ما كان له ولقومه من انواع الاموال واسرف في قتلهم حتي يقال انه قتل منهم عشرين الفا وسار الي دمياط وقتل كثيرا ممن كان فيها من المفسدين وخرب وحرق-- واصلح عامة احوال الثغر ولم يدع بالبر الشرقي وجميع اسفل الارض مفسدا الا وقتله او قمعه ثم عدي الي البر الغربي ف-------قتل كثيرا من الطاءفة الملحية واتباعهم	394	-9080523936259337219	Kraken210528115855-ara1.mARkdown.ms023	false	5375874187755453396	0	124	0	672	1608	300	كليلا فضربه سبع ضربات بعدد ولايته القضاء والوزارة ق--ل ايضا الوزير ابا المكارم اسعد بن عقيل والوزير ابا شجاع محمد بن الاشرف ابي غالب -حمد بن علي بن خلف والوزير ابا العلاء عبد الغني بن نصر بن سعيد الضيف وجماعة كثيرة سنة سبع وستين واربعماءة يا حاصر شكلي التركي احد الاتراك الواصلين الي الشام من العراق ثغر عكا واخذه بالسيف وكان بعكا اولاد امير الجيوش بدر الجمالي واهله وحرمه فاحسن اليهم واكرمهم وقتل والي عكا ثم سار عنها الي طبرية فيها خرج امير الجيوش بدر الي الوجه البحري وقاتل عرب لواتة وهزمهم وقتل مقدمهم سليم ال--اتي وولده واستصفي مالهما ثم توجه -----------------------------------------------------------------------------الي دمياط واصلح شانه وقتل جماعة من-- المفسدين----- احرقهم واصلح الب--------------------------ر الشرق------------------------------------------ ثم عذا الي البر الغربي فاصلعه وقتل جماعة من-------- الملحية واتباعهم	23	-2682575050765891394	356	520.0	283	837	42.53285598754883	47	Shamela0000176-ara1.mARkdown	Kraken210528115855-ara1.mARkdown
Shamela0000176-ara1.mARkdown.ms395	true	945877357081619168	6	108	29	584	1569	300	حاصر شكل- التركي احد الاتراك الواصلين م----------ن العراق الي الشام ثغر عكا واخذه بالسيف وكان فيه- اولاد امير الجيوش بدر-------- واهله وحرمه فاحسن اليهم واكرمهم وقتل والي عكا ثم سار منها فنزل علي طبر---------------------------------------------------------------------------------------------------------------------------------------------------------------------------------------------------------------------------------------------ية واخذها وف-------------------------------------------------------------------------------------يها مات الخليفة القاءم بامر الله ببغداد--- يوم الخميس ثالث عشر شعبان وله من -----------------------------------------------------الخ-----------------------------------------------------------------لاف-ة اربع- واربعون سنة وتسعة اشهر وايام وجلس-- بعده ابن ابنه ابو القاسم عبد الله ابن ذخيرة الدين ولقب---------- بالمقتدي وفيها اعيدت الخطبة للمستنصر بمكة بعد ان خطب فيها للقاءم بامر الله العباسي اربع سنين وفيها قتل امير الجيوش كثيرا من جند مصر وغيرهم ممن يومي اليه بفساد سنة ثمان وستين واربعماءة فيها	395	-9080523936259337219	Kraken210528115855-ara1.mARkdown.ms023	false	5375874187755453396	46	199	239	1095	1608	300	حاصر شكلي التركي احد الاتراك الواصلين الي الشام من العراق---------- ثغر عكا واخذه بالسيف وكان بعكا اولاد امير الجيوش بدر الجمالي واهله وحرمه فاحسن اليهم واكرمهم وقتل والي عكا ثم سار عنها ا-----لي طبرية فيها خرج امير الجيوش بدر الي الوجه البحري وقاتل عرب لواتة وهزمهم وقتل مقدمهم سليم الاتي وولده واستصفي مالهما ثم توجه الي دمياط واصلح شانه وقتل جماعة من المفسدين احرقهم واصلح البر الشرق ثم عذا الي البر الغربي فاصلعه وقتل جماعة من الملحية واتباعهم بالاسكندرية وكان اقام عليها اياما يحاصرها ففتحها عنوة وقتل جماعة وعفا عن اهل البلد وفيها مات الخليفة القاءم---------- ببغداد في يوم الخميس ثالث عشر شعبان ومولده في ثامن عشر ذي القعدة سنة احدي وتسعين وثلاثماءة وولي الخلافة في حادي عشر ذي الحجة سنة اثنتين وعشرين واربعماءة فكانت مدة خلافته اربعا واربعين سنة وتسعة اشهر واياما وتولي بعده ابن ابنه ابو القاسم عبد الله -بن ذخيرة الدين بن القاءم ونعت بالمقتدي ------------------------------------------------------------------------------------------------------------------------------------------------------سنة ثمان وستين واربعماءة فيها	23	-2682575050765891394	350	559.0	284	1032	33.914730072021484	51	Shamela0000176-ara1.mARkdown	Kraken210528115855-ara1.mARkdown
Shamela0000176-ara1.mARkdown.ms396	true	-1679923775352920702	104	300	591	1603	1603	300	الواقعة اخر الوقاءع التي قطع فيها دابر المفسدين وخمدت جمرتهم وفيها جمع اطسز صاحب دمشق العساكر وسار يريد تملك الديار المصرية -------------------------------------------------وازالة الدولة الفاطمية منها واقامة الدعوة العباسية كما فعل في بلاد الشام وكان اكثر الاسباب الحاملة له علي ذلك ان ابن يلدكوش لما فر من امير الجيوش وصار الي بلاد الشام اتصل باطسز وقدم ا------ليه ستين حبة لءلء مدحرج زنة كل حبة منها ينيف علي مثقال وحجر ياقوت زنته سبعة عشر مثقالا وتحفا كثيرة---- مما كان قد وصل الي ابيه من خزاءن المستنصر في سني الشدة واغراه باهل مصر وحثه علي قصد البلاد وهونها عنده فقوي طمعه وسار وقد حصل في قوة بمن صار اليه من عساكر مصر ومن انضاف اليه من اهل الشام وكان امير الجيوش ببلا--د الصعيد قد انتهي الي بلاد اسوان فوصل الخبر-------------------------- بمسير اطسز الي مصر فكتب بذلك الي امير الجيوش وكان عند موافاة الخبر اليه في شغل عن ذلك فقدم اطسز الي اطراف مصر في جمادي الاولي وقد اشار عليه ابن يلدكوش بالا تشتغل بالقاهرة----- ولكن تملك الريف وقال له اذا ملكت الريف فقد ملكت مصر فاقام----- بالريف---- جمادي الاولي و-جمادي الاخرة وبعض رجب وامير الجيوش في اصلاح ال-صعيد وتدبير --اموره وقد حضر اليه اكثر اهل اسوان و----------------بدر بن حازم-	396	-9080523936259337219	Kraken210528115855-ara1.mARkdown.ms024	false	-3250404632809571717	109	253	603	1337	1576	300	الو-قعة اخر الوقاءع التي انصلح بها حال---------------------------------------------------------------------- الديار المصرية بقتل المفسدين من غرماتها وعساكرها وفيها هجم اتسزبزا ملك الروم علي ديار مصر من-------------------------------------- الشام و--------------------------------ذلك ان ابن بلدكوز لما --قدم امير الجيوش بمن معه من عساكر مصر التجا الي اتسز واهدي اليه ستين حبة لءلء مرجرج---- كل حبة زيادة عن زنة م-ثقال وحجر ياقوت زنته سبعة عشر مثقالا وتحفا اخري كانت مما اخذه ابوه---------- من خزاءن المستنصر وا-------------------------------------------------------------------------------------------------طمعه في ديا-ر مصر فحشد وسار الي- م---------صر هذا وامير الجيوش في بلاد الصعيد------------------------ فوصل الخبر الي مصر وكوتب امير الجيوش بمسير اتسز فحضر ا---------------------------------------------------ليه فوجده مشتغلا في ريف مصر وذلك ان ابن بلد كوز قال له ------------------------------لا تشتغل بالقاهرة ومصر ولكن------------------- اذا ملكت الريف فقد ملكت مصر فاقام اتسز في ريف مصر جمادي الاولي و جمادي الاخرة وبعض رجب وامير الجيوش ----يجمع العساكر ويدب-ر الامور- و---حضر اليه -كثير من اسءان وغيرها وحضر اليه بدر بن حازم	24	-2682575050765891394	408	440.5	320	1134	35.97883605957031	52	Shamela0000176-ara1.mARkdown	Kraken210528115855-ara1.mARkdown
Shamela0000176-ara1.mARkdown.ms397	true	1926477304911110197	76	300	391	1532	1532	300	وقال له اخوه وابن يلدكوش لا يهولنك ما تسمع به من كثرتهم فانما هم سوقة واخلاط لو سمعوا صيحة لفروا عن اخرهم فاياك والرجوع عن هذا الملك قد--------- اشرفت علي اخذه ولم يبق الا تملكه واشار عليه شكل امير طبرية بموافقة القوم والدخول -----------الي مصر فتقرر الراي علي ملاقاة العساكر------- المصرية فلما كان يوم الثلاثاء لثمان بقين منه تلاقي الفريقان وتحاربا فكانت بينهما عدة وقاءع كانت الغلبة فيها للمصريين فانهزم اطسز وقتل اخوه وعد--ة من اصحابه وعاد في قليل ممن معه واقام بالرملة حتي تلاحقت به عساكره ثم رحل الي القدس ففتحها وقتل من فيها من المسلمين ولم يترك من استجار بالاقصي ثم سار الي دمشق فدخلها لعشر بقين من شعبان وقد احتو-ي امير الجيوش علي كثير مما -------كان معهم ورجع الي القاهرة مءيدا مظفرا وكان المتولي لكسرة اطسز بدر بن حازم ابن علي بن دغفل بن جراح فلما جلس امير الجيوش بدر الجمالي للهناء بنصرته قرا ابن لفتة احد القراء ولقد نصركم الله ببدر ولم يتم الاية يعني بدر بن حازم فبينا امير الجيوش بدر في ذلك اذ بلغه اجتماع عرب قيس وسليم وفزارة فخرج اليهم واوقع بهم واكثر من القتل فيهم وفر من بقي منهم الي برقة وفيها----------------------- سقط------------------------------- ابو الحسن طاهر بن احمد بن بابشاذ النحوي من سطح جامع عمرو بن العاص بمصر فمات في عشية اليوم الثالث من رجب وكان له علي الدولة الفاطمية في كل شهر ثلاثون دينارا وغلة-	397	-9080523936259337219	Kraken210528115855-ara1.mARkdown.ms025	false	927460200418070296	6	151	35	768	1545	300	وقال اخ---وه وابن بلدكوز لا يغرنك--------------- كثرتهم فانما هم سوقة و---------------صيحة واحدة تهزمهم فلا ترج-------ع عن هذا الملك العظيم الذي اشرفت علي اخذه وكان شكلي ا-----------------------مير طبرية قد حمل زوجة المامون اخي اتسز معه الي مصر ولذلك كان يلح علي اتسز في دخول البلاد المصرية فلما كان يوم الثلاثاء لثمان بقين من رجب------------------------------------------- كانت الوقعة بين الفريق-ين فانهزم اتسز وقتل اخوه وجماعة من اصحابه وفر بمفرده الي غزة ف--اقام بالرملة حتي لحقه من بقي من عسكره و--------------------------------------------------------------------------سار الي دمشق فدخلها لعشر بقين من شعبان و---استولي امير الجيوش ومن معه علي عامة ما كان مع--------------------------------------------- عسكر اتسز وفيها خرج------------------------------- علي امير الجيوش بدر---------------------------------------------------------------------------------------------------------------------------------------------- عرب قيس وسل-م وفزارة فخرج اليهم وقتلهم وطرد باقي---------------------------هم الي برقة وفي عشية اليوم الثالث من رجب سقط من سطح جامع عمرو بن العاص فمات ابو الحسن طاهر بن احمد بن بابشاذ النحوي و----------------------------------------------------------------كان له علي الخزانة بمصر في ال----شهر ثلاثون دينارا وغلة	25	-2682575050765891394	435	553.5	341	1233	35.27980422973633	64	Shamela0000176-ara1.mARkdown	Kraken210528115855-ara1.mARkdown
Shamela0000176-ara1.mARkdown.ms398	true	2113829609680606454	1	237	7	1254	1609	300	ما يكتب في ديوان الانشاء فكان يعرض عليه جميع ما يكتب منه واذا حرره امر به فدفع لارباب-ه ثم انه تخلي عن الخدم السلطانية وانقطع للعبادة حتي مات وكان ابوه واعظا بمصر سنة سبعين واربعماءة فيها سير امير الجيوش عسكرا----------- مقدمه ناصر الدولة الجيوشي فانتهي الي دمشق واقام محاصرا لها مدة ثم ارتحل عنها وعاد بغير طاءل وفيها فوض لامير الجيوش قضاء القضاة وزيد في نعوته كافل قضاة المسلمين وهادي دعاة المءمنين وفيها وصل الي مكة من بغداد منبر كبير في شهر رمضان منقوش عليه بالذهب لا اله الا الله محمد رسول الله الامام المقتدي بامر الله امير المءمنين مما امر بعمله محمد بن محمد بن جهير فاتفق وصوله وقد اعيدت الخطبة للمستنصر فكسر المنبر المذكور واحرق ولم يكن بمصر في سنة احدي وسبعين كبير شء سنة اثنتين وسبعين واربعماءة فيها سير امير الجيوش عسكرا كبيرا فانتهي الي دمشق وحاصرها حتي اشرف علي اخذها فسير اطسز-- صاحب دمشق الي تاج الدولة تتش بن السلطان الب ارسلان وكان قد اقطعه اخوه ملكشاه الشام واخذ حلب بعد ما حاصرها حتي اشتد الجوع باهلها وملكها يستحثه علي نصرته وتقويته علي المصريين ويعده انه يسلم اليه ملك دمشق فاجابه الي سءاله وسار اليه ب--عسكره فبلغ ذلك عسكر امير الجيوش فارتحل وعاد الي مصر وقدم ت----------تش فملك دمشق ودبر علي اطسز وقتله---- بحيلة في ربيع الاول وجهز عس------------------كرا في اثر العسكر المصري فلم يدركه وفيها خرج ملك النوبة من بلاده وصار الي اسوان يريد زيادة كنيسة لهم بها فبعث--- والي قوص	398	-9080523936259337219	Kraken210528115855-ara1.mARkdown.ms025	false	927460200418070296	153	297	778	1532	1545	300	ما يخرج من ديوان الانشاء وكان لا يخرج--------------- منه شء الا بعد ان يقف عليه ويصعلحه ثم قطع علقه من الخدم السلطانية وتخلي- للعبادة حتي مات وكان ابوه واعظا بمصر سنة سبعين واربعماءة فيها ندب امير الجيوش عسكرا لدمشق وجعل مقدمه نصير الدولة الجي----------------------وشي فحاصر---ها عدة ايام ثم رجع وفي شعبان------------- فوض لامير الجيوش قضاء القضاة ونعت ب--------كافل قضاة المسلمين وهادي دعاة المءمنين س-------------------------------------------------------------------------------------------------------------------------------------------------------------------------------------------------------------------------------------------------------------------------------------نة اثنتين وسبعين واربعماءة فيها سير امير الجيوش عسكرا كبيرا ف-----حاصر دمشق حتي كاد ان ي---------اخذها فسير اتسز ا صاحب دمشق الي تاج الدولة تتش---------------------------------------------------------------------------------------------------------- يستحته علي نصرته ع--------لي المصريين وان------ يسلم --له ملك دمشق ف-----------------سار اليه في عسكره فسمع ذلك عسكر امير الجيوش فرجع ا-------لي مصر وقدم تاج الدولة لا لملك دمشق-------------- وقتل اتسز بحيلة في ربيع الاول وجهز خلف العسكر المصري عسكرا في اثره------------- فلم يذركه وفيها خرج ملك النوبة --------------الي اسوان ----لزيارة بعض كناءسها وسير اليه والي قوص	25	-2682575050765891394	559	794.5	441	1298	43.06625747680664	81	Shamela0000176-ara1.mARkdown	Kraken210528115855-ara1.mARkdown
Shamela0000176-ara1.mARkdown.ms398	true	2113829609680606454	244	292	1291	1567	1609	300	امير الجيوش وافاض عليه النعم واتح-فه بالهدايا الجليلة فادرك--------ه اجله---- ومات قبل ان يعود- الي بلاده وفيها قطعت خطبة المستنصر من مكة واعيدت خطبة بني العباس سنة سبع وسبعين واربعماءة فيها خرج الاوحد بن امير الجيوش---- علي ابيه وانضم اليه جماعة من العسكر والعربان وتحصن بالاسكندرية فسار اليه	398	-9080523936259337219	Kraken210528115855-ara1.mARkdown.ms026	false	5192209712675722990	3	44	14	246	1645	300	امير الجيوش في اكرامه------- واتحافه بالهدايا الجليلة واتفق انه اتاه اجله مصر فمات بها ولم يسير الي بلاده------------------------------------------------------- سنة سبع وسبعين واربعماءة فيها خرج الاوحد بن امير الجيوش بدر علي ابيه واجتمع معه جماعة من العسكر والعربان وتحصن بالاسكندرية فسار اليه	26	-2682575050765891394	185	297.0	151	294	62.9251708984375	25	Shamela0000176-ara1.mARkdown	Kraken210528115855-ara1.mARkdown
Shamela0000176-ara1.mARkdown.ms399	true	-5523224411588915593	6	104	32	572	1611	300	الجامع المعروف في الاسكندرية بجامع العطارين من اموال- اخذها من اهل البلد---- وفرغ منه في شهر ربيع الاول واقيمت--------------------------------- فيه الجمعة واستمرت الي ان زالت دولة الفاطميين علي يد السلطان صلاح الدين يوسف بن ايوب فامر ببناء جامع ونقل الخطبة من----- جامع العطارين اليه وفي جمادي الاولي استناب امير الجيوش ولده الافضل وجعله ولي عهده في السلطنة وفيها ابتدا امير الجيوش في بناء سور القاهرة سنة ثمان وسبعين واربعماءة فيها قطعت الخطبة من مكة للمستنصر وخطب بها للمقتدي العباسي فيها مات ابو الفرج محمد بن جعفر بن محمد بن علي الحسين المغربي الملقب بالكامل وكان قد ولي الوزارة	399	-9080523936259337219	Kraken210528115855-ara1.mARkdown.ms026	false	5192209712675722990	54	114	298	631	1645	300	الجامع المعروف بالعطا-------------------رين من اموالي اخذها من الاسكندرانيين وفرغ منه في شهر ربيع الاول سنة تسع وسبعين واربعماءة ولم تزل الخطبة فيه حتي ملك------------------------------------------------- صلاح الدين يوسف ف------------------------نقل الخطبة منه الي جامع بنا---------ه وفي جمادي الاولي استناب امير الجيوش ولده الافضل وجعله ولي عهده -------------------------------------------------------سنة ثمان وسبعين واربعماءة فيها توفي--------------------------------------------------------- ابو الفرج محمد بن جعفر---------------------- المغربي--------------- وكان قد ولي الوزارة	26	-2682575050765891394	256	379.5	204	583	43.910804748535156	43	Shamela0000176-ara1.mARkdown	Kraken210528115855-ara1.mARkdown
Shamela0000176-ara1.mARkdown.ms400	true	901493062989976597	89	161	432	836	1595	300	بجم-ع الاسلحة ومواعدتهم حتي اجتمعوا له--------------- في شعبان سنة ثلاث وثمانين ووثب بهم--------------------------------------------- فاخذ قلعة الموت وكانت لملوك الديلم من قبل ظهور الاسلام وهي من الحصانة في غاية وا-----جتمع الباطنية باص-بهان--------- مع رءيسهم وكبير دعاتهم احمد بن عبد الملك بن عطاش وملكوا------- قلعتين عظيمتين احداهما يقال لها قلعة الدر وكانت لابي القاسم دلف العجلي وجددها------------------ وسماها ساهو-ر والقلعة الاخري تعرف بقلعة جان وهما علي جبل اصبهان وبث- الحسن بن الصباح دعاته ---------------------والقي	400	-9080523936259337219	Kraken210528115855-ara1.mARkdown.ms026	false	5192209712675722990	210	298	1146	1634	1645	300	بجميع الاسلحة والعدد سرا واوعد اصحابه علي ال الاجتماع في شعبان سنة ثلاث وثمانين في ليلة فيها وكان السلطان حينءذ ملك شاه بن الب اءسلان فاخذ قلعة الموت وكانت لملوك الديلم--- قبل ا-----لاسلام وهي من الحصانة بحيث لالترام فاجتمع الباطنية باصببهان وضواحيها مع رءيس د--------عاتهم احمد بن عبد الملك بن عطاشش فاستولوا علي قلعتين عظيمتين احداهما قلع---------ة الدر وكانت لابي القاسم ذلف العجلي وكان قد بناها عندما خربت وسماها شاه ذر و-------الاخري ------قلعة خان وهما علي جبل اصبهان واخذ الحسن بن --صباح يبث الرسل والدعاة من الموت والقي	26	-2682575050765891394	295	423.5	239	528	55.871212005615234	40	Shamela0000176-ara1.mARkdown	Kraken210528115855-ara1.mARkdown
Shamela0000176-ara1.mARkdown.ms400	true	901493062989976597	206	299	1081	1591	1595	300	فاستدعي الامام ابا يوسف الخازن لمناظ------------------------------------رة اصحاب ابن الصباح فناظرهم والف كتابه المسمي بالمستظهري واجاب عن مساءلهم واجتهد ملك شاه في اخذ قلعتهم فاعياه المرض وعجز عن نيلها وفيها خلع اسم المستنصر واباءه من مكة والمدينة وكتب اسم المقتدي سنة ثمانين واربعماءة فيها مات-------------------- ابو الفضل عبد الله بن الحسين بن بشري المعروف بابن الجوهري الواعظ المصري في العشر الاواخر من شوال وهو احد اكابر شيوخ مصر وتصدي سنين للوعظ بجامع عمرو بن العاص حدث عن جماعة------------ وله كلام في ------------الزهد والمواعظ وهو من- بيت علم واسرة وع-ظ ولما كانت ايام الشدة والغلاء	400	-9080523936259337219	Kraken210528115855-ara1.mARkdown.ms027	false	1481571006500058498	24	105	134	571	1608	300	واستدعي الامام ابا حامد الغزالي الي نيسابور فاستقر بالمدرسة واخد في مناطرة اصحاب ابن --صباح-------- والف كتابه ا--------لمستظهري واجاب عن مساءلهم وج---د ملك شاه في اخذ قلعتهم فلم يصل اليها---------------------------------------------------------------------------- سنة ثمانين واربعماءة في العشر الاوسط من شوال توفي ابو الفضل عبد الله بن الحسين بن بشري المعروف بابن الجوهري الواعظ المصري----------------------------- احد اكابر شيوخ مصر وكان ي--------عظ بجامع عمرو و--------حدث عن جماعة من المصريين وله كلام كثير في الوغظ والزهد وبيت بني الجوهري بيت دين وعليم ووغظ ولما كان -------------الغلاء	27	-2682575050765891394	291	407.0	232	592	49.1554069519043	42	Shamela0000176-ara1.mARkdown	Kraken210528115855-ara1.mARkdown
Shamela0000176-ara1.mARkdown.ms401	true	7311090214390710105	0	234	0	1252	1608	300	اجتمع اليه-------- الناس في بعض الايام وسالوه عقد المجلس للوعظ بالجامع العتيق ----فقال من يحضر عندي ومن بقي فقالوا لا بد من ذلك فجلس و-----------------------كان من كلامه ابشروا هذه سنة ثلاث واشار بيده وهي متعلقة كلها وسنة حل سنة اربع ويفتح الله ورفع بنصره وبعدها سنة خمس ويفتح الله ورفع خنصره فكان كما قال وانشد مرة في بعض مجالسه------- ما يصنع الليل والنهار ويستر الثوب والجدار علي كرام بني كرام تخيروا في القضا وخاروا ومن كلامه قد اختل امر الدين والدنيا وتعذر الوصول اليهما فمن طلب الاخرة لم يجد معينا علينا ومن طلب الدنيا وجد فاجرا قد سبقه اليها وانشد مرة الخليفة المستنصر------- عساكر الشكر قد جاءت مهنءة وللملوك ارتياب في تاتيها بالباب قوم ذوو ضعف ومسكنة يستصغرون لك الدنيا بما فيها وفيها بعث بردويل ملك الفرنج الذين يقال لهم الافرنسيس عسكرا عليه اجار الي صقلية فملكها من المسلمين سنة احدي وثمانين واربعماءة سنة اثنتين وثمانين واربعماءة فيها ندب امير الجيوش عسكرا ا------لي بلاد الشام وقدم عليه ناصر الدولة الجيوشي فسار وفتح ثغري صور وصيدا ثم فتح جبيل وعكا وكان -----------تتش قد ملكها فاستولي عليها ناصر الدولة الجيوشي وقتل جم---------------------اعة من اصحاب تتش واخذ كثيرا من ذخاءره ومضي الي بعلبك فوفد عليه خلف بن ملاعب صاحب حمص ودخل في الطاعة وبعث ابن حمدان الي امير الجيوش فسير اليه الخلع والطوق سنة ثلاث وثمانين واربعماءة فيها توفي الحافظ ابو اسح-ق ابراهيم بن سع-د بن عبد الله الخيال المصري الامام صاحب التاريخ---------------------------- في سادس ذي القعدة	401	-9080523936259337219	Kraken210528115855-ara1.mARkdown.ms027	false	1481571006500058498	105	300	571	1608	1608	300	اجتمع اليه ذات يوم الناس-------------- وسالوه الحضور ب------------جامع عمرو للذكر فقال من يحضر عندي ومن معي فقيل له لابد من ذلك ففعل وتصدي للوعظ علي عاداته وكان من قوله ان-شروا هذه سنة ثلاث واشار بيده وهي منغلقة كلها وستدخ-ل سنة اربع ويفتح الله ورفع بنصره وبعدها سنة خمس ويفتح الله ورفع خنصره فكان كما قال وانشد مرة في مجلس وعظه المنسرح ما يصنع الليل والنهار ويستر الثوب والجدار علي كرام بني كرام تحيروا في القضا وحاروا ومن كلامه قد اختل امر الدين والدنيا وضاق- الوصول اليهما فمن طلب الاخرة لم يجد معينا عليها ومن طلب الدنيا وجد فاجرا--- سبقه اليها وانشد ------------المستنصر البسيط عساكر الشكر قد جاءت مهنءة وللملوك ارتياب في تاءيها بالباب قوم ذوو ضعف ومسكنة يستصغرون لك الدنيا وما فيها س-----------------------------------------------------------------------------------------------------------------------------نة اثنتين وثمانين واربعماءة فيها ندب امير الجيوش عسكرا وسيره الي بلاد الشام فتح ت------------------------------------غري صور وصيدا ثم فتح جبيل وعكا وكان تاج الدولة تتش قد ملكها ---------وقبض ناصر الدولة الجيوشي مقدم عسكر امير الجيوش علي جماعة من اصحاب تتش واخذ ------من ذخاءره جملة سنة ثل---------------------------------------------------------------------------------------------------------------اث وثمانين واربعماءة فيها توفي الحافظ ابو اسحاق ابراهيم بن سعيد بن عبد الله الحبال المصري الامام صاحب التاريخ وحدث عن جماعة ودفن بالقرافة في سادس ذي القعدة-	27	-2682575050765891394	837	1432.0	671	1369	61.13951873779297	136	Shamela0000176-ara1.mARkdown	Kraken210528115855-ara1.mARkdown
Shamela0000176-ara1.mARkdown.ms402	true	-780962439366768094	4	234	21	1220	1573	300	بل عمل في بابه زلاقة من حجارة صوان حتي اذا هجم العس-كر لم تثبت قواءم الخيل علي الصوان لملاسته فلم تزل هذه الزلاقة باقية الي ايام الملك الكامل محمد بن العادل---------------- فامر بنقضها لما زلت به فرسه وسقط عنها سنة ست وثمانين واربعماءة فيها جرد امير الجيوش عسكرا الي ثغر صور وكان المتولي به قد خرج----------- عن الطاعة فسار العسكر ونزل علي الثغر فخاف اهل البلد من س-------طوة امير الجيوش فلم يعرضوا لقتال فهجم العسكر البلد وانتهبوا اهله وقبضوا علي اميرها وعلي جماعة من الناس وسيروهم الي امير الجيوش فقتلهم وبعث بفريضة----------------- ستين الف دينار علي اهل صور وكان ذلك في رابع عشر جمادي الاخرة وفيها نمي قتل------- ابي علي --حسن بن عبد الصمد بن ابي الشحناء العسقلاني صاحب الرساءل والشعر وكان بديوان الانشاء وشعره ورساءله--- مشهورة ويقال ان القاضي الفاضل عبد الرحيم كان جل اعتماده علي رساءله ومن شعره------- اصبحت تخرجني بغير جريمة من دار اكرام لدار هوان كدم الفص-د يراق ارذل موضع ابدا ويخرج من اعز مكان ثقلت موازين العباد بفضلهم وفضيلتي قد خففت ميزاني سنة سبع وثمانين واربعماءة في شهر ربيع------ وقيل في جمادي الاولي توفي امير الجيوش بدر الجمالي من مرض نزل ب-----------------------------------------------------------------------------------------------------------------------------ه من اول السنة حتي اسكت فلم يقدر علي الكلام الي ان --------------------------------------------------------------------------------------------مات وقد ناهز --ثمانين سنة وجنسه ارمني وكان- مملوكا لجمال الدولة ابن عمار فلذلك قيل له بدر الجمالي-------------------------------- وما زال ياخ-ذ نفسه بالجد ----من شبيبته فيما يباشره ويوطن نفسه علي قوة العزم	402	-9080523936259337219	Kraken210528115855-ara1.mARkdown.ms028	false	-6955134790396139262	50	300	267	1618	1618	300	بل عمل في بابه زلاقة من حجارة صوان حتي اذا هجم العساكر لا تثبت قواءم الخيل علي الصوان وبقيت-------------- الزلاقة ا------لي ايام الك------امل محمد بن العادل فزلق فرسه عليها فامر بنقضهاد س-------------------------نة ست وثمانين واربعماءة فيها جرد امير الجيوش عسكرا الي ثغر صور عندما------------- خرج ناءب الثغر عن الطاعة فسار العسكر وحاصر صور فلم يقاتل اهل البلد العسكر خوفا من امير الجيوش وهجم الع-----------------سكر البلد نوهب---- اهله وحمل------------------ جماعة الي مصر------------------------- فقتلهم امير الجيوش وفرض علي اهل صور ستين الف دينار و------------كان ذلك في رابع عشر جمادي الاخرة وفيها ----قتل المجيد ابو علي الحسن بن عبد الصمد بن ابي الشخباء العسقلاني صاحب الرساءل والشعر وكان بديوان الانشاء و--له -رساءل وهو مشهور- ويقال ان القاضي الفاضل----------- كان جل اعتماده علي رساءله ومن شعره الكامل اصبحت تخرجني بغير جريمة من دار اكرام لدار هوان كدم الفصاد يراق ارذل موضع ابدا ويخرج من اعز مكان ثقلت موازين العباد بفضلهم وفضيلتي قد خففت ميزاني سنة سبع وثمانين واربعماءة في شهر ربيع الاخر وقيل--ي جمادي الاولي توفي امير الجيوش بدر الجمالي وكان يحكم بمصر تحكم الملوك ولم يبق للمستنصر معه امر وسلم اليه الامور فضبطها احسن ضبط وكان شديد الهيبة مخوف السطوة كبير البطش قتل في سلطنته من الخلق مالا يمكن حصيه وقتل من اكابر المصريين وقوادهم وكتابهم ووزراءهم خلقا كثيرا وعلي يده صلحت الديار المصرية بعد فسادها وعمرت بعد خرابها ومات وقد ناهز الثمانين سنة وكان- ارمني الجنس مملوكا لجمال الدولة -بن عمار ف-------عرف ببدر الجمالي وتولي امرة دمشق والبلاد الشامية وما زال ياخجذ نفسه بالجد في زمن شبيبت------------ه ويوطن نفسه علي قوة العزم-	28	-2682575050765891394	873	1330.0	700	1534	56.910037994384766	137	Shamela0000176-ara1.mARkdown	Kraken210528115855-ara1.mARkdown
Shamela0000176-ara1.mARkdown.ms403	true	-8967729394187171802	5	96	25	550	1673	300	تحكم الملوك ولم يبق للمستنصر من- امر والقي اليه مقاليد مملكته وسلم اليه --امور خلافته فضبطها احسن ضبط فاشتدت مهابته في قلوب الخاصة والعامة وخاف سطوته كل جليل وكبير لعظم باسه وكثرة بطشه وقتله من الخلاءق ما لا يمكن ضبطهم ولا يعلم عدتهم الا الههم سبحانه وبقتله اكابر المصريين من الامراء والقواد والوزراء والاعيان من اهل القاهرة ومصر وبلاد الصعيد واسفل الارض وثغر دمياط وتنيس والاسكندرية الذين كانوا قد تمرنوا علي الفساد ونشاوا في الفتن واعتادوا مضرة الخلق ولصلاح احوالهم من ذلك صلحت الديار المصرية بعد فسادها وعمرت بعد خرابها وزال	403	-9080523936259337219	Kraken210528115855-ara1.mARkdown.ms028	false	-6955134790396139262	219	267	1169	1438	1618	300	تحكم الملوك ولم يبق للمستنصر معه امر------------------------- وسلم اليه الامور------- فضبطها احسن ضبط وكان شديد الهيبة مخوف السطوة ----------------------------كبير البطش قتل في سلطنت-------ه من الخل--ق ما-لا يمكن حصيه وقتل من-------------------------------- اكابر المصريين وقوادهم وكتابهم و-----وزراءهم خلقا كثيرا وعلي يده-------------------------------------------------------------------------------------------------------------------------------------------------------- صلحت الديار المصرية بعد فسادها وعمرت بعد خرابها ومات	28	-2682575050765891394	179	209.0	142	528	33.90151596069336	25	Shamela0000176-ara1.mARkdown	Kraken210528115855-ara1.mARkdown
Shamela0000176-ara1.mARkdown.ms403	true	-8967729394187171802	119	300	687	1673	1673	300	ثلاث سنين حتي صلح-ت احوال الفلاحين واستغني اهل مصر في ايامه ودرت عليهم اخلاف النعم بعد توالي الشداءد الكبيرة ومقاساة الالم وكثر ترداد التجار في ايامه الي مصر بعد نزوحهم عنها وخروجهم لشدة البلاء والجور فيها وكانت مدة تحكمه بالديار المصرية احدي وعشرين سنة وكان عزوف النفس شديد البطش عالي الهمة عظيم الهيبة حسن التاتي جميل السياسة مظفرا سعيد الجد سخيا مفضالا قصده علقمة بن عبد الرزاق العليمي فلما وافي بابه شاهد---- اشراف الناس وكبراءهم وشعراءهم وعلماءهم علي بابه وقد طال وقوفهم ومقامهم ولا يصلون اليه فبينا هو-- كذلك اذ خرج امير الجيوش يريد الصيد فخرج -في اثره واقام معه حتي رجع من صيده فعندما قارب-ه وقف -علي تل- من --رمل ورمي-- برقعة كانت في يده وانشد-------- نحن التجار وهذه اعلاقنا در وجود يمينك المبتاع قلب وفتشها بسمعك انما هي جوهر تختاره الاسماع كسدت علينا بالشام وكلما قل النفاق تعطل الصناع فاتاك يحملها اليك تجارها ومطيها الامال والاطماع حتي اناخوها ببابك والرجا من دونك السمسار والبياع فوهبت ما لم يعطه في دهره هرم ولا كعب ولا القعقاع وسبقت هذا الناس في طلب العلا والناس بعدك كلهم اتباع يا بدر اقسم لو-	403	-9080523936259337219	Kraken210528115855-ara1.mARkdown.ms029	false	-6149547923722360513	40	176	234	968	1623	300	ثلاث سنين حتي ترفعت احوال الفلاحين واستغن-------وا في ايامه واحضر جماعة من التجار-------------------------------------------------------------------- الي مصر ------------------------------------------------وكانت ايامه بمصر--------------- احدي وعشرين سنة قال------------------------------------------------------------------------------------------------------- علقمة بن عبد الرزاق العليمي قصدت بدرا الجمالي فرايت اشراف الناس وكبراءهم وشعرا---------ءهم علي بابه -قد طال --------مقامهم فلم يصلوا اليه فبينما انا كذلك اذ خرج بدر-------- يريد الصيد فخرجت في اثره واقمت معه حتي رجع من صيده فل--ما قاربني وقفت علي تلي من الرمل واومات برقعة----- في يدي وانشدت الكامل نحن التجار وهذه اعلاقنا در وجود يمينك المبتاع قلت ففتشها بسمعك انما هي جوهر تختاره الاسماع كسدت علينا بالشام وكلما قل النفاق تعطل الصناع -اتاك يحملها اليك تجارها ومطيها الامال والاطماع حتي اناخوها ببابك والرجا من دونك السمسار والبياع فوهبت ما-لم يعطه في دهره هرم ولا كعب ولا القعقاع وسبقت هذا الناس في طلب العلا والناس بعدك كلهم اتباع يا بدر اقسم لو	29	-2682575050765891394	634	1058.5	508	1010	62.77227783203125	101	Shamela0000176-ara1.mARkdown	Kraken210528115855-ara1.mARkdown
Shamela0000176-ara1.mARkdown.ms404	true	850317432273894694	0	34	0	178	1550	300	بك اعتصم الوري ولجوا اليك جميعهم ما ضاعوا---- وكان بيد بدر باز فدفعه لاحد مماليكه وجعل يستعيد----- الابيات وهو- معه الي ان استقر في مجلسه فلما اطمان قال ل--------لحاضرين عنده من احبني فليخلع عليه	404	-9080523936259337219	Kraken210528115855-ara1.mARkdown.ms029	false	-6149547923722360513	176	212	968	1159	1623	300	بك اعتصم الوري ولجوا اليك جميعهم ما ضاعوا قال وكان بيد بدر باز فدفعه لاحد مماليكه وجعل يستردها وهي الابيات وانا معه الي ان استقر في مجلسه فلما اطمان قال للجماعة الحاضرين----- من احبني فليخلع عليه	29	-2682575050765891394	168	297.0	135	196	85.71428680419922	29	Shamela0000176-ara1.mARkdown	Kraken210528115855-ara1.mARkdown
Shamela0000176-ara1.mARkdown.ms405	true	8055631526064959652	154	277	776	1426	1541	300	الاحوال علي سداد الي ان مات فحكمت امه في الدولة وولت ابا سعيد ابراهيم اليهودي التستري وزارتها فصار هو الذي يلي الوساطة ويدبر الاموال الي ان قتل فلما كانت سنة اثنتين وستين -اختلطت الامور وتعاظم الامر فكان من الغلاء والفتن والبلاء والنهب ما تقدم ذكره وولي وزارته اربعة وعشرون وزيرا وهم ابو القاسم الجرجراءي الي ان مات وزيرا في سنة ست وثلاثين فولي ابو منصور صدقة بن يوسف الفلاحي الي ان قتل في سنة تسع وثلاثين فولي عماد الدولة ابو البركات الحسين بن محم------------د الجرجراءي مرت---------------------------ين الي ان عزل في س-----نة اربعين فولي-------- صاعد بن مسعود--- ابو الفضل و----------صرف في----- سنة اثنتين واربعين فاست--قر ابو محمد------------- اليازوري مضافا الي القضاء------- والتقدمة علي الدعاة ولم يجمع ذلك لاحد قبله الي ان قبض عليه في	405	-9080523936259337219	Kraken210528115855-ara1.mARkdown.ms030	false	2148688452896514038	188	300	1018	1597	1597	300	الامر --علي سداد الي ان وفي فحكمت امه في الدولة الي سنة اثنت------------------------------------------------------------------------------------------------------ين وستين فاختلطت الامور و-عظمت الاهوال--- من الغلاء والفتن والجلاء والنهب ووزر ل-----------------ه اربعة وعشرون وزيرا -هم ابو القاسم الجرجراءي وتوفي في -----------سنة ست وثلاثين----- ابو -نصور صدقة بن يوسف الفلاحي الي ان قتل في سنة تسع وثلاثين ثم اب--------------و البركات الحسين بن عماد الدولة محمد الجرجراءي ابن اخي الوزير ابي القاسم دفعتين الي ان صرف في شوال سنة اربعين ثم ابو الفضل صاعد بن مسعود في سنة ا-حدي واربعين ثم صرف في محرم سنة اثنتين واربعين فاستوزرا ابا محمد الحسن بن علي اليازوري مضافا -----لقضاء القضاة والتقدمة علي الدعاة ولم يجمع ذلك لاحد قبله الي ان قبض عليه في-	30	-2682575050765891394	417	646.0	331	743	56.12382125854492	63	Shamela0000176-ara1.mARkdown	Kraken210528115855-ara1.mARkdown
Shamela0000176-ara1.mARkdown.ms405	true	8055631526064959652	5	103	26	535	1541	300	فقال المستنصر اذا اقمنا قصبة قبل-- امرنا فقال الامراء اذا اقمت هذه القصبة قطعناها بهذه السيوف وجردوا -سيوفهم ولم يبق الا وقوع الشر فقال المستنصر لهم خيرا وامر باحضار الافضل بن امير الجيوش وقرر في الوزارة مكان ابيه وبطل امر لاون فاستمر الي ليلة الخميس الثامن عشر من ذي الحجة -وفيها مات الخليفة المستنصر بالله ابو تميم معد فلما كان--------------------------------------------------------------- عند موته حصل رعد عظيم وبرق كثير ومطر غزير وعمر-------------------------------------------ه يومءذ---------------------------------------------------------------------------------------- سبع وستون سنة وخمسة اشهر منها في خلافته ستون سنة واربعة اشهر وثلاثة ايام -----------------------------------------------------------------------------مرت به فيها اهوال عظيمة وشداءد الت به الي ان--- جلس علي نخ	405	-9080523936259337219	Kraken210528115855-ara1.mARkdown.ms030	false	2148688452896514038	58	179	311	971	1597	300	فقال المستنصر اذا اقمنا قصبة امتثل امرنا فقالوا اذا------ اقمت هذه القصبة قطعناها بهذه السيوف وجردوا اسيافهم ف---------------------------------------------امر باحضار الافضل ورتبه------------------------- مكان ابيه و ف--------------------ي ليلة الخميس الثامن عشر من ذي الحجة توفي ------الخليفة المستنصر بالله ابو تميم معد بن ال الظاهر لاعزاز دين الله ابي الحسن علي بن الحاكم ابي علي منصور وحصل عند وفاته--- رعد وبق----------- ومطر وكان بين موت امير الجيوش والمستنصر ثمانية شهور ومولده يوم الاحد سادس عشر جمادي الاخرة سنة عشرين واربعماءة وولي الخلافة يوم الاحد النصف من شعبان سنة سبع وعشرين واربعماءة وكانت------ خلافته ستين سنة واربعة اشهر وثلاثة ايام وفي بعض التواريخ ان الستنصر العبيدي كانت ولايته ستا وستين سنة وشهورا واياما ومرت به----- اهوال عظيمة وشداءد ال امره فيها انه جلس علي نخ	30	-2682575050765891394	311	407.5	248	787	39.517154693603516	48	Shamela0000176-ara1.mARkdown	Kraken210528115855-ara1.mARkdown
Shamela0000176-ara1.mARkdown.ms406	true	5326691358577870943	0	226	0	1133	1519	300	جعفر بن محمد بن علي بن الحسين------------- المغربي ثم ص---------------------رف في سنة اثنتين وخمسين واعيد البابلي ثم صرف بعد اربعة اشهر----- وتولي عبد الله -بن يحيي بن المدبر في صفر سنة ثلاث وخمسين --وصرف بعد شهرين وتولي عبد الكريم بن عبد الحاكم بن سعيد الفارقي في رمضان -----------منها الي ان توفي في محرم سنة اربع وخمسين فتولي بعده اخوه ابو علي احمد------ سبعة عشر يوما وصرف فاعيد البابلي كرة ثالثة في---- ربيع الاول فاقام خمسة اشهر واستعفي فوزر ابو عبد الله الحسين بن سديد الدولة الماسكي ---ثم -----صرف -------بابي احمد بن عبد الكريم ابن عبد الحاكم فكان ينقل من القضاء الي الوزارة ثم يعود الي القضاء --------------وصرف بابن المدبر فاقام الي ان توفي فاع----------------------------------------------يد ابو احمد بن عبد الحا-----------------------------كم في ذي الحجة سنة خمس وخمسين فاقام خ---مسة واربعين يوما وصرف بابي غالب عبد الطاهر بن --فضل--- العجمي فتولي غير مرة وكان جده من دعاة الدولة فولي مرة في جمادي الاولي سنة خمس وخمسين وصرف بعد ثلاثة اشهر وولي اخري في ربيع الاخر سنة ست وخمسين وصرف بعد ثلاثة واربعين يوما وفي ثالثة في ايام الفتنة وقتله تاج الملوك شاذي----------------- بالقاهرة في سنة خمس وستين وولي الوزارة ايضا الحسن بن ثقة الدولة بن ابي كدينة وجمع له بين القضاء ---والوزارة سبع مرات ووصل امير الجيوش وهو وزير فقبض---------------- عليه وقتل ب----دمياط وولي ا-------------------------------------------------------------------------------------بو المكارم ----سعد وتنقلت به الاحوال حتي قتله امير الجيوش ثم وزر بعده ابو علي	406	-9080523936259337219	Kraken210528115855-ara1.mARkdown.ms031	false	-8460032161925300144	28	300	143	1538	1538	300	جعفر بن محمد بن علي بن الحسين المعروف بابن المغربي فاقام في الوزارة الي ان صرف في سنة اثنتين وخمسين واعيد البابلي فاقام -----اربعة اشهر وصرف وتولي عبد-الله ابن يحيي بن المدبر في صفر سنة ثلاث وخمسين ثم صرف بعد شهرين وتولي عبد الكريم بن عبد الحاكم بن سعيد الفارقي في رمضان سنة ثلاث وخمسين الي ان توفي في محرم سنة اربع وخمسين وتولي بعده اخوه ابو علي احمد فاقام سبعة عشر يوما وصرف واعيد البابلي كرة ثالثة في شهر ربيع الاول فاقام خمسة اشهر واستعفي فوزر ابو عبد الله الحسين بن سديد الدولة الماشلي فاقام مدة وصرف واستوزر ابا احمد بن عبد الكريم -بن عبد الحاكم منقلا---- من القضاء الي الوزارة ثم يعود الي القضاء ثم اعيد الي الوزارة ابن المدبر------ الي ان توفي في سنة خمس وخمسين واربعماءة في جمادي الاولي ثم اعيد ابو احمد هو جلال الملك المتقدم نسيب لجده عبد الحاكم في ذي الحجة سنة خمس وخمسين وصرف بعد خمسة واربعين يوما وتولي ابو غالب عبد الظاهر بن الفضل بن العجم------ي غير مرة وكان جده من ذعاة الفاطميين فدفعه في جمادي ا---لي سنة خمس وخمسين وصرف بعد ثلاثة اشهر و----دفعه في ربيع الاخر سنة ست وخمسين وصرف بعد ثلاثة واربعين يوما -ثم ثالثة في ايام الفتنة ولقيه تاج الملوك شادي فقتله عند الشرطة بالقاهرة في سنة خمس وستين وولي الوزارة -----الحسن بن ثقة الدولة بن ابي كدينة وجمع له---- القضاء الي الوزا-ة سبع مرات ووصل امير الجيوش بدر الجمالي واسم الوزارة واقع عليه فشيعه الي دمياط وامر بضرب عنقه فكان السيف كليلا فضرب عنقه ضربات بعدة ولايته الحكم والوزارة ثم ولي الوزارة ابو المكارم بن اسعد وتنقلت به الاحوال حتي قتله امير الجيوش ثم وزر بعده ابو علي-	31	-2682575050765891394	987	1645.0	781	1437	68.68476104736328	169	Shamela0000176-ara1.mARkdown	Kraken210528115855-ara1.mARkdown
Shamela0000176-ara1.mARkdown.ms406	true	5326691358577870943	226	300	1133	1519	1519	300	الحسن ابن ابي سعيد-------------- التستري عشرة ايام ثم استعفي وكان يهوديا فاسلم ثم استوزر ابو القاسم عبد الله بن محمد الرعباني مرتين كل منهما عشرة ايام ثم ولي--- الامير ابو الحسن بن الانباري اياما وصرف فتولي ابو علي الحسن ------بن سديد الدولة الماسكي اياما وهذه وزارته الثانية ثم صرف بابي----- شجاع محمد بن الاشرف بن فخر الملوك وصرف فسار الي الشام ولقيه امير الجيوش-------- فقتله وابو غالب جده كان وزيرا لبهاء الدولة بن عضد-	406	-9080523936259337219	Kraken210528115855-ara1.mARkdown.ms032	false	4107453388012999914	1	80	3	417	1518	300	الحسن -بن ابي سعد ابراهيم بن سهل التستري عشرة ايام ثم استعفي وكان يهوديا فاسلم ثم استوزر ابو القاسم هبة الله بن محمد الرغياني------ كل منهما عشرة ايام ثم استوزر الامير ابو الحسن بن الانباري اياما وصرف فتولي ابو عبد الله الحسين بن سديد الدولة الماشلي اياما وهذه وزارته ا-ثانية ثم صرف فتولي ابو شجاع محمد بن الاشرف بن فخر المل-ك وصرف فسار الي الشام فلقيه امير الجيوش بالطريق فقتله وابو طالب جده كان وزيرا لبهاء الدولة بن عضد	32	-2682575050765891394	354	638.0	283	423	83.68794250488281	57	Shamela0000176-ara1.mARkdown	Kraken210528115855-ara1.mARkdown
Shamela0000176-ara1.mARkdown.ms407	true	3704980114171465113	6	68	30	330	1521	300	ابو الحسن طاهر بن وزير الطرابلسي ثم صرف وكان احد الكتاب بديوان الانشاء فولي بعده ابو عبد الله محمد بن ابي حامد التنيسي يوما واحدا------- وقتل فوجد له مال كثير ثم ولي ابو سعد منصور بن ابي ايمن سورس بن مكرواه بن زنبور وكان نصرانيا فاسلم ويقال انه لم يسلم ثم ولي بعده ابو العلاء عبد الغني بن نصر بن سعيد الضيف	407	-9080523936259337219	Kraken210528115855-ara1.mARkdown.ms015	false	-4859637576142211047	214	255	1134	1333	1591	300	ابو الحسن طاهر بن وزير اياما وصرف ثم قرر ----------------------------------------ابو عبد الله -حمد بن ابي حامد التنيسي يوما واحدا ثم صرف وقتل واستوزر ----------------ابو سعد منصور--------------------------- بن زنبور فاقام اياما وهرب واستوزر اب------------------------و العلاء عبد الغني بن نصر بن سعيد الضيف	15	-2682575050765891394	145	207.0	113	307	47.23126983642578	27	Shamela0000176-ara1.mARkdown	Kraken210528115855-ara1.mARkdown
Shamela0000176-ara1.mARkdown.ms407	true	3704980114171465113	0	188	0	935	1521	300	الدولة ملك --العراق ثم ولي بعده ابو الحسن طاهر بن وزير الطرابلسي ثم ص----------------رف وكان احد الكتاب بديوان الانشاء فولي بعده ابو عبد الله محمد بن ابي حامد التنيسي يوما واحدا --وقتل فوجد له مال كثير ثم ولي ابو سعد منصور بن ابي ا-يمن--- سورس بن مكرواه بن زنبور وكان نصرانيا فاسلم ويقال----- انه لم يسلم ثم ولي بعده ابو العلاء عبد الغني بن نصر بن سعيد الضيف وصرف ------فلما -قدم امير الجيوش -تسلمها ولما قدم امير الجيوش------------ من عكا -صار وزير السيف والقلم وولي القضاء ايضا وزيد في القابه كافل قضاة المسلمين وهادي دعاة المءمنين ثم لما مات وزر من بعده ابنه الافضل واما قضاته فقد تقدم---- من جمع له القضاء مع- الوزارة وا-لذين ا-فردوا بوظيفة القضاء -عبد الحاكم بن سعيد الفارقي في اول خلافته ثم تقلد القضاء القاسم بن عبد العزيز ابن النعمان ثم ابو يعلي ويقال ابو الحسن احمد بن حمزة بن احمد العرقي و-----مات فولي ابو الفضل القضاعي ثم جلال الدولة ابو القاسم علي بن احمد بن عمار------- وولي---- الفضل ابن نباتة ثم ابو الفضل بن عتيق ثم ابو الحسن علي بن يوسف بن----- الكحال ثم فخر الا-حكام ابو الفضل محمد بن عبد الحاكم	407	-9080523936259337219	Kraken210528115855-ara1.mARkdown.ms032	false	4107453388012999914	80	275	417	1393	1518	300	الدولة سلطان العراق --وولي بعده ابو الحسن طاهر بن وزير الطرابلسي من طرابلس الشام ثم صرف وكان اجد الكتاب بديوان الانشاء وولي بعده ابو عبد الله محمد بن ابي حامد التنيسي يوما واحدا ثم قتل وكان له مال كثير --فولي ابو سعد منصور بن ابي اليمنانا سورس بن مكرواه بن زثبور فكان نصرانيا -اسلم و--النصاري تنكر اسلامه ثم---- بعده ابو العلاء عبد الغني بن نصر بن سعيد الضيف -صرف وبقي اياما فقدم امير الجيوش بدر فقتله ثم قدم امير الجيوش بدر الجمالي من عكا فصار وزير السيف والقلم وولي القضاء ف-----زيد في القابه كافل قضاة المسلمين وهادي دعاق المءمنين ثم ولي بعد-----------ه ابنه الافضل واما قضاته فقد تقدم ذكر من جمع له القضاء الي الوزارة واما من انفرد-- ب------القضاء فعبد الحاكم بن سعيد الفارق -في اول خلافته ثم تقلد القضاء القاسم بن عبد العزيز ب-ن النعمان ثم ابو يعلا ويقال ابو الحسن احمد بن حمزة بن احمد العوق الي ان مات فولي ابو الفضل القضاعي ثم جلال الدولة ابو القاسم علي بن احمد بن عمار ثم صرف وولي ابو الفضل -بن نباتة ثم ابو الفضل بن عتيق ثم ابو الحسن علي بن يوسف بن رافع الكحال ثم فخر الالحكام ابو الفضل محمد بن عبد الحاكم	32	-2682575050765891394	836	1430.5	662	1015	82.36453247070312	138	Shamela0000176-ara1.mARkdown	Kraken210528115855-ara1.mARkdown
Shamela0000176-ara1.mARkdown.ms407	true	3704980114171465113	207	279	1034	1403	1521	300	ومما رثي به المستنصر قول حظي الدولة ابي المناقب عبد الباقي بن علي التنوخي الشاعر من ابيات وليس ردي المستنصر اليوم كالردي ولا قدره امر يقاس به امر لقد هاب ملك الموت اتيانه ضحي ففاجاه ليلا وما طلع الفجر فاجري عليه حين مات دموعنا سماء فقال الناس لا بل هو القطر وقد بكت الخنساء صخرا وانه ليبكيه من فرط المصاب به الصخر وقلدنا المستعلي الطهر حسب ما عليه قديما نص والده الطهر	407	-9080523936259337219	Kraken210528115855-ara1.mARkdown.ms035	false	-6277938357998514796	149	219	862	1227	1646	300	ومما رثي به المستنصر قول حظي الدولة ابي المناقب عبد الباق- بن علي التنوخي الشاعر الطويل-- وليس ردي المستنصر اليوم كالردي ولا قدره امر يقاس به امر لقد هاب ملك الموت اتيانه ضحي ففاجاه ليلا وما طلع الفجر فاجري عليه حين مات دموعنا سماء فقال الناس لا بل هو القطر وقد بكت الخنساء صخرا وانه ليبكيه من فرط المصاب به الصخر وقلدها المستعلي الطهر حسب-ما عليه قديما نص والده الطهر	35	-2682575050765891394	358	693.5	288	369	97.01896667480469	68	Shamela0000176-ara1.mARkdown	Kraken210528115855-ara1.mARkdown
Shamela0000176-ara1.mARkdown.ms408	true	-5592834791237167804	45	274	230	1434	1574	300	الافضل شاهنشاه بن امير الجيوش بدر الجمالي عندما مات المستنصر بادر الي القصر واجلسه---------------------------- ولقبه بالمستعلي وبعث فاحضر اليه نزارا وعبد الله واسماعيل اولاد المستنصر فلما حضروا وشاهدوا اخاهم احمد وكان اصغرهم قد جلس علي تخت----- الخلافة انفوا من -ذلك فامرهم الافضل بتقبيل الارض وقال لهم------- تقدموا وقبلوا الارض لله تعالي ولمولانا المستعلي بالله وبايعوه فهو الذي نص عليه الامام المستنصر قبل و-فاته للخل-افة من بعده فامتنعوا من ذلك وقال كل منهم ان والده و-عده بالخلافة وقال نزار ان- قطعت ما بايعت من هو اصغر سنا مني وخط والدي عندي باني ولي عهده وانا احضره وخرج مسرعا ليحضر الخط فمضي من حيث لا يشعر به احد وتوجه في خفية الي الاسكندرية فلما ابطا ارسل الافضل من يستعجله بالحضور فلم يوجد وفتش عليه في القصر فلم يوقف له علي خبر ولا عرف كيف توجه فاضطرب الافضل لذلك وانزعج------------ انزعاجا شديدا وقوم يذكرون ان المستنصر كان قد اجلس----- ابنه ابا المنصور نزارا لانه اكبر اولاده وجعل اليه ولاية العهد من بعده فلما قربت وفاته----- اراد ان ياخذ له البيعة علي رجال الدولة فتقاعد له الافضل ودافع حتي مات---------------- وذلك انه كانت بينه وبين نزار مباينة وكان في نفس كل منهما مباينة من الاخر لامور منها ان نزارا خرج ذات يوم من بعض اماكن القصر فوجد الافضل ------قد دخل من احد ابواب القصر وهو راكب فصاح به انزل يا ارمني يا نجس فحقدها الافضل عليه وظهرت كراهة احدهما الاخر ومنها ان الافضل	408	-9080523936259337219	Kraken210528115855-ara1.mARkdown.ms034	false	5558892210999403934	90	271	490	1452	1617	300	الافضل-------- بن امير ال------------------------------------جيوش الي القصر واجلس ابن المستنصر ابا القاسم احمد ولقبه بالمستعلي بالله وسير الي- نزار- وعبد الله واسماعيل اولاد المستنصر واعلمهم الخبر ال فجاءوا اليه فاذا اخوهم الصغير جالست علي سرير الخلافة فامتعضوا لذلك ف---------------------------قال لهم الافضل تقدموا -قبلوا الارض لله تعالي ولمولانا المستعلي------ وبايعوه فهو الذي نص عليه الامام المستنصر قبل و فاته بالخلافة من بعده فامتنعوا من ذلك وقال كل منهم ان والده واعده بالخلافة فقال نزار ولو قطعت ما بايعت من هو اصغر سنا مني وخط والدي عندي باني ولي عهده وانا احضره وخرج مسرعا ليحضر الخط فمضي------- لا يدري به احد وتوجه ال--------ي الاسكندرية ف----------سير الافضل ------خلفه من حضره فلم يعلم احد اين توجه-------------------------- ولا---- كيف سلك ف--------------------انزعج الافضل لذلك انزعاجا عظيما --------قيل ان المستنصر------- اجلس بعده ابنه ابا --منصور نزارا----- اكبر اولاده وجعل اليه ولاية العهد-------- فلما كان وقيل ان مات اراد اخذ------- البيعة له------------- فتقاعد الا---فضل ودافع حتي مات لكراهته في نزار وذلك------------------------------------------------------------------------------- ان نزارا خرج ذات------------------- يوم فاذا الافضل راكب وقد دخل من احد ابواب القصر--------- فصاح به نزار يا ارمني الجن-س فحقدها------- عليه وصار كل منهما يكره الاخر --فاجتمع الافضل	34	-2682575050765891394	697	988.5	551	1293	53.90564727783203	106	Shamela0000176-ara1.mARkdown	Kraken210528115855-ara1.mARkdown
Shamela0000176-ara1.mARkdown.ms409	true	1138134536225166119	86	286	458	1600	1674	300	الافضل فاجلس ابا- القاسم ولقب ----------------------بالمستعلي بالله واصبح في بكرة يوم الخميس لاثنتي عشر-----ة بقيت من ذي الحجة فاخرجه الي الايوان واجلسه علي سرير الملك-- وجلس هو ----علي دكة الوزارة وحضر قاضي القضاة المءيد بنصر الامام علي بن نافع بن الكحال والشهود---- فاخذ البيعة علي مقدمي الدولة وامراءها ورءساءها وجميع الاعيان-- ثم مضي الي عبد الله واسماعيل ولدي المستنصر وكانا في --مسجد من مساجد القصر وقد وكل بهما الافضل جماعة يحفظونهما فقال لهما ان البيعة قد تمت لمولانا المستعلي بالله وهو يقرءكما السلام ويقول لكما تبايعاني ام لا فقالا السمع والطاعة ان الله اختاره علينا ووقفا قاءمين علي ارجلهما وبايعاه وكتب كتاب البيعة واخرج فقراه---------------- الشريف سناء الملك محمد بن محمد الحسيني الكاتب بديوان الانشاء علي عادة الامراء وجميع اهل الدولة وكانت الدعاة عندما بلغهم موت المستنصر اختلفوا فيمن يبايعونه من بعده فدعا بركات وهو امين الدعاة لعبد الله المستنصر ونعته بالموفق فقبض الافضل عليه وقتله هو وابن الكحال ووصل الخبر بلحاق نزار ومعه محمود ------بن مصال اللكي --------بنصر------- الدولة وان ن-صر الدولة افتكين التركي احد مماليك امير الجيوش وكان علي ولاية الاسكندرية قد بايعة والقاضي ابو عبد الله محمد بن عمار واهل الاسكندرية قد بايعه والقاضي ابو عبد الله محمد بن عما-----ر واهل الاسكندرية وانه تلقب بالمصطفي لدين الله	409	-9080523936259337219	Kraken210528115855-ara1.mARkdown.ms035	false	-6277938357998514796	11	149	56	862	1646	300	الافضل باخراج ابي القاسم احمد وبايعه بالخلافة ونعته بالمستعلي بالله وذلك---- بكرة يوم الخميس لاثنتي عشرة ليلة بقيت من ذي الحجة------------------- واجلسه علي سرير الخلافة وجلس الافضل علي دكة الوزارة وحضر قاضي القضاة المءيد بنصر الامام علي بن رافع بن الكحال والشهود معه فاخذ البيعة علي مقدمي الدولة--------- ورءساءها و-------اعيانها ثم مضي الي ----------اسماعيل وعبد الله وهم-----ا في المسجد ب--------القصر والموكلون عليه-------------------ما فقال لهما ان البيعة--- تمت لمولانا ال-ستعلي بالله وهو يقرءكما السلام ويقول لكما تبايعاني ام لا فقالا السمع والطاعة ان الله اختاره علينا وقا-------------------ما وبايعاه فكتب بذلك سجل ----------قراه علي رءس الامراء الشريف سناء الملك -حمد بن محمد الحسيني الكاتب بديوان الانشاء وبادر------------------------------------------------------------------------------------------------------------------------------------------------------------------------------------------------------------------- نزار واخوه عبد الله وابن مصال اللكي الي الاسكندرية وكان المولي بها ناصر الدولة افتكين التركي احد مماليك امير الجيوش ------------------------------------------------بدر وعرفوه الحال ووعدوه بالوزارة ف------ب------------------------------------ايعه هو واهل الاسكندرية و-----لقب بالمصطفي لدين الله	35	-2682575050765891394	615	935.5	501	1227	50.122249603271484	86	Shamela0000176-ara1.mARkdown	Kraken210528115855-ara1.mARkdown
Shamela0000176-ara1.mARkdown.ms410	true	-3523391030175634910	3	75	20	384	1597	300	محمد الماسكي وكان ممن وزر للمستنص-------------ر في سنة اربع وخمسين ف----------لما صرف عن الوزارة سار الي مدينة صور من الشام فاقام بها عدة سنين ثم انه رجع الي مصر وخدم مشارفا ب---الاسكندرية بعد الوزارة ثم صرف عن المشارقة وكان من اماثل الكتاب واحد الادباء الفضلاء ومن شعره ت-------------------------------وصل الي رد كيد العدو توصل ذي الحيلة الحازم وصانع ببعض الذي حزته تعش عيشة الامن الغانم ودع ما نعمت به في القدي م واعمل	410	-9080523936259337219	Kraken210528115855-ara1.mARkdown.ms035	false	-6277938357998514796	228	300	1266	1646	1646	300	محمد الماشلي الوزير وكانت ولايته الوزارة كما مر في سنة اربع وخمسين واربعماءة ولما صرف عن الوزارة سار الي------ صور و---------اقام بها عدة سنين ثم عاد ا----لي مصر وخدم مشارفا ثغر الاسكندري------------ة ثم صرف عنها وك-------ان من اماءل الكتاب وصدورهم وله من المصنفات المستحسنة والرساءل وشعر منه المتقارب توصل الي رد كيد العدا توصل ذي الحيلة الحازم وصانع ببعض الذي حزته تعش عيشة الامن الغانم ودغ ما ق-مت به في القدي-م واعمل-	35	-2682575050765891394	259	401.5	204	421	61.52019119262695	44	Shamela0000176-ara1.mARkdown	Kraken210528115855-ara1.mARkdown
Shamela0000176-ara1.mARkdown.ms410	true	-3523391030175634910	75	298	384	1589	1597	300	لذا الزمن القادم -لعلك تسلم مما تخاف ولست اخالك بالسالم وله عدة مصنفات ورساءل سنة ثمان وثمانين واربعماءة في اخر المحرم خرج الافضل بعساكره من القاهرة فسا-ر الي الاسكندرية لمحاربة نزار وافتكين فخرجا اليه في عدة كبيرة وحارباه فكانت بينهما عدة وقاءع بظاهر الاسكندرية انكسر فيها الافضل ورجع بمن معه------------ منهزما يريد القاهرة فنهب نزار بمن معه من العرب اكثر --بلاد -الوجه البحري ووصل الافضل الي القاهرة وشرع يتجهز ثانيا لمسيره ودس الي اكابر -من انتمي الي نزار من العرب يدعوهم الي التخلي عنه واستمالهم بما حمله اليهم من الاموال وما وعدهم به من الاقطاعات وغيرها وخرج وقد اعد واستعد فسار الي الاسكندرية وقد برزوا اليه فكانت بينهما حروب الت الي هزيمة-------------- نزار والتجاءه الي المدينة فنزل الافضل عليها وحاصرها ونصب عليها المجانيق والح عليها بالقتال ومنع عنها الميرة فلما كان في ذي القعدة وقد اشتد الامر علي من بالاسكندرية جمع ابن مصال ماله وفر ا---------لي جهة المغرب في ثلاثين قطعة يريد بلده لك برقة من اجل رءيا راها وهي انه راي في منامه كانه قد ركب فرسا و--سار والافضل يمشي في ركابه فقص هذه الرءيا علي عابر له فطانة وتمكن في علم التعبير فقال له------- الماشي علي الارض املك لها من الراكب وهذا يدل علي ان الافضل يملك البلاد وكانت الانفس قد ملت طول الحصار فلما فر ابن مصال ضعفت نفس نزار وافتكين وتخوفا ممن حولهما فبعثا الي الافضل يسالان الامان فامنهما	410	-9080523936259337219	Kraken210528115855-ara1.mARkdown.ms036	false	3451537042854003246	0	148	0	796	1570	300	لذا الزمن القادم العلك تسلم مما تخاف ولست اخالك بالسالم---------------------- سنة ثمان وثمانين واربعماءة في اخر --محرم خرج الافضل ب------------------عساكر الي الاسكندرية لقتا--ل نزار وافتكين ----------------------وابن مصال وكانت بينهم- حرب شديدة بظاهر الاسكندرية انكسر فيها الافضل ورجع بمن معه الي القاهرة منهزما------------- فنهب نزار بمن معه من العرب اكثر البلاد بالوجه البحري واخذ الافضل -في التجهيز الي قتال نزار---------- ودس الي جماعة ممن -----------معه من العربان --------------------واستمالهم -------------------------------عنه ثم خرج الي قتاله ثانيا-------------------------------------------------------- فكانت بينهما وقعة بظاهر الاسكندرية انهزم فيها نزار -بمن معه الي داخل البلد ف---------------حاصرهم الافضل حصارا شديدا ف-------------------------------------لما كان في ذي القعدة وقد اشتد الحصار------------------ جمع ابن مصال ماله وفر في البحر الي جهة المغرب وذلك------------------------------------------------- انه راي في النوم كانه قد-ركب فرساه و سار والافضل يمشي في ركابه------------------------------------------------------ فقال له المعبر الماشي علي الارض املك لها فكان ذلك سببا لفراره و-------------------------------------------------------لما فر ابن مصال ضعفت قوي نزار وافتكين و-خافا -----وطلبا -------من الافضل -------الامان فامنهما	36	-2682575050765891394	574	780.5	453	1255	45.73705291748047	86	Shamela0000176-ara1.mARkdown	Kraken210528115855-ara1.mARkdown
Shamela0000176-ara1.mARkdown.ms411	true	-6660128002112902711	146	250	773	1292	1560	300	ولم يزل يبعث اليه الافضل بالامان حتي قدم عليه ف-------لزم داره مدة ثم رضي عنه الافضل واكرمه و-------كان الافضل لما----------- قبض من -نزار وتمكن من الاسكندرية تتبع جميع من كان معه ومن مالاه او اعانه فقبض علي كثير من وجوه البلد منهم قاضي الثغر ابو---------------- عبد الله محمد بن عمار واعتقله مدة ثم قتله وكان حسنة من حسنات الدهر ونخبة من نخب العقد وحظي عنده بنو حارثة وكانوا من عدول البلد لانهم لم يبايعوا نزارا ولم يدخلوا في شء من ذلك وكانوا يهادون الافضل سرا ولي قضاء الاسكندرية عوضا عنه القاضي ابا الحسن زيد بن الحسن بن حديد وبالغ في اكرامه واكرام اهل بيته	411	-9080523936259337219	Kraken210528115855-ara1.mARkdown.ms036	false	3451537042854003246	216	279	1151	1462	1570	300	ولم يزل يءثر ا-----------بن مصال حتي حضر الي القاهرة ولزم داره حتي--- رضي عنه ف-------اكرمه ولما استولي الافضل علي الاسكندرية قبض علي نزار و-------------------تتب-----ع ------------من مال معه--------------------- من وجوه---------------- الثغر وقبض علي قاضيها ابي عبد الله محمد بن عمار واعتقله مدة ثم قتله وكان حسنة--------- الدهر ونادرة العصر ثم-------------------------------------------------------------------------------------------------------------------- ولي افضل----------- عوضا عنه------- ابا ال-------------حسن بن حديد وبالغ في اكرامه واكرام اهل بيته	36	-2682575050765891394	218	251.0	166	561	38.85918045043945	35	Shamela0000176-ara1.mARkdown	Kraken210528115855-ara1.mARkdown
Shamela0000176-ara1.mARkdown.ms413	true	-5881293587537254465	210	300	1196	1657	1657	300	سنة تسع وثمانين واربعماءة فيها خرج خلف بن ملاعب من عند الافضل لولاية فامية فسار اليها وتسلمها وكان سبب ذلك ان اهلها كانوا---------------------- اسماعيلية فقدموا الي القاهرة وسالوا ان يجهز ا---ليهم من يلي امرهم فوقع الاختيار علي خلف بن ملاعب وكان قد ولي مدينة حمص وساءت سيرته في اهلها فبعث اليه السلطان ملك شاه من العراق من قبض عليه وحمله اليه باصفهان ف-------اعتقله بها الي ان مات-------- فاطلق وسار الي مصر فاقام بها حتي خرج الي فامية سنة تسعين واربعماءة فيها وقع بمصر غلاء ومجاعة في سادس عشر صفر قدم-	413	-9080523936259337219	Kraken210528115855-ara1.mARkdown.ms037	false	-5783990239855681593	36	116	205	619	1624	300	سنة تسع وثمانين واربعماءة فيها خرج خلف بن ملاعب من مصر واليا علي فا----مية ف-----------تسلمها و--------ذلك ان اهلها قدموا الي مصر وكانت مذاهبهم اسماعيلي-------------------ة وسالوا واليا يكون علي-------------هم فوقع الاختيار علي ---ابن ملاعب وكان بحمص فافسد فيها افسادا كثيرا فسير ا---------ليه السلطان ملك شاه---------- من قبض عليه وحمله الي --اصفهان فلم يزل معتقلا بها حتي--- مات ملك شاه فاطلق وقدم الي مصر وبق-ي بها الي هذه السن----ة سنة تسعين واربعماءة فيها كان بمصر غلاء وجوع و-في سادس عشر صفر قدم	37	-2682575050765891394	291	414.0	230	502	57.9681282043457	42	Shamela0000176-ara1.mARkdown	Kraken210528115855-ara1.mARkdown
Shamela0000176-ara1.mARkdown.ms414	true	-940675001646021996	0	214	0	1166	1626	300	علي الافضل رسول-------- فخر الدولة رضوان بن تتش صاحب حلب وانطاكية وهم بن الهلال بن كاتب عز الدولة ابن منقذ صحبة رسول الافضل الشريف شجاع الدولة ابن صارم الدولة ابن ابي وقدم معهم شرف الدولة الباهلي الشاعر وكان قد قدم مصر ومدح امير الجيوش بدر الجمالي ثم في نوبة افتكين وهو يبذل الط---اعة في اقامة الخطبة للامام المستعلي بالله في بلاد الشام فاجيب بالشكر والثناء وخطب بها للمستعلي بالله في يوم الجمعة سابع عشر رمضان وكان سبب هذا الفعل من رضوان انه قصد ان يستعين بعساكر --مصر ع---لي اخذ دمشق من اخيه دقاق فاتفق ان الامير سكمان بن ارتق انكر علي رضوان ذلك فقطع خطبة المستعلي واعاد الخطبة لبني العباس- فكان- مدة الخطبة للمستعلي اربعة اشهر وفي-- ربيع الاول جهز الا------------فضل عسكرا في عدة وافرة لاخذ --صور فسار اليها وحاصرها حصارا شديدا حتي اخذ-ت بالسيف فدخلها العسكر وقتلوا منها بالسيف خلقا كثيرا وقبض علي واليها وحمل الي الافضل فقتله ل--------انه كان قد خرج عن الطاعة وعصي علي الافضل وفيها كان ابتداء خروج الافرنج من بلاد القسطنطينية لاخذ بلاد الساحل من ايدي المسلمين فوصلوا الي مدينة--- انطاكية ونازلوها حتي ملكوها ومنها دبوا الي بلاد الساحل وفيها تجمع الرعاع والعامة في يوم عاشوراء ب---------------مشهد السيدة نفيسة وجهر-وا بسب الصحابة وهدموا عدة قبور------------------- فسير الافضل اليهم ومنعهم من ذلك وادب----------------- ذخيرة الملك ابن علوان والي القاهرة جماعة	414	-9080523936259337219	Kraken210528115855-ara1.mARkdown.ms037	false	-5783990239855681593	116	287	619	1558	1624	300	علي الافضل الرسل من عند فخر ال-ملك رضوان بن تتش صاحب حلب وانطاكية --------------------------------------------------------------------------------------------------------------------------------------------------------------------------------------------------------وهو يبذل له الطاعة في اقامة --خطبة------- المستعلي ب-------------الشام فاجيب بالشكر والثناء فخطب---- للمستعلي في ------يوم الجمعة سابع عشر رمضان وكان الحامل لرضوان علي ذلك انه اراد ان يستعين بعساكر المصريين علي اخذ دمشق من اخيه دقاق فاتفق ان الامير سكمان بن ارتق انكر علي رضوان ذلك فقطع خطبة المستعلي واعاد الخطبة ل-----لعباسي فكانت مدة الخطبة للمستعلي اربع جمع وفي شهر ربيع الاول ندب امير الجيوش الافضل عسكرا له عدة وافرة الي ثغرصور فمضي اليها وحاصرها حصارا عنيفا حتي اخذها بالسيف ودخلها العسكر فقتل-- منها------- خلقا كثيرا وقبض علي ناءبها وحمل الي الافضل فقتله وسبب ذلك انه كان ناءبا- عن الافضل فعصي عليه وف------يها كان ابتداء خروج الافرنج من بلاد --قسطنطينية -الي بلاد ---------------المسلمين وكان اول ما بدءا به انطاكية ف------------ملكوها ثم-- ملكوا ال--بلاد الساحلية كلها وفي ------------------يوم عاشوراء تجمع العامة عند مشهد السيدة نفيسة واعلنوا بسب الصحابة وهدموا---- قبور الصالحين التي هناك فسير الافضل اليهم و-ردهم عن ذلك وادب والي القاهرة وهو ذخيرة الملك -بن علوان------------- جماعة	37	-2682575050765891394	708	1081.5	571	1264	56.012657165527344	101	Shamela0000176-ara1.mARkdown	Kraken210528115855-ara1.mARkdown
Shamela0000176-ara1.mARkdown.ms415	true	-7453366474701737988	27	109	132	544	1596	300	عسقلان وكان فيها مكان قد دفن فيه راس الحسين بن علي بن ابي طالب عليه السلام فاخرجه وعطره وحمله في سفط الي اجل دار بها وعمر --مشهدا مليح البناء فلما تكامل حمل الراس في صد--------ره وسعي به ماشيا من الموضع الذي كان فيه الي ان احله في مقره ويقال ان-------------------- امير الجيوش هو الذي انشا المشهد علي الراس بثغر عسقلان وان ابنه الافضل شاهنشاه كمله ثم حمل هذا الراس الي القاهرة فوصل-- اليها يوم الاحد ثامن جمادي الاخرة سنة ثمان واربعين وخمسماءة	415	-9080523936259337219	Kraken210528115855-ara1.mARkdown.ms038	false	-6221923633268268353	76	144	427	783	1664	300	عسقلان وكان ب-ها مكان دارس --فيه راس الحسين بن علي بن ابي طالب------------ فاخرجه وعطره وحمله في سفط الي اجل دار بها وعمر المشهد------------- فلما تكامل حمل الافضل الراس علي صذره وسعي به ماشيا ا-----------------------لي ان احله في مقره قي--ل ان المشهد بعسقلان بناه امير الجيوش بدر الجمالي وكمله---------------------------- ابنه------- شاهنشاه الافضل وكان حمل الراس الي القاهرة ووصوله اليها يوم الاحد ثامن جمادي الاخرة سنة ثمان واربعين وخمسماءة	38	-2682575050765891394	275	431.0	217	444	61.93693542480469	48	Shamela0000176-ara1.mARkdown	Kraken210528115855-ara1.mARkdown
Shamela0000176-ara1.mARkdown.ms416	true	-7406592006682427544	187	248	1016	1332	1583	300	بن الحسن بن الحسين بن محمد الموصلي الحنفي----------------- المحدث في------------------ ثامن عشر ذي الحج--------------------------------------------------------------------------------------------------------------------------------------------------------------------------------------------------------------------------------------------------------------ة سنة ثلاث وتسعين واربعماءة فيها رحل عالم لا يحصي عددهم من البلاد الشامية فرارا من الفرنج والغلاء وفيها عم الغلاء اكثر البلاد ومات من اهل مصر خلق كثير وفيها مات قاضي القضاة ابو الطاهر محمد بن رجاء وتولي بعد-ه ابو الفرج محمد ابن جوهر بن ذكا النابلسي	416	-9080523936259337219	Kraken210528115855-ara1.mARkdown.ms039	false	-5211802471495260622	0	109	0	591	1615	300	بن الحسن بن الحسين بن محمد الموصلي الشافعي المعروف بالخلعي المحدث المشهور في يوم السبت ثامن عشر ذي الحجة واليه نسب مسجد الخلعي بالقرافة وبه ذفن وكان محدثا مقرءا سمع علي جماعة كثيرة وجمع له الحافظ ابو نصر احمد بن الحسن الشيرازي عشرين جزءا سماها الخلعيات وكانت ولادته في محرم سنة خمس واربعماءة بمصر وقبره احذ المزارات بقرب النقعة من القرافة وولي جده قضاء فامية سنة ثلاث وتسعين واربعماءة فيها قدم الي مصر خلق كثير م--ن البلاد الشامية فرارا من الفرنج والغلاء وعم جميع البلاد الوباء----- ومات ------بمصر خلق كثير وفيها مات قاضي القضاة ابو الطاهر محمد بن رجا- وتولي مكانه ابو الفرج محمد -بن جوهر بن ذكا النابلسي	39	-2682575050765891394	259	424.5	205	606	42.73927307128906	42	Shamela0000176-ara1.mARkdown	Kraken210528115855-ara1.mARkdown
Shamela0000176-ara1.mARkdown.ms417	true	-474736086934429280	138	182	764	1009	1679	300	سنة خمس وتسعين واربعماءة فيها مات الخليفة ابو القاسم احمد المستعلي بالله بن المستنصر في ليلة السابع عشر من صفر وعمره سبع وعشرون---------------------------------------------------- سنة وشهر واحد وتسعة وعشرون يوما ومدة خلافته سبع سنين وشهر واحد وعشرون يوما نقش خاتمه الامام المستعلي بالله وفي ايامه	417	-9080523936259337219	Kraken210528115855-ara1.mARkdown.ms039	false	-5211802471495260622	172	210	949	1164	1615	300	سنة خمس وتسعين واربعماءة ف------------------------------------------------------------- ليلة السابع عشر من صفر توفي ابو القاسم احمد المستعلي بالله الخليفة ومولده لعشر بقين من محرم سنة ثمان وستين واربعماءة------- ومدة خلافته سبع سنين وشهران و--------------نقش خاتمه الامام المستعلي بالله وفي ايامه	39	-2682575050765891394	125	179.5	100	297	42.08754348754883	22	Shamela0000176-ara1.mARkdown	Kraken210528115855-ara1.mARkdown
Shamela0000176-ara1.mARkdown.ms417	true	-474736086934429280	0	74	0	429	1679	300	اربع وتسعين واربعماءة في شعبان جهز -الافضل عسكرا كثيفا لغزو الف-رنج فساروا الي عسقلان ووصلوا اليها في اول رمضان فاقاموا بها الي ذي الحجة فنهض اليهم من الفرنج الف فارس وعشرة الاف راجل فخرج اليهم المسلمون وحاربوهم فكانت بين الفريقين عدة وقاءع الت الي كسر الميمنة والميسرة وثبا---------ت سعد الدولة الطواشي مقدم العسكر في القلب وقاتل قتالا شديدا فتراجع------- المسلمون عند ثبات المذكور وقاتلوا الفرنج حتي هزموهم الي يافا وقتلوا منهم عدة واسروا كثيرا	417	-9080523936259337219	Kraken210528115855-ara1.mARkdown.ms039	false	-5211802471495260622	110	172	595	949	1615	300	اربع وتسعين واربعماءة في شعبان اخرج الافضل عسكرا كثيفا للقاء الفرنج فوصل --الي عسقلان -------------في اول رمضان فاقام في-ها الي ذي الحجة فنهض اليه- من الفرنج الف فارس وعشرة الاف راجل----------------------------- فكانت بينهما حروب كثيرة كسرت فيها ---------ميمنة -المسلمين وميسرتهم وثبت سعد الدولة القواسي مقدم العسكر في القلب وقاتل حتي قتل و----تراجعت عساكر المسلمين فهزمو------------------ا الفرنج -----------الي يافا وقتلوا منهم---- واسروا كثيرا	39	-2682575050765891394	269	406.0	220	447	60.17897033691406	39	Shamela0000176-ara1.mARkdown	Kraken210528115855-ara1.mARkdown
Shamela0000176-ara1.mARkdown.ms419	true	-8583712944068653056	137	298	757	1624	1634	300	شرف المعالي الي القاهرة بعد ما ----------------------كتب -------الي شمس الملوك دقاق صاحب دمشق يستنجده لقتال الفرنج فتقاعد عن المسير واعتذر فجرد الافضل اربعة الاف فارس وعليهم تاج العجم بمن معه عسقلان ونزل ابن قادوس علي يافا وبعث يستدعي تاج العجم ليتفقا علي الحرب فلم يجبه وتنافرا فلما بلغ ذلك الافضل بعث يقبض علي تاج العجم وولي تاج الملك رضوان تقدمة العسكر وسيره الي عسقلان فاقام عليها الي اخر سنة سبع وتسعين حتي قدم شرف المعالي بعساكر مصر وفيها مات تنكري ملك الفرنج بالساحل فقام بعده سرجار ابن اخيه سنة سبع وتسعين واربعماءة فيها نازل بغدوين ملك الفرنج وصاحب القدس ثغر عكا وحاصر اهله والح عليهم حتي ملكه وكان فيه من قبل الافضل--------------------------------------------------- يومءذ زهر الدولة بنا--- الجيوشي ففر الي دمشق وصار الي ظهير الدين اتابك فاكرمه واحسن اليه-------------- ثم جهزه الي---------- الافضل فانكر عليه وهدده علي تضييع الثغر ولم تعد بعدها عكا الي المسلمين سنة ثمان وتسعين واربعماءة فيها جمع الافضل جموعا كثيرة من العربان وانفق فيهم اموالا عظيمة وجهزهم صحبة	419	-9080523936259337219	Kraken210528115855-ara1.mARkdown.ms043	false	-6712656796984495036	166	260	959	1464	1686	300	شرف المعالي من الرملة الي عسقلان فارتحل الفرنج عنها وكتب الافضل الي شمس الملوك دقاق صاحب دمشق يستفجده علي الف--رنج ف-----------------اعتذر عن-------------------------------------------------------------------------------------------------------------------------------------------------- ذلك ولم يحض------------------------------------------------------------------------------------------------------------------------------------------------------------------------------------------------------ر سنة سبع وتسعين واربعماءة فيها حاصر بردويل ملك الفرنج وصاحب القدس ثغر عكا و-------------------------ملكه فخرج عن اندي السلمين ولم يعد وكان ثغر عكا بايدي نواب صاحب مصر وكان الوالي يومءذ زهر الدولة بنا بن الجيوشي ففر الي دمشق واكرمه-- ظهير الدين اتابك------- واحسن مثواه مكرمة للافضل ثم جهز- الي مصر فشكره الافضل ----------------------------------------------------------------سنة ثمان وتسعين واربعماءة فيها جمع الافضل جم-عا كثيفا من العرب-- وانفق فيهم اموالا ج--مة وجهزهم مع --	43	-2682575050765891394	323	438.0	258	974	33.16221618652344	45	Shamela0000176-ara1.mARkdown	Kraken210528115855-ara1.mARkdown
Shamela0000176-ara1.mARkdown.ms420	true	-1383832855908082876	0	45	0	250	1601	300	ابنه شرف المعالي وكتب لظهير الدين اتابك صاحب دمشق بمعاونته ومعاضدته علي محاربة الفرنج فاعتذر عن حضوره بما هو مشغول به من مضايقة بصري فان ارتاش بن تاج الدولة صاحب بصري------- كاتب الفرنج واغراهم بقتال المسلمين واطمعهم في البلاد فسار اتابك من دمشق وحاصر بصري	420	-9080523936259337219	Kraken210528115855-ara1.mARkdown.ms043	false	-6712656796984495036	262	299	1478	1684	1686	300	ابنه شرف المعالي وكتب لظهير الدين اتابك صاحب دمشق ب---------معاضدته فلم يتمكن من الحضور لانشغاله ب-----------------------مضايقة بصري فان ارتاش بن تاج الدولة صاحب بصري كان قد كاتب الفرنج يغري-هم بقتال المسلمين------------------ فسار اتابك من دمشق وحاصر بصري	43	-2682575050765891394	167	287.0	136	257	64.98054504394531	27	Shamela0000176-ara1.mARkdown	Kraken210528115855-ara1.mARkdown
Shamela0000176-ara1.mARkdown.ms420	true	-1383832855908082876	80	250	445	1351	1601	300	فاجتمعت عساكر المسلمين بظاهر عسقلان ودا--رت بينهم وبين الفرنج حروب كان ابتداءها في الرابع عشر من ذي --الحجة فيما بين عسقلان ويافا--------------------------------- فانكسرت عساكر المسلمين واستشهد فوق الالف من المسلمين منهم جمال الملك صنيع الاسلام والي عسقلان واخذ الفرنج رايته واسر الفرنج زهر الدو--لة بنا الجيوشي- وقتل الف وماءتان من الفرنج-- ورجعوا وقد كانت الكرة لهم علي المسلمين وعاد عسكر دمشق الي اتابك وهو علي بصري وف-------------------------------يها مات كنز الدولة محمد في ثامن شعبان وقام من بعده اخوه فخر العرب هبة الله سنة تسع وتسعين واربعماءة في سادس عشر رجب----------- قتل خلف بن ملاعب صاحب -فامية---- قتله طاءفة من الباطنية وملك الفرنج عكا عنوة في سلخ شعبان من زهور الدولة بنا الجيوشي فسار الي دمشق ثم قدم مصر سنة خمسماءة اهلت والخلي-------------------------------------------------------------------------------فة بمصر الامر باحكام الله ومدبر -----------------------------------------------------------------سلطنة -مصر الا-------فضل شاهنشاه -بن امير الجيوش بدر الجمالي وليس للامر مع----ه حل ولا ربط وليس له من الامر سوي اسم الخلافة---------------- والذي في مملكته ديار مصر وغزة وعسقلان وصور وطرابلس لا غير وفيها بني الافضل دار الملك بشاطء النيل من لدن مصر --	420	-9080523936259337219	Kraken210528115855-ara1.mARkdown.ms044	false	911592393391147461	6	159	30	890	1641	300	فاجتمعا--------------- بظاهر عسقلان وكان التقاءهم ----بالفرنج في --------------------رابع عشر--- ذي الالحجة فيما بين --------يافا وعسقلان فحمل الفرنج علي المسلمين فانكسروا وقتل-------------------------------------------------------------------- والي عسقل-------------------------------------ان واسير بعض المقدمين وقتل -------كثير من الفريقين ورجع-- وقد كانت الكرة لهم------------- وعاد عسكر دمشق ا--------------لي بصري فكان القتل من الفريقين متقاربا وفيها مات كنز الدولة محمد في ثامن شعبان وقام مقام--ه اخوه فخر العرب هبة الله سنة تسع-وتسعين واربعماءة في سادس عشرين جمادي الاولي قتل خلف بن ملاعب صاحب افامية بها قتله قوم م--ن الباطنية --------------------------------------------------------------------------------------سنة خمسماءة اهلت والخليفة ببغداد المستظهر بالله ومدبر العراق السلطان غياث الدين محمد بن ملك شاه والخليفة بمصر الامر باحكام الله ابو علي المنصور بن المستعلي وهو العاشر منهم ومدبر مملكته القاءم مقام السلطنة امير الجيوش الافضل شاهنشاه ابن امير الجيوش بدر الجمالي و----الامر اليس له حل ولا ربط----------------- سوي اسم الخلافة وهو مقام الوزير والذي في مملكته ديار مصر وغزة وعسقلان وصور وطرابلس وف-------يها بني الافضل دار الملك بشاطء النيل علي ساحل مصر	44	-2682575050765891394	523	748.0	421	1170	44.70085525512695	77	Shamela0000176-ara1.mARkdown	Kraken210528115855-ara1.mARkdown
Shamela0000176-ara1.mARkdown.ms421	true	-1283025229752677347	19	118	99	628	1616	300	نزل بغدوين علي ثغر صور--------------------------------------------------- وعمر------- حصنا مقابل حصن صور علي تل المعشوقة وكان علي ولاية صور من قبل الافضل سعد الملك كمشتكين احد المماليك الافضلية فصانع بغدوين ----------علي سبعة الاف دينار وخرج من صور----- وفيها احضر الي القاهرة اهل فخر الدولة ابي علي عمار بن محمد بن عما--------ر من طرابلس وكثير من امواله وذخاءره و----ذلك ان فخر الدولة ------------حاصره الفرنج واطالوا منازلته حتي ضاق ذرعه وعجز عن مقاومتهم فخرج من طرابلس في سنة خمسماءة ومعه هدايا جليلة فلق-------ي ظهير الدين طغتكين اتابك بدمشق----------------- فاكرمه ووافقه علي السير معه الي --------------------بغداد ليستنجد- بالسلطان غياث الدين محمد بن ملك-شاه فسارا	421	-9080523936259337219	Kraken210528115855-ara1.mARkdown.ms045	false	-408658588485218015	23	122	117	625	1581	300	نزل بردويل علي ثغر صور وكان الناءب به سعد الملك كمشتكين احد مماليك الافضل وعمر بردويل حصنا مقابل حصن صور علي تل المعشوقة و-------------------------------------------------------------------------صانع سعد الملك بردويل علي سبعة الاف دينار حتي رحل عن البلد وفيها احضر------------ اهل فخر الدولة ا--------------------بن عمار الي مصر من طرابلس ومعهم--- امواله وذخاءره وسبب ذلك ان فخر الدولة لما طال عليه حصار الفرنج له خرج من طرا--------------------------------------------بلس في سنة خمسماءة بتحف هدايا الي دمشق فشكا الي ظهير الدين طغتكين اتابك ما ناله من حصار الفرنج فاكرمه وقام ار------------ه الي ان اتفق علي المسير لبغداد ليستنصير بالسلطان غياث الدين محمد بن ملك شاه فسارا	45	-2682575050765891394	303	411.0	241	672	45.08928680419922	43	Shamela0000176-ara1.mARkdown	Kraken210528115855-ara1.mARkdown
Shamela0000176-ara1.mARkdown.ms441	true	-9052391908086718570	40	179	226	980	1656	300	يوما والكتاب بين يديه يكتبون ما ينقل الي القصور فوجد له من الذخاءر النفيسة ما لا يحصي فيما وجد له ستة الاف الف دينار عينا وفي بيت الخاصة ثلاثة الاف الف دينار وفي البيت البراني ثلاثة الاف الف وماءتا الف وخمسون الف دينار وماءتين وخمسي-----------------ن اردبا دراهم ورقا وثلاثين راحلة من الذهب العراقي المغزول برسم الرقم وعشرة بيوت في كل بيت----- عشرة م-سامير ذهب كل مسمار وزنه ماءتا مثقال عليها العماءم المختلفة الالوان------------------------- وتسعماءة ثوب ديباج ملونة وخمسماءة صندوق من دق دمياط وتنيس برسم كسوة بدنه ولعبة من عنبر علي قدر جسده برسم ما يعمل عليها من ثيابه لتكتسب الراءحة ومن الطيب --------والالات ما لا يحصي عدده ومن الابقار والجاموس والاغنام والجمال ما بلغ ضمان البان- ونتاجه في سنة نحو اربعين الف دينار--------- ودواية يكتب منها مرصعة بالجواهر قوم جوهرها باثني عشر الف دينار وخمسماءة الف مجلدة من الكتب	441	-9080523936259337219	Kraken210528115855-ara1.mARkdown.ms046	false	1744512362895467416	0	136	0	757	1610	300	يوما والكتاب بين يديه يكتبون ما-ينقل الي القص-ر فوجد له من الذخاءر النفيسة ما-لا يحصي فوجد---- له ستة الاف الف دينار عينا وفي بيت الخاصة ثلاثة الاف الف دينار وفي البيت البراني ثلاثة الاف الف وماءتا----------------------------ن وخمسون الف دينار وخمسون اردبا دراهم ورق- وثلاثون راحلة من الذهب العراق- المغزول برسم الرقم وعشرة بيوت في كل بيت منها عشرة م سامير ذهب كل مسمار وزنه ماءتا مثقال عليها العماءم المختلفة الالوان مغطاة بالمناديل المزركشة وتسعماءة ثوب ديياج------ وخمسماءة صندوق من دق دمياط وتنيس برسم كسوة بدنه ولعبة--- عنبر علي قدر جسده برسم ما يقمل عليها من ثيابه ليك-سب الرا-حة ومن الطيب والنحاس والالات ما-لا يحصيه عدد ومن الابقار والجاموس والاغنام والجمال ما بلغ ضمان البانه ونتاجه----------- اربعين الف دينار في السنة ودوا-ة يكثب منها مرصعة بالجو-هر قوم جوهرها باثني عشر الف دينار وخمسماءة الف مجلد م-ن الكتب	46	-2682575050765891394	676	1217.0	553	820	82.43902587890625	106	Shamela0000176-ara1.mARkdown	Kraken210528115855-ara1.mARkdown
Shamela0000176-ara1.mARkdown.ms441	true	-9052391908086718570	181	300	992	1656	1656	300	واخذ الاسر في نقل ما بدار الافضل الي القصر وهو يرتب ما ي--------حمل بنفسه هو واصحابه واستمر ذلك مدة شهرين وايام و-الاموال تحمل علي بغال وجمال------- الي القصر وال---امر يطلع الي القصر ويعود كل غداة ويقيم حتي يرتفع النهار-------------- ويرتب ما يفعل وذكر متولي الخزابة بالقصر ان مما وجد في دار الافضل ستة الاف الف واربعماءة الف دينار وورق قيمته ماءتا الف وعشرون الف دينار وسبعماءة طوق ما بين ذهب وفضة -----ومن --------الاسطال والصحاف والشربات والاباريق والقدور والزبادي الذ----------هب والفضة المختلفة الاجناس ما لا يحصي كثرة ومن براني الصيني الكبار المملوء- بالجواهر التي بعضها منظوم كالسبح وبعضها منثور شء كثير وكان الافضل في اوقات الشرب يصف في مجلسه صواني الذهب وبينها البراني المملوءة بالجواهر فاذا احب فرغب البرنية في-	441	-9080523936259337219	Kraken210528115855-ara1.mARkdown.ms047	false	-2285443194257660633	138	262	761	1460	1663	300	واخذ الامر في نقل ما بدار الافضل الي القصر وهو يرتب الامر فيما يحمل بنفسه هو واصحابه واستمر ذلك مدة شهرين واياما والاموال تحمل علي ------جمال وبغالي الي القصر ال والامر يطلع الي القصر ويعود كل غداة ويقيم حتي يرتفع النهار ويقرر ما يغفل ويرتب ما يحمل وذكر متولي الخزانة بالقصر ان -ما وجد في دار الافضل ستة الاف الف واربعماءة الف دينار وورق قيمته ماءتا الف وعشرون الف دينار وسبعماءة طبق ------------فضة وذهب ومن الالات كالاسطال والصحاف والشربات والاباريق والقدور والزبادي والقطع من الذهب والفضة المختلفة الاجناس ما-لا يحصي كثرة ومن براني الصيني الكبار المملوءة بالجو-هر التي بعضها منظوم كالسبح وبعضها منثور شء كثير وكان الافضل في اوقات الشرب يصف في مجلسه صواني الذهب وفي-ها البراني المملوءة بالجو-هر فاذا احب فرغت البرنية في	47	-2682575050765891394	622	1149.5	511	722	86.14958190917969	94	Shamela0000176-ara1.mARkdown	Kraken210528115855-ara1.mARkdown
Shamela0000176-ara1.mARkdown.ms442	true	-3779809620538224276	0	38	0	202	1619	300	الصينية فتكون ملءها ووجد له من اصناف الديباج وما يجري مجراه من عتا-بي ونحوه تسعون الف ثوب وثلاث خزاءن كبار مملوءة صناديق كلها دبيقي وشرب عمل -تنيس ودمياط علي كل صندوق شرح ما فيه وجنسه وخزانة الطيب مملوءة	442	-9080523936259337219	Kraken210528115855-ara1.mARkdown.ms047	false	-2285443194257660633	262	300	1460	1663	1663	300	الصينية فيكون ملءها ووجد له من اصناف الديباج وما يجري مجراه من عتالبي وغيره تسعون الف ثوب وثلاث خزاءن كبار مملوءة صناديق كلها دبيقي وشرب عمل بتنيس ودمياط علي كل صندوق شرح ما فيه وجنسه وخزانة الطيب مملوءة-	47	-2682575050765891394	197	375.0	160	204	96.5686264038086	34	Shamela0000176-ara1.mARkdown	Kraken210528115855-ara1.mARkdown
Shamela0000176-ara1.mARkdown.ms442	true	-3779809620538224276	39	300	209	1619	1619	300	فيها العود وغيره مكتوب علي كل سفط وزنه وجنسه وبراني بها المس-ك و------الكافور وشء كثير من العنبر ووجد------------- مجلس يجلس فيه للشرب فيه---- ثمان جوار- متقابلات اربع منهن بيض من كافور واربع سود من عنبر قيام في المجلس عليهن افخر الثياب واثمن الحلي -بايديهن مذاب من اعظم الجو-هر فاذا دخل من باب المجلس ووطء العتبة نكسن رءوسهن خدمة له بحركات قد احكمت فاذا جلس في صدر المجلس استوين قاءمات ووجد له من المقاطع والستور والفرش والمطارح والمخاد والمساند الديباج والدبيقي الحريري والذ-هب علي اختلاف الاجناس ا--ربع حجر كل حجرة مملوءة من هذا الجنس ووجد له عدة صناديق ملء خزانة فيها احقاق ذهب عراقي برسم الاستعمال ووجد له منقلات عدة تزيد علي الماءة ملبسة بالذهب والفضة مرصعة بالجوهر وثمانماءة جارية منها خمسة وستون حظ-----ية لكل واحدة ح-----جرة وخزاءن مملوءة بالكسوة والال--------ات -الذهب والفضة ------من كل صنف و------------------------------------------------كان في مخازنه -تحت يد عماله والجباة وضمان النواحي من المال و------الغلال والحبوب والقطن والكتان والشمع والحديد والخشب وغير ذلك ما يتعب شرحه وحمل من داره اربعة الاف بساط وستون حملا طنافس وخمسماءة قطعة بلو----------ر وخمسماءة قطعة محكم برسم النقل والف عدل من متاع اليمن والم-----------غرب وتسعة الاف---------- سرج قال ابن ميسر- وكان الافضل من العدل وحسن السيرة في الرعية والتجار علي صفة جميلة تجاوز ما سمع به قديما وشوهد اخيرا ولم يعرف احد صودر--------- ولا ضبط عليه ولما حصر الاسكندرية كان به- يهودي يبالغ في سبه------ وشتمه ولعنه فلما دخل-- الافضل البلد قبض علي-----------ه وقدمه للقتل وقد عدد عليه ذنوبه فقال اليهودي ان معي خمسة الاف دينار خذها مني واعتقني واعف عني فقال والله لولا خشية ان يقال قتله حتي يا-خذ ماله لقتلتك وعفا عنه-	442	-9080523936259337219	Kraken210528115855-ara1.mARkdown.ms048	false	4002626988723989651	1	263	9	1427	1604	300	من-- العود وغيره مكتوب عليها اوزانها واجناسها وبراني--- المستك وبراني الكافور ومن-------- العنبر مالا يعصي وكان له مجلس يجلس فيه للشرب فيه صور ثمان جواري متقابلات اربع منهن بيض من كافور ا-ربع سود من عنبر قيام في المجلس عليهن افخر الثياب واثمن الحلي وبايديهن احسن-------- الجواهر فاذا دخل من باب المجلس ووطء العتبة نكسن رء-سهن خذمة له ف----------------اذا جلس في صدر المجلس استوين قاءمات -وجد له من المقاطع والستور والفرش والمطارح والمخاد والمساند الديباج والدبيقي الحرير- والمذهب علي اختلاف --اجناسها اربع حجر كل حجرة مملوءة من هذا الجنس ووجد لع عدة صناديق ملو خزانة ب-ها احقاق ذهب عراق- برسم الاستعمال--------------------------------------------------------------------- وثمانماءة جارية منها حظايا له خمسون جارية لكل واحدة منهن حجرة وخزاءن مملوءة بالكسوة والالات الديباج والذهب والفضة وغيره من كل صنف قال الخازن هذا ما حضرني حفظه مما في داره واما ما كان في مخازنه وتحت يد ععاله والجباة وضمان النواحي من المال واصناف الغلال والحبوب والقطن والكتان والشمع والحديد والخشب وغير ذلك مما لا يحصي- وحمل من داره اربعة الاف بساط وستور حمل- طنافس وخمسماءة قطعة بلور كبار صغار وخمسماءة قطعة محكم برسم النقل والف عدل من متاع اليمن والاسكندرية والغرب وسبعة الاف مركب يعني-------------- سرج وكان------- من العذل وحسن السيرة في الرعية والتجار علي صفة جميلة ثجاوز ما سمع به قديما -شوهد اخيرا ولم يعرف احد صودر في زمانه ولا قسط عليه ولما حصر الاسكندرية كان بها يهودي يبالغ في سب الافضل وشتمه ولعنه فلما دخلها الافضل------ قبض عليه واراد قتله------------ وقد عدد عليه ذنوبه فقال-------- ان معي خمسة الاف دينار خذها مني واعتقني واعف عني فقال -الله لولا خشية ان يقال قتله حتي يانخذ ماله لقتلتك وعفا عنه	48	-2682575050765891394	1164	1984.0	943	1583	73.5312728881836	172	Shamela0000176-ara1.mARkdown	Kraken210528115855-ara1.mARkdown
Shamela0000176-ara1.mARkdown.ms443	true	-3661697667612827217	0	39	0	192	1582	300	ولم ياخ-ذ منه شيءا و-كان اذا غضب علي احد اعتقله ولم يقتله فلما مات اطلق من سجنه عشرة الاف انسان فانه كان اذا اعتقل احدا نسيه ولا يري باخرابه وكانت محاسنه كثيرة وهو اول من افرد مال المواريث ومنع	443	-9080523936259337219	Kraken210528115855-ara1.mARkdown.ms048	false	4002626988723989651	263	300	1427	1604	1604	300	ولم ياخحذ منه شيءا و كان اذا غضب علي احد اعتق----------له فلما مات اطلق من سجنه عشرة الاف انسان فانه كان اذا اعتقل احدا نسيه ولا يري باخراجه و-----محاسنه كثي-ة وهو اول من افرد مال المواريث ومنع-	48	-2682575050765891394	174	314.0	139	194	89.69071960449219	31	Shamela0000176-ara1.mARkdown	Kraken210528115855-ara1.mARkdown
Shamela0000176-ara1.mARkdown.ms443	true	-3661697667612827217	39	151	192	775	1582	300	من اخذ شء من التركات علي العادة القديمة وامر بحفظها لاربابها فاذا حضر من يطلبها وطالعه القاضي بثبوت استحقاقه امره في ----الحال باطلاق ما ثبت ل------------------------------ه واجتمع بمودع الحكم من مال المواريث التي ت--------نتظر وصول مستحقها من -شرق الدنيا و-غربها ماءة --------الف وثلاثون الف دينار فرفع اليه قاضي القضاة------- ثقة الملك ابو الفتح مسلم -بن علي الراس عيني لما ولي ان------------------------- قد اعتبرت ما في مودع الحكم من مال المواريث فكان ماءة الف دينار ورفعها الي بيت المال اولي من تركها في المودع فان لها السيرة الطويلة لم يطلب شء منها فوقع---- رقعته انما قلدناك الحكم ولا راي لنا فيما لا نستحقه فاتركه علي حاله لمستحقيه ولا تراجع فيه فاخذها---------- هذا القاضي	443	-9080523936259337219	Kraken210528115855-ara1.mARkdown.ms049	false	8035920746136879554	0	129	0	676	1619	300	من اخذ شء من التركات علي العادة القديمة وامر بحفظها لاربابها فاذا حضر من يطلبها وطالعه القاضي بثبوت استحقاقها اطلقها في االحال وكانت هذه من حسناته التي تفرد بها دون من تقدمه واجتمع بمودع الحكم من مال المواريث في ايامه مما ينتظر وصول مستحقيه من مشرق الدنيا ومغربها ما قدره ماءة الف وثلاثون الف دينار فلما ول------ي القضاء القاضي ثقة الملك ابو الفتح مسلم ابن علي بن الرسعني بعد وفاة القاضي الجليس رفع اليه اني قد اعتبرت ما في مودع الحكم من مال المواريث فكان ماءة الف دينار ورفعها الي بيت المال اءلي من تبكها في المودع فان لها السنين الطويلة لم يطلب شء منها فوقع علي رقعته انما قلدناك الحكم ولا راي لنا فيما لا نستحقه فاتركه علي حاله لمستحقيه ولا تراجع فيه فاخذها غرفا وبقي هذا القاضي	49	-2682575050765891394	519	912.5	416	682	76.0997085571289	83	Shamela0000176-ara1.mARkdown	Kraken210528115855-ara1.mARkdown
Shamela0000176-ara1.mARkdown.ms443	true	-3661697667612827217	196	300	1038	1582	1582	300	المستجدة-------- وجامع الجيزة وعمل خ-----------يمة الفرح التي سميت بالقاتول---------------------------------------------------- اشتملت علي الف الف----- واربعماءة الف ذراع من الثياب وقاءم-- ارتفاع العمود الذي لها خمسون ذراعا بذراع العمل وبلغت النفقة عليها عشرة الاف الف دينار ول---------------لشعراء فيها عدة مداءح وكان الافضل يقول الشعر فمن شعره في غلامه تاج المعالي------- اقضيب يميس ام هو قد او شقيق يلوح او هو خد انا مثل الهلال خوفا عليه وهو كالبدر حين وافاه سعد وكان شديد الغيرة علي نساءه اطلع من---------------------------- سطح داره فراي جارية من جواريه متطلعة الي الطريق فامر بضرب عنقها فلما وضعت الراس بين يديه انشد------ نظرت اليها وهي تنظر ظلها فنزهت نفسي عن شريك- مقارب-	443	-9080523936259337219	Kraken210528115855-ara1.mARkdown.ms050	false	510164671829976291	0	120	0	622	1607	300	المستجدة به ايضا وجامع الجيزة وعمل خيمة سماها خيمة الفرح ثم-- سميت بالقاتول لانها اذا نصبت يموت تحتها من الفراشين واحد او اثنان اشتملت علي الف الف ذراع واربعماءة الف ذراع---------- وقاءمها ارتفاعه--------------- خمسون ذراعا بذراع العمل صرف ---------عليها عشرة الاف الف دينار ومدحها جماعة من الشعراع و---------------كان الافضل يقول الشعر فمن----ه في غلامه تاج المعالي الخفيف اقضيب يميس ام مو قد او شقيق يلوح ام هو خد انا مثل ا-هلال سقما عليه وهو كالبدر حين وافاه سعد وكان شديد الغيرة علي نساءه وله فيها اخبار منها انه طلع ذات يوم سطح داره فراي جارية من جواريه متطلعة الي الطريق فامر بضرب عنقها فلما جء براسها- بين يديه قال الطويل نظرت اليها وهي تنظر ظلها ف-زهت نفسي عن شريلي مقارب	50	-2682575050765891394	452	728.0	362	680	66.47058868408203	72	Shamela0000176-ara1.mARkdown	Kraken210528115855-ara1.mARkdown
Shamela0000176-ara1.mARkdown.ms444	true	1496783197457847723	0	118	0	647	1631	300	اغار علي اعطافها من ثيابه------ا ومن مس-ك لها في الذواءب ولي غيرة لو كان للبدر مثلها لما كان يرضي باجتماع الكواكب قال وكان عدة الوعاظ والقراء والمنشدين في- عزاء الافضل اربعماءة وعشرين شخصا فخرج امر الخليفة ان يعطي كل واحد منهم ثمانين دينارا الصغير مثل الكبير فقال ابن ابي قيراط يا مولانا هذا مال كثير فقال انفاذ- امرنا ه-ذا من بعض حقه علينا فجاء مبلغ ما دفع نحوا من اربعة وثلاثين الف دينار قال والافضل هو الذي انشا بستان البعل والمنتزه المعروف بالتاج والخمس وجوه والبستان الكبير------ والبستا-ن الخاص- بقيلوب وجدد بستان الامير تميم ببركة الحبش وانشا الروضة بحري الجزيرة وكان يمضي اليها ف-------ي العشاريات الموكبية رحمه الله في مستهل ذي القعدة خلع علي القاءد ابي عبد الله	444	-9080523936259337219	Kraken210528115855-ara1.mARkdown.ms050	false	510164671829976291	120	235	622	1256	1607	300	اغار علي اغطافها من ثيابها حذارا ومن مسلك لها في الذواءب ولي غيرة لو كان للبذر مثلها لما كان يرضي باجتماع الكواكب و----كان عدة الوعاظ والقراء والمنشدين عند عزاءه ------اربعماءة وعشرين شخصا فخرج امر الخليفة ان يعطي كل واحد منهم ثمانين دينارا للصغير مثل الكبير فقال ابن ابي قيراط يا مولانا هذا مال كثير فقال لا يرد امرنا فهذا من بعض حقه علينا فجاء مبلغ ما ذفع نحوا من اربعة وثلاثين الف دينار و-----------هو الذي انشا بستان البعل والمنتزه المعروف بالتاج والخمس وجوه والبستان الكبير بولاق والبساتين الخاصة بقليوب وجدد بستان الامير تميم ببركة الحبش وانشا الروضه بحري الجزيرة فكان يمضي اليها كل يوع في العشاريات الموكبية رحمه الله وفيها شرف----------------- القاءد ابو عبد الله	50	-2682575050765891394	576	1051.5	468	672	85.71428680419922	90	Shamela0000176-ara1.mARkdown	Kraken210528115855-ara1.mARkdown
Shamela0000176-ara1.mARkdown.ms445	true	-977295384454132600	200	235	1047	1248	1592	300	الاجل المامون تاج الخلافة عز الاسلام فخر الانام نظام الدين والدنيا ثم نعت بما كان ينعت به الافضل وهو السيد الاجل المامون امير الجيوش سيف الاسلام ناصر الامام كافل قضاة المسلمين وهادي رعاة المءمنين ولما	445	-9080523936259337219	Kraken210528115855-ara1.mARkdown.ms051	false	931595175573225856	0	35	0	201	1659	300	الاجل المامون تاج الخلافة عز الاسلام فخر الانام نظام الدين والدعاة ثم نعت بما كان ينعت به الافضل وهو السيد الاجل المامون امير الجيوش سيف الاسلام ناصر الانام كافل قضاة المسلمين وهادي دعاة المءمنين ولما	51	-2682575050765891394	196	387.0	161	201	97.51243591308594	32	Shamela0000176-ara1.mARkdown	Kraken210528115855-ara1.mARkdown
Shamela0000176-ara1.mARkdown.ms451	true	-925355083172250867	188	232	1024	1287	1636	300	الاسماعيلية والامامية وهم ---------------------------------لي الدولة ابو البركات بن عبد الحقيق داعي الدعاة وجميع دعاة الاسماعيلية وابو محمد بن ادم متولي دار العلم واب---------و الثريا ابن مختار فقيه الاسماعيلية ورفيقه ابو الفخر------------------------- والشريف ابن عقيل------------- وشيوخ الشرفاء وقاضي القضاة واولاد المستنصر وجماعة من بني عم	451	-9080523936259337219	Kraken210528115855-ara1.mARkdown.ms057	false	-5153450753497563224	107	159	564	867	1607	300	الاسماعيلية واحضر ابو االحسن علي بن ابي اسامة كاتب الدست وولي الدولة ابو البركات بن عبد الحقيق داعي الدعاة و-----------------------ابو محمد بن ادم متولي دار العلم بالقاهرة وابو الثريا -بن مختار فقيه الاسماعيلية ورفيقه ابو الفخر وجماعة من الامراء وغيرهم والشريف ابن عقيل وقاضي القضاة وشيوخ الشرفاء------------- واولاد المستنصر وجماعة من بني ---	57	-2682575050765891394	210	346.5	173	343	61.224491119384766	30	Shamela0000176-ara1.mARkdown	Kraken210528115855-ara1.mARkdown
Shamela0000176-ara1.mARkdown.ms453	true	7756727527876872995	148	300	810	1646	1646	300	هذا المجلس وقد كانت اخت نزار في قاع------ة بجانب الايوان من القصر وعلي الباب ستر وعلي الستر اخوتها وبنو عمها وكبار الاستاذين فلما جري هذا الفصل قام المامون من مكانه ووقف بازاء الستر وقال من وراء هذا الستر فعرف بها اخوتها وبنو عمها وانه ليس غيرها وراء الست-ر فلما تحقق الحاضرون ذلك قالت اشهدوا علي يا جماعة الحاضرين وبلغوا عني جماعة المسلمين بان اخي شقيقي نزارا لم يكن له امامة وانني بريءة من امامته جاحدة لها لا عنة لمن يعتقدها لما علمته من والدي وسمعته من والدتي لما امر المستنصر بمضيها هي والجهة المعظمة والدة عبد الله اخي الي المنظرتين اللتين علي القناطر المعروفتين بالحرارة والبرياصة للنزهة ايام النيل جري بينهما مشاجرة في ولديهما فاحضرهما المستنصر--ين يديه وانكر عليهما وقال ما يصل احد من ولديكما الي الامر صاحبه معروف في وقته وشاهدت والدي المستنصر في مرضته- التي توفي فيها وقد احضر المستعلي واخذه معه في فراشه وقبل بين عينيه واسر اليه طويلا-	453	-9080523936259337219	Kraken210528115855-ara1.mARkdown.ms058	false	1815268887966024080	33	182	181	1012	1666	300	هذا مفاوضة و---كانت اخت نزار في قاعة صغيرة بجانب الايوان ب--القصر وعلي الباب ستر وعلي الستر اخوتها وبنو عمها وكبار الاستاذين فلما جري هذا-الفعل قام المامون من مكانه ووقف بازاء الستر وقال من وراء الس----تر فعرف بها اخوتها وبنو عمها وانه ليس غيرها وراء الستار فلما تحقق الحاضرون ذلك قالت اشهدوا علي يا جماعة الحاضرين وبلغوا عني جماعة المسلمين -ان اخي شقيقي نزار- لم يكن له امامة وانني بريءة من امامته جاجدة لها لا-عنة لمن يعتقدها لما علمته من والدي وسمعته من والدتي لما امر المستنصر بعضيها هي والجهة المعظمة والدة عبد الله اخي الي المنظرتين اللتين علي القناطر المعروفتين بالحولا- والبرباب- للنزهة ايام النيل جري بينهما مشاجر -في ولديهما فاحضرهما المستنصر بين يديه وانكر عليهما وقال ما يصل احد من ولديكما الي الامر صاحبه معروف في وقته وشاهذت والدي المستنصر في الموضة التي توفي فيها وقد احضر المستعلي واخذه معه في فراشه وقبل بين عينيه واسر اليه طويلا	58	-2682575050765891394	795	1497.5	650	847	93.86068725585938	133	Shamela0000176-ara1.mARkdown	Kraken210528115855-ara1.mARkdown
Shamela0000176-ara1.mARkdown.ms454	true	-1099381750291375478	167	246	911	1311	1618	300	لل--------امر قد كشفت الغطاء وفعلت ما لا يقدر احد علي فعله واما القصر فما لي فيه حيلة ولوح------ ان اخت نزار واولادها لا يمكنني كشف امرهم فلما بلغ اخت نزار ذلك ---حضرت الي الخليفة الامر لتبرء نفسها ورغبت ان تخرج للناس لتقول ما سمعته من والدها وشاهدته ليكون قولها حجة علي من يدعي لاخيها ما ليس له فاستحسن الامر ذلك منها واحضر المامون واخاه شقيقه ابا الفضل جعفر بن المستعلي واتفقوا علي يوم يجتمعون فيه فلما كان في شوال	454	-9080523936259337219	Kraken210528115855-ara1.mARkdown.ms057	false	-5153450753497563224	25	101	131	531	1607	300	للخليفة الامر قد كشفت الغطاء-وفعلت ما لا يقدر احد علي فعله واما القصر فما-لي في- حيلة ولوح للامر ان اخت نزار واولاده -لا يمك-ني كشف امرهم ف----بلغ اخت نزار القصة فحضرت الي الخليفة الامر لتبرء نفسها ورغبت ان تخرج للناس لتقول ما-سمعت- من والدها وشاهدثه ليكون قولها حجة علي من يدعي لاخيها ما ليس له فاستحسن الامر ذلك----- واحضر المامون واخاه شقيقه ابا الفضل جعفر بن المستعلي واتفقوا علي يوم يجتمعون فيه -لما كان في شوال	57	-2682575050765891394	378	684.0	306	417	90.6474838256836	67	Shamela0000176-ara1.mARkdown	Kraken210528115855-ara1.mARkdown
Shamela0000176-ara1.mARkdown.ms454	true	-1099381750291375478	2	119	9	658	1618	300	عيناه-- وفي اليوم الذي انتقل والدي في ليلته استدعي عمتي بنت الظاهر فاسر اليها من بيننا ومد يده اليها فقبلها وعاهدها واشهد الله تعالي معلنا ومظهرا فلما انتقل في تلك الليلة حضر صبيحتها الافضل ومعه الداعي والامراء والاجناد ووقف بظاهر المقرمة ثم جلس وكلهم قيام واخذ في التعزية ثم قال يا مولاتنا من ارتضاه للخلافة فقالت هي امانة قد عاهدني عليها واوصاني بان الخليفة من بعده ولده ابو القاسم احمد فحضر وبايعته عمتي وبايعه اخوه الاكبر عبد الله فاشار الافضل الي نزار فبايعه وامر----- بالتوكيل علي نزار وتاخيره فاخر الي مكان لا يصلح له واستدعي الافضل الداعي وامره باخذ البيعة من نفسه ومن الموالي والاستاذين وسالت عمتي الافضل في نزار فرفع عنه التوكيل عليه بعد ان كلمه	454	-9080523936259337219	Kraken210528115855-ara1.mARkdown.ms058	false	1815268887966024080	183	300	1019	1666	1666	300	عيناهما وفي اليوم الذي انتقل والدي في ليل-ه استدعي ع-تي بنت الظاهر فاسر اليها من بيننا ومد يده اليها فقبلها وعاهدها واشهد الله تعالي معلنا ومظهرا فلما انتقل في تلك الليله حضر صبيحتها الافضل ومعه الداعي والامراء والاجناد ووقف ظ-اهر المقرمة ثم جلس وكلهم قيام واخذ في التعزية ثم قال يا-مولاتنا من ارتضاه للخلافة فقالت هي امانة قد عاهدني عليها واوصاني بان الخليفة من بعده ولده ابو القاسم احمد خ-ضر وبايعثه عمتي وبايعه اخوه الاكبر عبد الله فاشار الافضل الي نزار فبايعه وامر افضل بالتوكيل علي نزار وتاخيره فاخر الي مكان لا يصلح له واستدعي الافضل الداعي -امره باخذ البيعة من نفسه ومن الموالي والاستاذين وسالت عمتي الافضل في نزار فرفع عنه ال--كيل عليه بعد ان كلمه-	58	-2682575050765891394	636	1218.0	521	656	96.95121765136719	107	Shamela0000176-ara1.mARkdown	Kraken210528115855-ara1.mARkdown
Shamela0000176-ara1.mARkdown.ms454	true	-1099381750291375478	119	156	658	859	1618	300	بكلام فيه غلظة ووالله ما مضي اخي نزار الي ناصر الدولة افتكين بالاسكندرية لطلب امامة ولا لادعاء حق ولكن طالب بالزوال للافضل وابطال امره لما فعله معه والله يلعن من يخالف ظاهره -باطن-------------------ه فشكرها الناس علي ذلك	454	-9080523936259337219	Kraken210528115855-ara1.mARkdown.ms059	false	1564645624816282649	0	42	0	217	1619	300	بكلام فيه غلظة ووالله ما مضي اخي نزار الي ناصر الدولة افتكين ال--سكندرية لطلب امامة ولا لادعاء حق ولكن طالبا -لزوال الافضل وابطال امره لما فعل- معه والله يلعن من يخالف ظاهره وباطنه هذا اخر ما نطقت به فشكرها الناس علي ذلك	59	-2682575050765891394	192	351.0	156	221	86.8778305053711	32	Shamela0000176-ara1.mARkdown	Kraken210528115855-ara1.mARkdown
Shamela0000176-ara1.mARkdown.ms455	true	3320956671365209840	0	49	0	258	1613	300	الامر ان يحضر الي دار الملك في يوم النوروز الكاءن في جمادي الاخرة ويركب اليها في المراكب علي ما كان عليه الافضل فمنعه المامون من ذلك وقال يا مولانا الافضل لا يجري مجري امير المءمنين وحمل اليه-------- من الثياب الفاخرة برسم جهاته--------- ماله قيمة جليلة وفي شوال بلغ المامون	455	-9080523936259337219	Kraken210528115855-ara1.mARkdown.ms052	false	-3235387032184432226	197	244	1097	1350	1638	300	الامر ان يحضر الي دار الملك في الني----روز الكاءن في جمادي الاخرة ف------------ي المراكب علي ما كان عليه الافضل فاعاد المامون عليه انه لا يمكن فان الا-فضل لا يجري مجراه الخليفة----- وحمل اليه المامون من الثياب الفاخرة برسم النوروز للجهات ماله قيمة جليلة وفي شوال امر المامون	52	-2682575050765891394	189	320.5	149	275	68.7272720336914	31	Shamela0000176-ara1.mARkdown	Kraken210528115855-ara1.mARkdown
Shamela0000176-ara1.mARkdown.ms459	true	1352725259208257193	35	181	190	972	1645	300	مات الامير السعيد محمود بن ظفر والي قوص--- وركب المامون -الي الجامع الازهر فلما كان وق-ت صلاة الصبح -----------------------تقدم قاضي القضاة ثقة الملك ابو الفتح مسلم بن علي الراسعيني وصلي فلما قرا الفاتحة لحقه زمع شديد وارتعد فلحن في الفاتحة وقرا--------- والشمس وضحاها فلما قال ن-----اقة الله وسقياها ارتج عليه فرد المءتمن حيدرة اخو المامون عليه فاشتد زمعه--- فكرر عليه الرد ف-----------لم يهتد و----------------------------------قال وسقناها بالنون فقرا المامون---- بقية السورة و-----سجد الناس --وقام في- الركعة الثانية وقد دهش فلم يفتح عليه بشء فقرا المامون الفاتحة و-قل هو الله احد وقنت وهو معه يلقنه فلما انقضت الصلاة اشتد غضب المامون وامر متولي الباب بان يختم المقرءون وتخيل المقام وخرج من الجامع فوكل بالقاضي من يمضي به الي داره ويامره بالمقام بها من غير تصرف حتي يحفظ القران------ وقرر له راتبا فيما بعد ولزم داره وانفذ للوقت الي القاضي ابي الحجاج يوسف بن ايوب المغربي من قضاة الغربية	459	-9080523936259337219	Kraken210528115855-ara1.mARkdown.ms049	false	8035920746136879554	136	247	713	1312	1619	300	مات الامير السعيد محمود بن ظفر والي قوص في ايام المامون وحضر المامون والقاضي عزاءه وحضرت صلاة الصبح اشار المامون للقاضي بالتقدم للصلاة فلما احوم بالصلاة اخذه هلع--------------------------------------------------------------- فلحن في الفاتحة وارتج عليه في والشمس وضح-ها فوقف عند قوله ناقة الله وسقي-ها---------- فردها---------------- المامون عليه فزاد استبهاما فكرر----- الرد علي القاضي فلم يهتد ثم صحف قوله تعالي ناقة لله وسقيها فقال وسقناها بالنون فقر- المامون عند بقية السورة وسجد وسجد الناس ثم قام الي الركعة الثانية وقد دهش فلم يفتح عليه -شء فقرا-------- الفاتحة و قل هو الله احد وقنت ل---------------ما انفض- الناس وك-------------------------------------------------------ل المامون عليه------------------------------------------------------------------------- حتي يحفظ القران وصرفه وقرر عوضه القا---------------------------------------ضي ابا الحجاج يوسف بن ايوب المغربي قاضي--- الغربية	49	-2682575050765891394	379	470.5	300	891	42.536476135253906	48	Shamela0000176-ara1.mARkdown	Kraken210528115855-ara1.mARkdown
Shamela0000176-ara1.mARkdown.ms466	true	3827891398740843453	82	151	465	871	1778	300	هلال الدولة سوارا رسولا الي حرة اليمن وصحبته برسمها من التشريف مما لبسه الخليفة وما زج عرقه من الحلل المذهبات والملاءات الشرب المذهبة و-الشقق النفوسي والمغربي المقصور والاسكندراني المطرز جملة كثيرة في تخوت مدهونة مبطنة وس-لال مملوءة من لحم الناقة التي نحرت بالمصلي واثني عشر مجلسا من المساطير التي تقرا كل خميس وعليها علامة الخليفة وكثير من النحاس القضيب والمرجان وكتب اليها كتابا في قطع الثلثين اوله من عبد	466	-9080523936259337219	Kraken210528115855-ara1.mARkdown.ms053	false	3599806552401765265	231	300	1263	1666	1666	300	هلال الدولة سوار- رسولا الي حرة اليمن وصحبته برسمها من التشريف مما لبسه الخليفة وما زج عرقه من الحلل المذهبات والملاءات الشرب المذهبة و الشقق النفوسي والمغربي المقصور والاسكندراني المطرز جملة كثيرة في ثخوت مدهونة -بطنة وسيلال مملوءة من لحم الناقة التي نحرت بالمصلي واثني عشر مجلسا من المساطير ال-ي تقرا-كل خميس وعليها علامة الخليفة وكثير من النحاس القضيب والمرجان وكتب اليها كتابا في قطع الثلثين اوله من عبد-	53	-2682575050765891394	400	764.0	333	408	98.03921508789062	63	Shamela0000176-ara1.mARkdown	Kraken210528115855-ara1.mARkdown
Shamela0000176-ara1.mARkdown.ms466	true	3827891398740843453	151	237	871	1407	1778	300	الله ووليه المنصور ابي علي الامر باحكام الله امير المءمنين ابن الامام المستعلي بالله امير المءمنين صلي الله عليهما الي الحرة الملكة السيدة الرضية الطاهرة الزكية وحيدة الزمن سيدة ملوك اليمن عدة الاسلام خالصة الامام نصيرة الدين عصمة المسترشدين كهف المستجيرين ولية امير المءمنين وكافية اولياءه الميامين ادام الله تمكينها ونعمتها واحسن توفيقها ومعونتها وفي اخره وامير المءمنين متطلع الي علم اخبارك ومعرفة انباءك فتواصلي بانهاء المتجدد منها ان شاء الله والسلام عليك ورحمة الله وبركاته ويطوي مدورا ويختم بحرير واشرطة ذهب وعنبر ويجعل في خريطة	466	-9080523936259337219	Kraken210528115855-ara1.mARkdown.ms054	false	-3884502849236319357	0	86	0	536	1727	300	الله ووليه المنصور ابي علي الامر باحكام الله امير المءمنين ابن الامام المستعلي بالله امير المءمنين صلي الله عليهما الي الحرة الملكة السيدة الرضية الطاهرة الزكية وحيدة الزمن سيدة ملوك اليمن عدة الاسلام خالصة الامام نصيرة الدين عصمة المسترشدين كهف المستجيرين ولية امير المءمنين وكافية اولياءه الميامين ادام الله تمكينها ونعمتها واحسن توفيقها ومعونتها وفي اخره وامير المءمنين متطلع الي علم اخبارك ومعرفة انباءك فتواصلي بانهاء المتجدد منها ان شاء الله والسلام عليك ورحمة الله وبركاته ويطوي مدورا ويختم بحرير واشرطة ذهب وعنبر ويجعل في خريطة	54	-2682575050765891394	536	1072.0	450	536	100.0	86	Shamela0000176-ara1.mARkdown	Kraken210528115855-ara1.mARkdown
Shamela0000176-ara1.mARkdown.ms468	true	1919608305033651305	96	149	552	820	1654	300	وص-ل رسول الامير تاج الخلافة ابي منصور حسن بن علي بن يحيي بن تميم بن معز ابن باديس صاحب المهدية يخبر بانحيازه للدولة وان رجار -بن رجار صاحب صقلية تواصلت اذيته وقد استعد لمحاربته وسال ان يسير لرجار يمنعه من ذلك فسي-------ر اليه مصطنع الدولة علي بن احمد بن زين الخد فاصلح بينهما	468	-9080523936259337219	Kraken210528115855-ara1.mARkdown.ms053	false	3599806552401765265	174	228	976	1249	1666	300	وصول رسول الامير تاج الخلافة اني منصور حسن بن علي بن يحيي بن تميم بن معز -بن باديس صاحب المهدية يخبر بانحيازه للدولة وان رجار ابن رجار صاحب صقلية تواصلت اذيته و---استعد لمحاربته وسال ان يسير لرجار يمنعه من ذلك فسير من مصر اليه مصطنع الدولة علي بن احمد بن زين الخد فاصلح بينهما	53	-2682575050765891394	263	496.0	211	277	94.94584655761719	47	Shamela0000176-ara1.mARkdown	Kraken210528115855-ara1.mARkdown
Shamela0000176-ara1.mARkdown.ms468	true	1919608305033651305	164	299	902	1649	1654	300	توفي ولي الدولة ابو البركات بن عبد الحقيق داعي الدعاة فاستقر عوضه ابو محمد حسن بن ادم وكان يدعي بالقاضي لابوته وسنه واشتهاره بالعلم فبعث الامر باحكام الله الي الوزير المامون ان يستخدم ابا الفخر صالحا فذكر المامون ان اكثر المجالس التي كانت تعمل في ايام النعمان بخط ابيه وان ابا الفخر حدث السن ولا يماثل المذكور في العلم واضيف اليه الخطابة بالجامع الازهر مع قراءته الكتب وورد الخبر بان الفرنج افتدوا بغدوين رويس الملك بثمانين الف دينار وثلاثين اسيرا من المسلمين وكان صاحب حلب قد اسره في وقعة له مع الفرنج وعمل ما جري به الرسم في مواسم السنة وفيها جرت عمارة سور الاسكندرية وفيها حمل الي عسقلان ثلاثة وعشرون الفا وستماءة واحد وثلاثون اردبا من الغلال سنة ثمان عشرة وخمسماءة فيها ملك الفرنج مدينة صور واستمرت بايديهم حتي زالت الدولة الفاطمية وكان اخذهم	468	-9080523936259337219	Kraken210528115855-ara1.mARkdown.ms055	false	5378426019642135752	88	137	478	743	1633	300	توفي ولي الدولة ابو البركات بن عبد الحقيق داعي الدعاة فاستقر عوضه ابو محمد حسن بن ادم ثم صرف لحداثة ------------سنه وقرر ابو ال---------------------------------------------------------------فخر صالح------------------------------------------------------------------------------------------------------------------------ واضيف اليه الخطابة بالجامع الازهر مع خزانة- الكتب------------------------------------------------------------------------------------------------------------------------------------------------------------------------------------------------------------------------------------------------------------------------------------- سنة ثمان عشرة وخمسماءة فيها ملك الفرنج مدينة صور واستمرت بايديهم حتي زالت الدول---------ة وكان اخذها	55	-2682575050765891394	238	402.0	193	747	31.860776901245117	38	Shamela0000176-ara1.mARkdown	Kraken210528115855-ara1.mARkdown
Shamela0000176-ara1.mARkdown.ms469	true	-5378381993505419918	0	138	0	761	1655	300	بعد محاصرتها مدة وتقاصر المامون عن نجدتهم واعانهم----------- طغتكين صاحب دمشق ووصل الي بانياس وراسل الف-رنج فاستقر الامر --علي ان الفرنج تستولي عليها بالامان فخرج اهلها بما خف حمله وتفرقوا في البلاد وكان تمل-كهم --لها في يوم الاثنين ثالث عشري---- جمادي الاخرة وفيها امر ببناء دار واسعة ليتفرج الناس فيها عند كسر خ------ليج القاهرة بالكراء وذلك ان الناس عند كسر الخليج كانوا يصنعون اخشابا متراكبة بعضها علي بعض يجلسون فوقها للتفرج يوم كسر الخليج ولم يكن هناك غير دار الامير ------------ابي عبد الله محمد بن المستنصر ود-----------------ار ابن معشر ولم تزل هذه الادر الثلاثة الي ان احترقت في نوبة شاور فيها مات--------------------------------------------------- بالموت الحسن بن صباح كبير الاسماعيلية وقد تقدم انه ورد------ مصر في ايام المستنصر و-سار ال---------ي المشرق بدعوته واستولي علي قلعة الموت واعتقد امامه----------------------------------- نزار بن المستنصر وانكر امامة المستعلي وامامة ال-----امر وانتدب عدة لقتل الافضل	469	-9080523936259337219	Kraken210528115855-ara1.mARkdown.ms055	false	5378426019642135752	137	298	743	1625	1633	300	بعد محاصرتها مدة وتقاصر المامون عن نجدتهم فاغاءهم ظهير الدين طغتكين صاحب دمشق ووصل الي بانياس وراسل الافرنج ف--وقع الاتفاق علي ان يتسلمو-----------ها بالامان فخرج اهلها بما خف حمله وتفرقوا في البلاد وكان تسليمهم اياها في---- ال-ثامن وال--عشرين من جمادي الاولي ف-يها امر ببناء دار واسعة ليتفرج الناس فيها عند كسر السد بخليج القاهرة بالكراء وذلك ان ا-ناس عند كسر الخليج كانوا يعملون اخشابا يركبون- بعضها علي بعض ليتفرجوا عليها فيحصل هم الضرر و-----لم يكن هناك من الاذر سوي دارين احدهما لابي عبد الله محمد بن المستنصر ولي العهد والاخري دار ابن مقسر ولم تزل هذه الدور الثلاثة الي ان اح-رقت في ايام شاور في كاءنة سنة تسع وخمسين وخمسماءة ولم يبق لها اثر وفيها توفي بالموت الحسن بن صباح رءيس الاسماعيلية وقد تقدم خبر قدومه الي مصر في ايام المستنصر ومسير ابن صباح الي المشرق واخذه------------- قلعة الموت فلما مات المستنصر مال ابن صباح الي القول بامامة نزار بن المستنصر وانكر امامة المستعلي وامامة ابنه الامر وندب جماعة لقتل الافضل	55	-2682575050765891394	590	942.5	470	924	63.852813720703125	87	Shamela0000176-ara1.mARkdown	Kraken210528115855-ara1.mARkdown
Shamela0000176-ara1.mARkdown.ms469	true	-5378381993505419918	150	300	831	1655	1655	300	بلغه ان ابن صباح والباطنية فرحوا بموت الافضل------ وانهم تطاولوا-------- لقتل الامر والمامون---- وانهم بعثوا طاءفة لاصحابهم--------- بمصر ب-----اموال-------------- فتقدم المامون الي والي عسقلان بصرفه واقامة--- غيره وامره بعرض ارباب الخدم بها وا--لا يترك فيها الا من هو معروف من اهل البلاد واكد عليه في الاجتهاد والكشف عن احوال الواصلين من التجار وغيرهم وانه لا يثق بما يذكرونه من اسماءهم وكناهم وبلاد-------هم بل يكشف من بعضهم عن بعض ويفرق بينهم ويبالغ في الاستقصاء ومن يصل ممن لم تجر--- عادته بال-مجء الي البلاد فليعوقه بالثغر ويطالع بحاله و-ما معه من البضاءع و--------------لا يمكن جمالا من دخول مصر ---------الا ان يكون معروفا مترددا الي البلاد ولا يسير قافلة الا بعد ان يتقدم-- كتابه الي الديوان بعدة من فيها واسماءهم واسماء غلمانهم واسماء الجمالين وذكر اصناف البضاءع ليقابل بها في مدينة بلبيس وعند وصولهم الي الباب وانه يكرم التجار ويكف الاذي والضرر عنهم ثم تقدم---- المامون الي والي مصر ووالي القاهرة -------بان يصقعا-	469	-9080523936259337219	Kraken210528115855-ara1.mARkdown.ms056	false	-7323634222317010306	1	160	8	888	1608	300	بلغه ان ابن صباح والباطنية فرحوا لموت الافضل وقتله وانهم قد امتدت امالهم لقتل الامر والمامون معا وانهم ارسلوا رسلا لاصحابهم المقيمين بمصر ومعهم اموال للتفرقة عليهم فتقدم المامون الي والي عسقلان وصرفه عنها وولي غيره وامره بعرض ارباب الخدم بها وان لا يبقي فيها الا من هو معروف من اهل البلاد ووصاه ب------الاجتهاد والكشف عن احوال الواصلين من التجار وغيرهم وان -لا يثق بما يذكرونه من اسماءهم وكناهم وبلادهم وحلاهم بل يكشف عن بعضهم من بعض ويفرق بينهم ويبالغ في كل ذلك--- ومن وصل ممن لم تجر له عاد-ة بالوصول الي البلاد فليعوقه بالثغر ويطالع بحاله وبما معه من البضاءع وكذلك الجمالون لا يمكن -احدا من الوصول الي البلاد الا ان كا-ن معروفا مترددا و-----------لا يسير قافلة الا بعد ان يتقدمها كتابه الي الديوان بعدة -التجار واسماءهم واسماء غلمانهم واسماء الجمالين وذكر اصناف البضاءع ليقابل بها في مدينة بلبيس وعند وصولهم الي الباب و----يكرم التجار ويكف الاذي------- عنهم ثم تقدم امر المامون لولب---ي مصر و-----القاهرة وامرهما ان يسقعا	56	-2682575050765891394	706	1157.0	571	924	76.40692901611328	105	Shamela0000176-ara1.mARkdown	Kraken210528115855-ara1.mARkdown
Shamela0000176-ara1.mARkdown.ms471	true	-2124588554924477075	59	112	310	589	1605	300	وصلبه مع اخوته في سنة اثنتين وعشرين ويقال ان---------- سبب القبض عليه -----انه بعث الي الامير جعفر بن المستعلي اخي الامر يعز--يه بقتل اخيه الخليفة ووعده انه يعتمد مكانه في الخلافة فلما تعذر ----------ذلك بينهما بلغ الشيخ الاجل ابا الحسن علي بن ابي اسامة كاتب الدست وكان خصيصا بال--------امر قريبا منه وكان-------------- المامون	471	-9080523936259337219	Kraken210528115855-ara1.mARkdown.ms060	false	6627799928624748096	246	300	1320	1604	1604	300	وصلبه مع اخوته في سنة اثنتين وعشرين وخمسماءة واختلف في سبب القبض عليه فقيل انه بعث الي الامير جعفر------------ اخي الخليفة يغريه بققل اخيه ليقيمه----------------- مكانه في الخلافة فلما تقرر الامر علي ذلك------- بلغ الشيخ الاجل ابا الحسن علي بن ابي اسامة ذلك و-------كان خصيصا بالخليفة الامر قريبا منه واصابه اذي كثير من المامون-	60	-2682575050765891394	204	306.5	162	328	62.19512176513672	33	Shamela0000176-ara1.mARkdown	Kraken210528115855-ara1.mARkdown
Shamela0000176-ara1.mARkdown.ms471	true	-2124588554924477075	117	251	620	1355	1605	300	وبلغه ايضا ان بلغ- نجيب الدولة ابا الحسن الي اليمن وامره ان يضرب السكة ويكتب عليها الامام المختار محمد بن نزار ويقال انه سم مبضعا ودفعه لفصاد الخليفة فاعلم الفصاد الخليفة بالمبضع ومولده في سنة ثمان وسبعين واربعماءة وقيل في سنة تسع وكان من ذوي الاراء والمعرفة التامة بتدبير الدول كريما واسع الصدر سفاكا للدماء شديد التحرز كثير --------التطلع الي احوال الناس من الجند والعامة------- فكثر الواشون والسعاة بالناس في ايامه ويقال ان ابا-----------------------ه كان من جواسيس الافضل بالعراق وانه مات ولم يخلف شيءا فتزوجت امه وتركته فقيرا فاتصل بانسان يعلم البناء بمصر ثم صار يحمل الامتعة بالسوق------- بمصر وانه دخل مع الحمالين يوما الي دار الافضل------------- فراه------- خفيفا رشيقا حسن الحركة حلو الكلام فاعجب به ف--------------------------استخدمه مع الفراشين بعد ما عرف بانه ابن فلان فلم يزل يتقدم عنده حتي كبرت منزلته وعلت درجته	471	-9080523936259337219	Kraken210528115855-ara1.mARkdown.ms061	false	-6648537063078115803	3	139	19	747	1597	300	----------وانه سير نجيب الدولة ابا الحسن الي اليمن وامره ان يضرب السكة ويكتب عليها الامام المختار محمد بن نزار و قيل بل- سم مبضعا ودفعه لفصاد الامر-- فاعلمه بالقصة فقبض عليه وكان -مولده في سنة ثمان وسبعين واربعماءة او -----سنة تسع وكان من ذوي الاراء والمعرفة التامة بتدبير الذول كريما واسع الصدر سفاكا للدماء------------ كثير التحوز والتطلع الي احوال الناس من -------العامة والجند فكثر الوشاة---------------- في ايامه ذكر ابن الاثير في تاريخه عن ابيه انه كان من جواسيس الافضل بالعراق وانه مات ولم يخلف شيءا فتزوجت امه وتركته فقيرا فاتصل بانسان بعلم البناء بمصر ثم صار يحمل --امتعة بالسوق الكبير بمصر ف----دخل مع الحمالين -----الي دار الافضل مرة بعد اخري فراه الافضل خفيفا رشيقا حسن الحركة حلو الكلام فاعجبه وسال عنه فقيل له هو ابن فلان استخدمه مع الفراشين ثم -------------------------------تقدم عنده و---كبرت منزلته وعلت درجته	61	-2682575050765891394	571	939.5	465	827	69.04473876953125	91	Shamela0000176-ara1.mARkdown	Kraken210528115855-ara1.mARkdown
Shamela0000176-ara1.mARkdown.ms476	true	6400350222755338506	42	103	219	549	1638	300	سنة عشرين وخمسماءة فيها جهز الام-------ر المنتضي بن مسافر الغنوي بخلع سنية وتحف مصرية وثلاثين الف دينار للامير البرسقي صاحب الموصل فلما كان في اثناء الطريق سمع بموته--- فرجع بما معه الي الامر وفيها ق--------دم الامير الرءيس مهران بن عبد الرحيم مصنف سيرة ال-فرنج الخارجين علي بلاد الاسلام في هذه السنين برسالة من صاحب حلب وفي شوال كان بدء امر الراهب	476	-9080523936259337219	Kraken210528115855-ara1.mARkdown.ms061	false	-6648537063078115803	190	251	1013	1344	1597	300	سنة عشرين وخمسماءة فيها جهز الامر الامير المنتضا بن مسافر الغنوي بخلع سنية وتحف مصرية وثلاثين الف دينار للامير البرسقي صاحب الموصل فسمع---- في------ الطريق بقتل المذكور فرجع بما معه الي مصر ف---يها قدم الي مصر الامير الرءيس حمدان بن عبد الرحيم مصنف سيرة الافرنج الخارجين الي بلاد الاسلام في هذه السنين برسالة من----- حلب وفي شوال كان بدء امر الراهب	61	-2682575050765891394	289	515.0	233	349	82.80802154541016	47	Shamela0000176-ara1.mARkdown	Kraken210528115855-ara1.mARkdown
Shamela0000176-ara1.mARkdown.ms477	true	-7194965590175442196	139	300	752	1591	1591	300	الاندلسي وكان اولا قد اقرا المءتمن اخا------- المامون القران والنحو فولاه قضاء الغربية ثم نقل منها الي قضاء القضاة بعد واقعة ابن الرسعني بوساطة المءتمن و--------استقر بعد وفاته في --قضاء القضاة ابو عبد الله محمد بن هبة الله بن الميسر القيسراني وكان ابو الحجاج عاقلا عرض عليه الامر ان يلي الدواوين مضافا الي ما يتولاه من قضاء القضاة والمظالم فاستشار في ذلك بعض اصحابه فاشار بالقبول فقال اني لا احسن صنعة الكتابة فقال له تجعل بين يديك من يوضح لك الامر والتدبير ويدلك علي سر الصناعة فقال الا تري الا اني قد رضيت ان اكون من الاسماء النواقص التي لا تتم الا بصلة وعاءد واستحضرت من يدلني علي ما اجهل فكيف اصنع بين يدي السلطان لقد حكمت اذا علي نفسي بحكم حيف واوردتها خطة خسف وحمد الله سنة اثنتين وعشرين وخمسماءة فيها وصلت- راس بهرام الباطني وكان طغتكين اتابك الملقب ظهير الدين قد وهب له بانياس خوفا من شره ف-------------افسد جماعة- بالشام و------جرت له خطوب الت الي قتله وحملت راسه الي-	477	-9080523936259337219	Kraken210528115855-ara1.mARkdown.ms062	false	-7369758811733055468	0	70	0	386	1616	300	الاندلسي-وكان----- قد اقرا المءتمن اخا الوزير المامون القران والنحو فولاه قضاء الغربية ثم نقل ا-----لي قضاء القضاة بعد------ ابن الرسعني بوساطة المءتمن ولما مات استقر مكان----ه في القضاء -------ابو عبد الله محمد بن هبة الله بن الميسر القيسراني------------------------------------------------------------------------------------------------------------------------------------------------------------------------------------------------------------------------------------------------------------------------------------------------------------------------------------------------------------------------------------------------------------------------------------------------- سنة اثنتين وعشرين وخمسماءة فيها احضرت راس بهرام الباطني وكان طغتك------------------------ين قد وهب له بانياس خوفا من شره فتضايق الحال وافسد اصحابه بالشام الي ان جرت له حادثة فقتل------- وحملت راسه الي	62	-2682575050765891394	322	522.5	261	878	36.674259185791016	51	Shamela0000176-ara1.mARkdown	Kraken210528115855-ara1.mARkdown
Shamela0000176-ara1.mARkdown.ms478	true	3676293564581443767	181	300	951	1587	1587	300	فلما كان في --ليلة----------- العشرين منه--- قتل المامون------------------- وصالح بن الضيف وكان من نشو المامون وقد سجن معه وعلي بن ابراهيم بن نجيب الدولة المحضر من اليمن واخرجوا الي------------ سقاية ريدان في الرمل قبالة البستان الكبير خارج باب الفتوح فصلب ابدانهم بغير رءوس وفي صدر كل واحد رقعة فيها اسمه فبلغ الامر الناس فشكوا فيهم وقالوا هم غير المذكورين فامر باخراج رءوسهم واقيمت علي ابدانهم فيها ك--انت ولاية ابن ميسر القضاء في ذي الحجة علي ما ذكر بعضهم وقيل بل كانت كما تقدم ولقب بثقة الدولة القاضي الامين سناء الملك شرف الاحكام قاضي القضاة عمدة امير المءمنين ابي عبد الله محمد بن القاضي ابي الفرج هبة الله بن ميسر فلازم-------------------------- الانتصاب والجلوس واعتمد التثبت في الاحكام وعدل جماعة فبلغت-	478	-9080523936259337219	Kraken210528115855-ara1.mARkdown.ms062	false	-7369758811733055468	121	219	640	1176	1616	300	الم--كان في الليلة المسفرة عن العشرين من رجب قتل المامون بن البطاءحي الوزير وصالح بن العفيف------------------------------- وعلي بن ابراهيم بن نجيب الدولة---------------- واخرجوا ثلاثتهم الي قرب سقاية ريدان صلبت ابدا----------------------------------------------نهم بغير رءوس وفي صدر كل واحد رقعة فيها اسمه فشك------- الناس------ فيهم فاخرجت رء------------------------------سهم وعمل-ت علي ابدانهم قيل بل كانت ولاية ابن ميسر القضاء في ذي الحجة منها---------------------------------- ولقب -ثقة الدولة القاضي الامين سناء الملك شرف الاحكام قاضي القضاة عمدة امير المءمنين ابو عبد الله محمد ين القاضي الي الفرج هبة الله بن ميسر فواصل الملازمة والداب وتوفر علي الانتصاب ل-لجلوس واعتمد ال-ثبت في الاحكام وعدل جماعة فبلغت	62	-2682575050765891394	414	644.0	332	712	58.14606857299805	63	Shamela0000176-ara1.mARkdown	Kraken210528115855-ara1.mARkdown
Shamela0000176-ara1.mARkdown.ms478	true	3676293564581443767	2	38	12	187	1587	300	رتب------ قاضي القضاة ابا عبيد الله محمد بن ميسر مشارفا علي ثقة الدولة ابن ابي الرداد في قياس الماء وعمارة المقياس وعمل مصالحة فاستمر الي ان قتل ابن ميسر ثم بطل فلم ينظر----- احد ف-ي هذه	478	-9080523936259337219	Kraken210528115855-ara1.mARkdown.ms062	false	-7369758811733055468	72	106	395	564	1616	300	رتب الامر قاضي القضاة ابا عب-د الله محمد بن ميسر مشارفا علي ثقة الدولة -بن ابي الرداد في قياس الماء وعمارة المقياس وعمل مصالحة فاستمر الي ان قت----------------ل فلم يفظر بعده احد علي هذه	62	-2682575050765891394	155	272.5	123	187	82.88770294189453	26	Shamela0000176-ara1.mARkdown	Kraken210528115855-ara1.mARkdown
Shamela0000176-ara1.mARkdown.ms480	true	-4222971919867801321	55	150	288	794	1544	300	عم البلاء بمصر جميع الرءساء --والقضاة والكتاب والسوقة من الراهب بحيث لم يبق احد الا وناله م-ه مكروه اما من ضرب او نهب او اخذ مال وكان ---------------------------------------------------------------------------------------------------------------------------------------------------------------------------------------------------------------------------------يجلس في قاعة الخطابة من --جامع عمرو بن العاص ويستدعي الناس للمصادرة فطلب في بعض الايام رجلا------- يعرف بابن الفرس من العدول الم-ميزين المبجلين في ال---ناس فاهانه واخرق به فخرج الي الج---------امع في يوم جمعة وقام علي رجليه وقال ي--اهل مصر انظروا عدل مولانا الامر في تمكينه---- النصراني من المسلمين فارتج الناس لكلامه وكادت تكون فتنة فاتصل ذلك بخواص الخليفة فابلغوه اياه وخوفوه عاقبة ذلك وطالعوه بما حل	480	-9080523936259337219	Kraken210528115855-ara1.mARkdown.ms063	false	-8059796611348165980	58	190	301	1008	1592	300	عم البلاء منه لجميع --رءساء مصر وقضاتها وكتابها وسوقتها-------- بحيث لم يبق احد الا وناله منه مكروه---- من ضرب او نهب او اخذ مال وارتفع شانه عند الخليفة حتي كان يعمل له بتنيس ودمياط ملابس مخصوصة به من الصوف الابيض المنسوج بالذهب فيلبسها ومن فوقها غفارة ديباج ويتطيب بعدة مثاقيل مسك كل يوم فكان يشتم ريحه من مسافة بعيدة ويركب الحمير بسروج محلاة بالذهب والفضة ويجلس ب--قاعة الخطابة في الجامع العتيق بمصر-- ويستدعي الناس للمصادرة واتفق انه طلب يوما رجلا من مصر يعرف بابن الفرس من العدول المتميزين وكان معظما عند الناس فاهانه واخرق به فخرج من عنده وقف بالجامع في يوم جمعة--------------- وقال يا اهل مصر انظروا عذل مولانا الامر في تمكينه هذا النصراني من المسلمين فارتج الناس لكلامه وكادت تكون فتنة فدخل ------خواص الامر--------------- وخوفوه عاقبة ذلك واعلموه -ما حل	63	-2682575050765891394	363	548.0	291	762	47.637794494628906	53	Shamela0000176-ara1.mARkdown	Kraken210528115855-ara1.mARkdown
Shamela0000176-ara1.mARkdown.ms481	true	4440138870351319806	198	300	1020	1568	1568	300	بخدمة ولي الدولة ابي البركات يحنا -بن ابي الليث كاتب المجلس فلما --قتل الوزير المامون اتصل بالخليفة الامر وبذل له في مصادرة الكتاب النصاري ماءة الف دينار فاطلق يده فيهم واسترسل ا-ذاه حتي شملت مضرته كل---------------------------------------------------- احد وك------------------------------------------------------------------------ان يعمل له في تنيس ودمياط ملابس مخصوصة به من الصوف الابيض المنسوج بالذهب فيلبسها ومن فوقها غفارة ديباج ويتطيب بعدة مثاقيل مسك في كل يوم فكانت راءحته تشتم -----من مسافة بعيدة وكان يركب الحمر الفارهة بالسروج المحلاة بالذهب والفضة ويجلس بقاعة الخطابة --من جامع --------مصر ولما -------------------------------------------------------------------------------------------------------------------------------------------------------------------------------------------------------------------------------------------------------------------------------------------------------------------------------------------------------------------------------------------------------------------------------------------------------------------------قتل -وجد له في مقطع ثلثماءة طراحة سامان محشوة جددا لم تستعمل قد رصت الي قرب السقف وهذا-	481	-9080523936259337219	Kraken210528115855-ara1.mARkdown.ms063	false	-8059796611348165980	27	235	144	1235	1592	300	يخدم- ولي الدولة ابا البركات يحنا ابن ابي الليث ثم اتصل بالامر بعد قتل------- المامون-------------------- وبذل له في مصادرة قوم من النصاري ماءة الف دينار فاطلق يده فيهم --تسلسل الحال حتي عم البلاء منه لجميع رءساء مصر وقضاتها وكتابها وسوقتها بحيث لم يبق احد الا وناله منه مكروه من ضرب او نهب او اخذ مال وارتفع شانه عند الخليفة حتي كان يعمل له ب--تنيس ودمياط ملابس مخصوصة به من الصوف الابيض المنسوج بالذهب فيلبسها ومن فوقها غفارة ديباج ويتطيب بعدة مثاقيل مسك--- كل يوم فكان-------- يشتم ريحه من مسافة بعيدة و----يركب الحمير ب---------سروج --محلاة بالذهب والفضة ويجلس بقاعة الخطابة في الجامع العتيق بمصر ويستدعي الناس للمصادرة واتفق انه طلب يوما رجلا من مصر يعرف بابن الفرس من العدول المتميزين وكان معظما عند الناس فاهانه واخرق به فخرج من عنده وقف بالجامع في يوم جمعة وقال يا اهل مصر انظروا عذل مولانا الامر في تمكينه هذا النصراني من المسلمين فارتج الناس لكلامه وكادت تكون فتنة فدخل خواص الامر وخوفوه عاقبة ذلك واعلموه ما حل بالمسلمين فاستدعاه وكان بحضرته رجل من الاشراف فانشد السريع ان الذي شرفت من اجله يزعم هذا انه كاذب فقال له الامر ما تقول ياراهب فسكت فامر به فقتل ووجد له في مقطع ثلثماءة طراحة سامان محشوة جددا لم تستعمل قد رصت الي قرب السقف -هذا	63	-2682575050765891394	433	663.5	349	1150	37.65217208862305	67	Shamela0000176-ara1.mARkdown	Kraken210528115855-ara1.mARkdown
Shamela0000176-ara1.mARkdown.ms482	true	-1479692716988611685	148	191	723	974	1579	300	الديانة------------ سنة اربع وعشرين وخمسماءة في ربيع الاول ولد للامر ولد -سماه ابا القاسم الطيب فجعل- ولي عهده وامر فزينت ----القاهرة ومصر وعملت الملاهي في الايوانات وابواب القصور وكسيت العساكر وزينت القصور واخرج الامر من خزاءنه وذخاءره قماشا ومصاغا ما بين الات واواني	482	-9080523936259337219	Kraken210528115855-ara1.mARkdown.ms063	false	-8059796611348165980	259	300	1346	1592	1592	300	الديوان باسفل الارض سنة اربع وعشرين وخمسماءة في رييع الاول ولد للامر ولد فسماه ابا القاسم الطيب وجعله ولي عهده و-----زينت مصر القاهرة----- وعملت الملاهي في الاسواق وب-ابواب القصور ولبست العساكر وزينت القصور واخرج الامر من خزاءنه وذخاءره قماشا وصياغا-----------ت واواني-	63	-2682575050765891394	213	355.5	177	269	79.18215942382812	28	Shamela0000176-ara1.mARkdown	Kraken210528115855-ara1.mARkdown
Shamela0000176-ara1.mARkdown.ms482	true	-1479692716988611685	192	256	977	1340	1579	300	ذهب وفضة وجوهر فزين بها وعلق الايوان جميعه بالستور والسلاح واستمر الحال علي هذا اربعة عشر يوما واحضر الكبش الذي يعق به عن المولود وعليه جل من ديباج وفي عنقه قلاءد الفضة فذبح بحضرة الخليفة الامر وجء بالمو--لود فشرف قاضي القضاة ابن ميسر بحمله ونثرت الدنانير علي رءوس الناس ومد-ت الاسمطة العظيمة بعد ما كتب الي الفيوم والقيلوبية والشرقية فاحضرت منها------ الفواكه------- وملء القصر ---	482	-9080523936259337219	Kraken210528115855-ara1.mARkdown.ms064	false	-1487843788245747619	0	55	0	324	1677	300	ذهب وفضة------ فزين بها وعلق الايوان جميعه بالستور والسلاح فاقام- الحال كذلك--- اربعة عشر يوما واحضر الكبش الذي ي--ذبح في العقيقة وعليه جل--- ديباج و--------قلاءد --فضة وذبح بحضر--------ة الامر واحضير المولود فشرف قاضي القضاة ابن ميسر بحمله ونثرت الدنانير علي رءوس الناس وعملت الاسيطة و--------------كتب الي الفيوم----------- والشرقية والقليوبية باحضار الفواكه فاحضرت وملء القصر من	64	-2682575050765891394	266	420.0	215	382	69.63350677490234	38	Shamela0000176-ara1.mARkdown	Kraken210528115855-ara1.mARkdown
Shamela0000176-ara1.mARkdown.ms483	true	8040877461787985311	83	162	450	866	1613	300	وكان عمره يوم قتل اربعا وثلاثين سنة وتسعة اشهر واثنين وعشرين يوما------------------------------------------------------------------------------------------------------------------------------------------------------------ ومدة خلافته تسع وعشرون سنة وثمانية اشهر وخمسة عشر يوما وما زال محكوما عليه حتي قتل الافضل-------------- فتزايد امره عما كان عليه ا---يام الافضل فلما قبض علي وزيره المامون استبد بالامور وتصرف في ساءر احوال المملكة واكثر من الركوب ورتب لركوبه ثلاثة ايام من كل اسبوع وهي يوم الجمعة ويوم السبت ويوم الثلاثاء فاذا لم يتهيا له الركوب في احد هذه الايام ركب في يوم غيره فكان	483	-9080523936259337219	Kraken210528115855-ara1.mARkdown.ms064	false	-1487843788245747619	114	205	654	1132	1677	300	وكان عمره يوم قتل اربعا وثلاثين سنة وتسعة اشهر -------وعشرين يوما ومولده يوم الثلاثا الثالث عشر من عحرم سنة تسعين واربعماءة وبويع يوم الثلاثاء سابع عشر صفر سنة خمس تسعين وقتل يوم الثلاثاء ثالث عشر ذي القعدة وقيل ثاني عشره ومدة خلافته تسع وعشرون سنة وثمانية اشهر ونصف ولم يز----------ل محكوما عليه حتي قتل الافضل وتولي المامون فتزايد امره عما كان عليه في ايام الافضل فلما قت----------------------------------------------------ل المامون ظهر امره وصار يتصرف ويركب في يو--------------------------م الجمعة و----السبت و----الثلاثاء فاذا لم يركب في يوم من-------- هذه الايام ركب في يوع غيره فكان	64	-2682575050765891394	248	384.0	199	589	42.105262756347656	39	Shamela0000176-ara1.mARkdown	Kraken210528115855-ara1.mARkdown
Shamela0000176-ara1.mARkdown.ms484	true	-7117931059792627361	1	47	4	273	1648	300	الدماء وارتكاب المحذورات واستحسان القباءح----------------------- وفي ايامه ملك ال-فرنج كثيرا من المعاقل والحصون بسواحل البلاد الشامية--------- فملكت عكا في شعبان سنة سبع وتسعين وعرقة في رجب سنة اثنتين وخمسماءة واستولوا علي مدينة طرابلس الشام بالسيف في يوم الاثنين لاحدي عشرة خلت من ذي الحجة سنة اثنتين	484	-9080523936259337219	Kraken210528115855-ara1.mARkdown.ms064	false	-1487843788245747619	244	294	1354	1635	1677	300	للدماء يرتك--ب المحظورات ويستحس-ن القباءح وقد تقدم تمكينه الراهب وفي ايامه ملك الافرنج كثيرا من المعاقل والحصون بس-احل الشام مما كان بيد اباءه فملكت عكا في شعبان سنة سبع وتسعين وعرقة في رجب سنة اثنتين وخمسماءة وتسلموا----------- طرابلس------ بالسيف في يوم الاثنين لاحدي عشرة خلت من ذي الحجة سنة اثنتين	64	-2682575050765891394	224	383.5	182	302	74.17218780517578	33	Shamela0000176-ara1.mARkdown	Kraken210528115855-ara1.mARkdown
Shamela0000176-ara1.mARkdown.ms485	true	-2726743091541320808	255	290	1351	1529	1582	300	ومن شعره ايضا-- اما والذي حجت الي ركن بيته جراهيم ركبان مقلدة شهبا لاقتحمن الحرب حتي يقال لي ملكت زمام الحرب فاعتزل الحربا وينزل روح الله عيسي بن مريم فيرضي بنا صحبا ونرضي به صحبا	485	-9080523936259337219	Kraken210528115855-ara1.mARkdown.ms065	false	2120219356567588405	24	59	120	300	1581	300	ومن شعره الطويل اما والذي حجت الي ركن بيته جراثيم ركبان مقلدة شهبا لاقتحمن الحرب حتي يقال لي ملكت زمام الحرب فاعتزل الحربا وينزل روح الله عيسي بن مريم فيرضي بنا صحبا ونرضي به صحبا	65	-2682575050765891394	174	338.5	139	180	96.66666412353516	33	Shamela0000176-ara1.mARkdown	Kraken210528115855-ara1.mARkdown
Shamela0000176-ara1.mARkdown.ms486	true	-422004686717570403	60	169	298	871	1538	300	ابن ذكا النابلسي تم ولي ابو الفضل الجليس نعمة بن بشير فطلب الاقامة فولي بعده------ الرشيد ابو عبد الله محمد بن قاسم بن زيد الصقلي ومات فاستقر بعده الجليس نعمة بن بشير النابلسي مرة ثانية ثم صرف بابي---- الفتح مسلم بن الرسعني وعزل بابي----- الحجاج يوسف بن ابي ايوب المغربي فلما مات استقر من بعده ابو عبد الله محمد بن هبة الله بن ميسر القيسراني وقتل الامر وهو قاض------- وكتاب ----الانشاء في ايامه سناء الملك ابو محمد بن محمد الزيدي الحسيني وال-------شيخ الاجل ابو الحسن بن ابي اسامة الحلبي والشيخ تاج الرءاسة ابو القاسم ابن الصيرفي وابن ابي الدم اليهودي وكان نقش خاتمه الامام الامر باحكام الله امير المءمنين	486	-9080523936259337219	Kraken210528115855-ara1.mARkdown.ms065	false	2120219356567588405	111	208	560	1082	1581	300	ابن ذكا النابلسي ثم--------------------- نعمة بن بشير الجليس النابلسي واستقال فولي الرشيد ابو عبد الله محمد بن قاسم بن زيد الصقلي ومات ف------تولي الجليس------------- النابلسي---- ثانيا ثم صرف وولي ابو الفتح مسلم بن الرسعني وصرف فتولي ابو الحجاج يوسف بن---- ايوب ال------------اندلسي ومات فولي ابو عبد الله محمد بن هبة الله بن ميسر القيسراني وقتل الامر وهو علي القضاء وكتابه في الانشاء الشريف-- سناء الملك ابو محمد بن محمد -------الحسيني الزيدي والشيخ الاجل ابو الحسن بن ابي اسامة الحلبي والشيخ تاج الرءاسة ب------------ن الصيرفي وابن ابي الدم اليهودي و--- نقش خاتمه الامام الامر باحكام الله امير المءمنين	65	-2682575050765891394	426	703.0	339	606	70.29702758789062	73	Shamela0000176-ara1.mARkdown	Kraken210528115855-ara1.mARkdown
Shamela0000176-ara1.mARkdown.ms491	true	-8227985118984442449	33	300	187	1583	1583	300	ثم اخرجا ميتين سنة خمس وعشرين وخمسماءة فيها رتب ابو علي----- بن الافضل في الحكم اربعة قضاة فصار كل قاض يحكم بمذهبه ويورث بمذهبه فكان قاضي الشافعية------- سلطان بن ابراهيم بن المسلم بن رشا وقاضي المالكية ابو عبد الله محمد بن ابي محمد عبد المولي بن ابي عبد الله محمد بن عبد الله اللبني المغربي وقاضي الاسماعيلية اب--و الفضاءل هبة الله بن عبد الله بن حسن بن محمد القاضي فخر الامناء الانصاري المعروف بابن الازرق وقاضي الامامية القاضي المفضل ابو القاسم ابن هبة الله بن عبد الله بن الحسن بن محمد بن ابي كامل ولم يسمع بمثله هنا في الملة الاسلامية قبل ذلك سنة ست وعشرين وخمسماءة في يوم الثلاثاء سادس عشر المحرم ------------ركب ابو علي احمد بن الافضل الي راس الطابية ليعرق فرسا في-- الميدان بالبستان الكبير خارج باب الفتوح من القاهرة وللعب بالكرة علي عادته فجاء وهو هناك عشرة من-------------------- صبيان الخاص الذين تحالفوا علي قتله متي ظفروا به جميعا او فرادي فصاح ابو علي عادة من يسابق بخيل راحت فقال العشرة عليك وحملوا عليه وطعنوه حتي قتل فادركه استاذ من استاذيه والقي نفسه عليه فقتلوه معه واجتمع الاربعون عنانا واحدا وجاءوا الي القصر وفيهم يانس وكان مستوحشا من ابي علي فخرجوا الحافظ من الخزانة التي كان---- معتقلا بها وفكوا عنه القيد واجلسوه في الشباك علي منصة الخلافة وقالوا ما حركنا علي هذا الا الامير يانس فاجتمع الناس واخذ له العهد علي انه ولي عهد كفيل لمن لم يذكر اسمه ونهب في هذا اليوم كثير من الاسواق والدور والحوانيت وصار ذلك عادة مستقرة وشيءا معهودا في كل فتنة وحمل راس ابي علي الي القصر وكان قد اسقط منذ اقامه الجند ذكر اسماعيل بن جعفر الصادق-	491	-9080523936259337219	Kraken210528115855-ara1.mARkdown.ms066	false	-14400682000189156	0	126	0	680	1619	300	ثم اخرجا ميتين سنة خمس وعشرين وخمسماءة فيها رتب ابو علي احمد بن الافضل في الحكم اربعة قضاة يحكم كل قاض بمذ-----هبه ويورث بمذهبه فكان قاضي الشافعية الفقيه سلطان وقاضي---------------------------- المالكية-------------------------------------------------------------------------- اللبن--------ي وقاضي الاسماعيلية ل ابو الفضل بن---------------------------------------------------------------------------- الازرق وقاضي الامامية ابن ال------------------------------------------------------------------ي كامل ولم يسمع بهذا قط في ماسلف --------------------سنة ست وعشرين وخمسماءة في يوم الثلاثاء سادس عشر --محرم ركب امير الجيوش ابو علي احمد بن الافضل ابن امير الجيوش بدر الجمالي الي الميدان بالبستان الكبير ظاهر ا--------------لقاهرة -للعب بالكرة علي عادته فاتفق جماعة من الاجناد علي قتله فبدره بعض صبيان الخاص ---------------------------------------------------------------------------------------------------------------------بطعنة القاه عن فرسه ونزل فاحتز راسه ومضي به--------------------------------------------------------ا الي القصر واخرج------------------------------------ الحافظ من الخزانة التي كان بها معتقلا وبويع ب----------------------------------------الخلافة بيعة عامة وكان ابو علي------------------------------------------------------------------------------------------------------------------------------------------------------------------------------------------------------------------ قد اسقط---------------- ذكر اسماعيل بن جعفر الصادق	66	-2682575050765891394	469	693.5	376	1449	32.367149353027344	68	Shamela0000176-ara1.mARkdown	Kraken210528115855-ara1.mARkdown
Shamela0000176-ara1.mARkdown.ms492	true	8618511056998654975	0	109	0	614	1627	300	الذي تنسب اليه الطاءفة الاسماعيلية وازال من الاذان قولهم فيه حي علي خير العمل محمد وعلي خير البشر واسقط ذكر الحافظ من الخطبة واخترع لنفسه دعاء يدعي به علي المنابر وهو السيد الاجل الافضل سيد ممالك ارباب الدول -المحامي عن حوزة الدين وناشر جناح العدل علي المسلمين الاقربين والابعدين ناصر امام الحق في حال-ي غيبته وحضوره والقاءم في نصرته بماضي سيفه وصاءب رايه وتدبيره امين الله علي عباده وهادي القضاة الي اتباع شرع الحق واعتماده ومرشد دعاته المءمنين الي واضح بيانه وارشاده مولي النعم -رافع الجور عن الامم مالك فضيلتي السيف والقلم ابو علي احمد بن السيد الاجل الافضل ابي القاسم شاهنشاه امير الجيوش وكانت مدة تحكه سنة وشهرا	492	-9080523936259337219	Kraken210528115855-ara1.mARkdown.ms066	false	-14400682000189156	126	223	680	1231	1619	300	الذي تنسب الي -----------اسماعيلية وازال من الاذان---------- حي علي خير العمل وقطع--------------------- ذكر الحافظ من الخطبة واختار لنفسه دعاء يدعو به علي المن-بر وهو السيد الاجل الافضل م-----الك اصحاب الدول والمحامي عن حوزة الدين وناشر جناح العدل علي المسلمين الاقربين والابعدين ناصر امام الحق في حالتي غيبته وحضوره والقاءم ب--نصرته بماضي سيفه وصاءب رايه وتدبيره امين -لله علي عباده وهادي القضاة الي اتباع شرع الحق واعتماده ومرشد دعاة- المءمنين ب---واضح بيانه وارشاده مولي النعم ورافع الجور عن الامم مالك فضيلتي السيف والقلم ابو علي احمد بن السيد الاجل الافضل----------- شاهنشاه امير الجيوش وكانت مدة حكمه سنة وشهرا	66	-2682575050765891394	531	961.0	435	617	86.06159210205078	83	Shamela0000176-ara1.mARkdown	Kraken210528115855-ara1.mARkdown
Shamela0000176-ara1.mARkdown.ms494	true	-81707385514059651	210	245	1141	1338	1625	300	سنة سبع وعشرين وخمسماءة فيها حشد جماعة من العبيد بالاعمال الشرقية فخرج اليهم عسكر كانت---- بينهم وبينه حروب وفيها سلم الحافظ امر الديوان الي الشريف معتمد الدولة علي بن جعفر بن غسان المعروف بابن -----العساف	494	-9080523936259337219	Kraken210528115855-ara1.mARkdown.ms067	false	-6410921340873959480	219	251	1213	1397	1661	300	سنة سبع وعشرين وخمسماءة فيها حشد جماعة من العبيد بالاعمال الشرقية ف---------------كانت حرب بينهم وبين العسكرية فيها تولي نظ----ر الدواوين ---الشريف معتمد الدولة علي بن جعفر بن غسان المعروف بابن انيم العساف	67	-2682575050765891394	147	247.5	122	206	71.35922241210938	22	Shamela0000176-ara1.mARkdown	Kraken210528115855-ara1.mARkdown
Shamela0000176-ara1.mARkdown.ms494	true	-81707385514059651	10	47	43	269	1625	300	رام الاعداء دثوره واعززت الاسلام بان جعلت طلوعه علي الامة وظهوره وجعلته اية لمن تدبر الحقاءق بباطن البصيرة مولانا وسيدنا وامام عصرنا وزماننا عبد المجيد ابي الميمون وعلي اباءه الطاهرين وابناءه الاكرمين صلاة داءمة الي يوم الدين	494	-9080523936259337219	Kraken210528115855-ara1.mARkdown.ms067	false	-6410921340873959480	0	36	0	218	1661	300	رام الاعداء دثوره واقررت الاسلام بان جعلت طلوع- علي الامة وظهور-------ه اية لمن تدبر الحقاءق بباطن البصيرة مولانا وسيدنا وامام عصرنا وزماننا عبد االجيد ابي الميمون وعلي اباءه الطاهرين وابناءه الاكرمين صلاة داءمة الي يوم الدين	67	-2682575050765891394	213	408.0	177	226	94.24778747558594	32	Shamela0000176-ara1.mARkdown	Kraken210528115855-ara1.mARkdown
Shamela0000176-ara1.mARkdown.ms497	true	-6811989518429828455	141	261	730	1358	1546	300	وقتل معه --------------------جماعة ورد الق--------------ضاء لابن ميسر وخلع عليه في يوم الخميس ثاني ذي القعدة وفيها مات القاضي المكين ابو طالب احمد بن عبد المجيد بن احمد بن الحسين بن حديد بن حمدون الكناني قاضي الاسكندرية بثغر رشيد وقد عا-د من القاهرة في جمادي الاخرة ومولده سنة اثنتين وستين واربعماءة وكانت له مدة في القضاء وهو الذي كان --سببا في اغتيال ابي الصلت امية الاندلس وقد -----ذكره السلفي واثني عليه ورثي بعدة قصاءد وفيها مات ابو عبد الله الحسين بن ابي الفضل--------- بن الحسين الزاهد الناطق بالحكم-------- المعروف بابن بشري الجوهري الواعظ ابن الواعظ ابن الواعظ ابن الواعظ في جمادي الاول-ي وكان حلو الوعظ الا انه ------------------------تعرض في اخر عمره لما لا يعنيه فنفاه الحافظ -------------الي دمياط--------- وذلك ان الامر	497	-9080523936259337219	Kraken210528115855-ara1.mARkdown.ms068	false	7191826613227414328	86	224	448	1154	1560	300	وقتل معه الشريف ابو العينين وجماعة ورد حسن بن الحافظ القضاء لابن ميسر وخلع عليه في يوم الخميس ثاني ذي القعدة وتوفي ----القاضي المكين ابو طالب احمد بن عبد المجيد بن احمد بن الحسن -بن حديد بن -مدون الكناني قاضي الاسكندرية بثغر رشيد وهو عاءد من ----مصر في جمادي الاخرة ومولده سنة اثنتين وستين واربعماءة وكانت له مدة في القضاء وهو الذي كان السبب- في اعتقال الي الصلت امية ورثي بعدة قصاءد وذكره السلفي واثني عليه وفي جمادي الاولي توفي ----ابو عبد الله الحسين بن ابي الفضل عبد الله بن الحسين الزاهد الناطق بالحكم بن بشري المعروف بابن----- الجوهري --واعظ ابن --واعظ ابن --واعظ ابن --واعظ قرا عليه السنلفي وكان حلو الوغظ لم يكن في بيتهم احلي كلاما منه وتعرض في اخر عمره لما لا يعنيه فوشي به الي الخليفة فسيره الي دمياط وبها مات وذلك ان الامر	68	-2682575050765891394	524	854.5	417	734	71.3896484375	82	Shamela0000176-ara1.mARkdown	Kraken210528115855-ara1.mARkdown
Shamela0000176-ara1.mARkdown.ms500	true	-3393254762812852447	85	165	456	896	1612	300	عليه ولاية بهرام مع كونه نصرانيا وقالوا لا يرضي- المسلمون بهذا و--من شرط الوزير ان يرقي مع الامام المنبر في الاعياد ليزرر عليه المزررة الحاجزة بينه وبين الناس والق----------ضاة نواب الوزير- من زمن امير الجيوش ويذكرون داءما النيابة عنه- في الكتب الحكمية النافذة الي الافاق وكتب الانكحة ف-------------قال اذا رضينا- نحن فمن ي-خالفنا وهو وزير السيف واما صعود المنبر فيستنيب عنه قاضي القضاة واما ذكره في الكتب الحكمية فلا حاجة الي ذلك ويفعل فيها ما كان يفعل قبل امير الجيوش	500	-9080523936259337219	Kraken210528115855-ara1.mARkdown.ms070	false	503277842969407188	215	296	1113	1557	1584	300	عليه وقيل اولا هو------- نصراني ف-------لا يرضاه المسلمون والثاني من شرط الوزير ان يوقي مع الامام المنبر في الاعياد ليزرر عليه المز-رة الحاجزة بينه وبين الناس والثالث ان القضاة نواب الوزراء من زمن امير الجيوش وينكرون------ النيابة عنهم في الكتب الحكمية النافذة الي الافاق وكتب الانكحة فلم يصغ لذلك وقال اذا رضيناه نحن فمن يعخالفنا وهو وزير السيف واما صعود المنبر فيستنيب عنه قاضي القضاة واما فكره في الكتب الحكمية فلا حاجة الي ذلك ويفعل----- ما كان يفعل قبل امير الجيوش	70	-2682575050765891394	388	673.0	316	470	82.55319213867188	59	Shamela0000176-ara1.mARkdown	Kraken210528115855-ara1.mARkdown
Shamela0000176-ara1.mARkdown.ms501	true	7729223582976059038	1	180	4	1005	1676	300	وفيها----- توفي الاديب ابو نصر ظافر بن القاسم بن منصور بن عبد الله الجروي الجذامي الاسكندراني المعروف بالحداد------- بمصر سنة ------ثلاثين وخمسماءة فيها اخر-----ج بهرام الامي-------------ر رضوان بن --ولخشي من القاهرة لولاية عسقلان وقيل بل كان خروجه في سلخ رجب من السنة الماضية فلما وصل اليها وجد فيها جماعة من الارمن قد وصلوا في البحر يريدون القاهرة فناكدهم ومنع كثيرا منهم فبلغ ذلك الوزير بهرام فشق عليه وصرفه عن عسقلان واستدعاه فقدم الي القاهرة وشكره الناس علي منعه الارمن من الوصول الي القاهرة فلم يطق بهرام اقامته معه فولاه الغربية في صفر ابعادا له عنه وفيها ملك رجار بن رجار ملك صقلية جربة ونازل طرابلس الغرب فانهزم عنها سنة احدي وثلاثين وخمسماءة فيها تكاثر حضور اقارب بهرام و--------------------------------------------------------------اخوته واهله وقومه ومجيء--------هم من ناحية تل باشر وكانوا مقيمين بها ولهم فيها كبير منهم يتولي امرهم وقدموا ايضا بلاد الارمن حتي صار منهم ب--ديار --مصر-- نحو الثلاثين الف انسان فعظم ضررهم ب----------------المسلمين وكثرت استطالتهم واشتد جورهم وتظاهروا بدين النصرانية واكثروا من بناء ال----كناءس والديارات وصار كل رءيس منهم--- يبني له كنيسة بجوار داره وتفاقم الامر فخاف الناس م--نهم ان يغيروا الملة	501	-9080523936259337219	Kraken210528115855-ara1.mARkdown.ms071	false	2733783979546275704	26	127	136	674	1603	300	وفي المحرم توفي الاديب ابو نصر ظافر بن القاسم بن منصور بن عبد الله الجروي الحزامي --اسكندراني المعروف بالحداد الشاعر بمصر سنة احدي وثلاثين وخمسماءة فيها كان خخروج بهرام من الوزارة واستقرار رضوان بن الولخشي و----------------------------------------------------------------------------------------------------------------------------------------------------------------------------ذلك ا---------------------------------------------------------------------------------------------------------------------------------------------------------------------------------------------------------------------------------------------------------------------------------------------------------ن بهرام لما ثبت قدميه في الوزارة سال الحافظ ان يسمح له باحضار اخوته واهله فاذن له ف ذلك فاحضرهم من------ تل باشر ومن---------------------------------------------------------- بلاد الارمن حتي صار منهم بالديار المصرية نحو ثلا--ثين الف انسان فاستطالوا علي السلمين واصاب المسلمين م---------------------------------------ن النصاري جور عظيم وبنيت في ايامه كناءس واذيرة حتي صار كل رءيس من اهله يبني له كنيسة و------------------------خاف اهل مصر منهم ان يغيروا --ملة	71	-2682575050765891394	322	221.5	258	1140	28.24561309814453	41	Shamela0000176-ara1.mARkdown	Kraken210528115855-ara1.mARkdown
Shamela0000176-ara1.mARkdown.ms502	true	-7293912658113824176	161	300	863	1611	1611	300	فعاد بهرام الي القاهرة واخذ---- ما خف حمله وخرج من باب البرقية يوم الاربعاء وقت العصر حادي عشر جمادي الاولي وسار يريد الصعيد وقد اوسق المراكب بما يحتاج اليه فعندما رحل اقتحم رعاع الناس واوباشهم الي دار الوزارة فنهبوها وهتكوا حرمتها وعملوا كل مكروه فكان هذا اول نهب وقع في دار الوزارة وامتدت الايدي الي دور الارمن التي كانوا قد عمروها بالحسينية خارج باب الفتوح فنهبوها -------------ونهبوا كنيسة الزهري ونبشوا قبر----- البطرك اخي بهرام وطار خبر انهزام بهرام في ساءر اقليم مصر فوصل الخبر بذلك الي قوص قبل وصول بهرام- فثار المسلمون بها علي------ الباساك---------- وقتلوه ومثلوا به وجعلوا في رجله كلبا ميتا والقوه علي مزبلة فلما كان بعد قتله بيومين قدم بهرام في طاءفة--- الارمن وهم نحو الالفي فارس رماة فراي اخاه -علي المزبلة كما ذكر فقتل جماعة من اهل قوص -------------ونهبها وسار عنها الي اسوان فنزل بالاديرة-	502	-9080523936259337219	Kraken210528115855-ara1.mARkdown.ms072	false	2136360352438331773	69	183	366	974	1585	300	فعاد بهرام الي القاهرة واخذ معه ما خف حمله وخرج من باب البوقية في-------------------- حادي عشر جمادي الاولي وسار الي قوص وبعث ب-------المراكب في البحر فوصل قوص وما هو الا ان انفصل عن القاهرة---------------------------------------------------------------------- نهب العامة ساءر ديا------------------------ر الارمن و----كانوا قد نزلو-ا بالحسينية ظاهر باب الفتوح وعمروها منازل للسكني ونهبوا كنيسة الزهري ونبشوا قبر اخيه البطرك انتشر الخبر ب------انهزام بهرام فطار الي -----------------------------قوص قبل وصوله اليها فثار المسلمون ايضا بقوص علي الباساك اخي بهرام وقتلوه ومثلوا به وجعلوا في رجله كلبا ميتا والقوه علي مزبلة فلما كان بعد ذلك- بيومين قدم بهرام في طاءفة من اقاربه وجنده------------------- فراي اخاه بتلك الحال---------- فقتل ------من اهل قوص جماعة بالسيف ونهبها وسار عنها الي اسوان فنزل بالاديرة	72	-2682575050765891394	422	577.0	337	805	52.422359466552734	63	Shamela0000176-ara1.mARkdown	Kraken210528115855-ara1.mARkdown
Shamela0000176-ara1.mARkdown.ms503	true	1803861067025427278	0	182	0	1008	1615	300	البيض وهي اماكن حصينة في غربي اخميم فتفرق عنه عدة من الارمن وساروا يريدون بلادهم------------------------------------------------------------- واما رضوان فانه لما وصل الي----- القاهرة -----------وقف بين القصرين واستاذن الحافظ فيما يفعله فاشار بنزوله ف-ي دار الوزارة فنزلها و-خلع عليه خلع الوزارة يوم الجمعة ثالث عشر----------------- جمادي الاولي ونعت بالسيد الاجل الملك الافضل فاستدعي بالاموال من الخليفة وانفق في الجند ومهد الامر ورضوان اول وزير لقب بالملك فلما كن في اليوم الثالث من استقراره في الوزارة سير اخاه الاوحد ابراهيم ومعه العسكر شرقا وغربا والاسطول بحرا في طلب بهرام وبيده امان له ليعود مكرما وطاءفته علي اقطاعاتهم فسار الي الاديرة وتقرر الحال من غير قتال علي اقامة بهرام بها وذلك ان اسوان امتنعت عليه بكنز الدولة واهلها فاضطر الي الاقامة بالاديرة وقد فارقه اكثر الارمن فمنهم من سار الي بلاده ومنهم من اقام بارض مصر ليكونوا فلاحين فسال لهم مواضع يسكنونها فافردت لهم جهات منها سمالوط وابوان واقلوسنا والبرجين في صعيد مصر وضيعة اخري باعمال المحلة واقام بهرام بالاديرة البيض ومعه اهله وولده وفيها صرف ابو عبد الله محمد بن ميسر عن قضاء القضاة في يوم الاحد لسبع خلون من المحرم والوزير اذ ذاك بهرام	503	-9080523936259337219	Kraken210528115855-ara1.mARkdown.ms072	false	2136360352438331773	183	290	974	1539	1585	300	البيض وهي اماكن حصينة في غرفي اخميم ففارقه جماع-ة من --اهله وعادوا الي--- بلادهم واستقر هو هناك والي الباساك تنسب القرية التي بالقرب من اطفيح واما رضوان فانه لما خرج بهرام من القاهرة دخل اليها فوقف بين القصرين واستاذن الخافظ فيما يفعله فاشار بنزوله الي دار الوزارة فنز-ها واخلع عليه خلع الوزارة ونعته بالافضل وذلك لاحدي عشرة خلت من جمادي الاولي فك---------------------------------------------------------------------------------------ان اول ما بدا به ان بعث-------------------------------------------------- اخاه ناصر الدين ب----------عسكر الي بهرا----------------------------------------------------------------------------م فسار الي الاديرة وتقرر الحال من غير قتال علي اقامة بهرام بها وعاد الجند الذي كانوا معه الي ------------------------------------------------------------------------------------------------------------------------------------------------------------------------------------------------------------------مصر وارتحلوا عنها الي بلادهم و---------------------------------------------------------------------------------------------في يوم الاحد لسبع خلون من المحرم في وزار------ة بهرام	72	-2682575050765891394	342	442.5	270	1104	30.978260040283203	49	Shamela0000176-ara1.mARkdown	Kraken210528115855-ara1.mARkdown
Shamela0000176-ara1.mARkdown.ms503	true	1803861067025427278	183	300	1013	1615	1615	300	الي تنيس فاقام بها الي يوم الاثنين ثاني ربيع الاول وقتل وهو من قيسارية وقدم منها مع ابيه وهو صغير في وزارة امير الجيوش بدر الجمالي عند حضوره الي المستنصر في سني الشدة وبعثه الي البلاد الشامية لاحضار ارباب الاموال و----اليسار وكان من جملة من احضر والد القاضي وكان له مال جزيل ففوض اليه ------خطابة الجامع بمصر وفتح----- دار وكالة واقام بها مدة حتي مات فترقي ولده الي ان ولي القضاء---------- عدة مرار وكان له افضال ومكارم وحصلت له وجاهة ورتبة جليلة وضرب------ دنانير كثيرة كان اقترحها علي الخليفة الامر وهو الذي اخرج الفستق الملبس بالحلوي فانه بلغه ان ابا بكر محمد بن علي المادراءي----------------------- عمل الكعك الذي يقال له افطن له وعمل عوضا من حشو السكر-	503	-9080523936259337219	Kraken210528115855-ara1.mARkdown.ms073	false	-2016775785976534619	3	116	14	605	1551	300	الي تنيس -وقتل بها---- يوم الاثنين ثاني ربيع الاول وقدم---- من قيسارية الي مصر-- مع ابيه وهو صغير في ايام- امير الجيوش بدر الجمالي عند حضوره الي المستنصر ايام-- الشدة وبعثه الي البلاد الشامية لاحضار ارباب الاموال وذوي اليسار وكان م-------من احضر والد القاضي وكان له مال جزيل ففوض اليه امر الخطابة ب-------مصر وفتح بمصر دار وكالة واقام بها مدة حتي مات فترقي ولده حتي--- ولي القضاء وتردد فيه عدة مرار وكان له كرم مشهور وري------------------بة جليلة وضرب باسمه دنانير كثيرة كان اقترحها علي الخليفة الامر وهو الذي اخرج الفستق الملبس بالحلوي ل---------ان ابا بكر محمد بن علي الماذراني وزير الدولة ال اخشيدية عمل --كعكا وسما------ه افطن له وعمل عوضا من حشو السكر	73	-2682575050765891394	493	812.5	395	657	75.03805541992188	83	Shamela0000176-ara1.mARkdown	Kraken210528115855-ara1.mARkdown
Shamela0000176-ara1.mARkdown.ms504	true	8186443034874895474	77	167	377	855	1578	300	يعرف بابن الزعفراني فنم عليه عند الحافظ------------------------- بان احمد بن الافضل لما كان قد اعتقل الحافظ وجلس للهناء ودخل عليه الشعراء ---------------كان فيهم----------- علي بن عباد الاسكندري وانه انشد قصيدة يذم فيه- خلفاء --مصر ويذكر سوء اعتقادهم منها--------------------------------------------------- في ذم الحافظ -------هذا سليمانكم قد رد خاتمه واسترجع الملك من صخر بن ابليس فعندما قال------------- هذا البيت قام ابن م-------يسر والقي عرضيته طربا بهذا البيت فامر الحافظ------------------------------------- باحضار هذا الشاعر وقال --------------------------انشدني قصيدتك ف-------انش-دها الي ان بلغ فيها الي قوله ولا ترضوا عن الخمس المناحيس يعني الحافظ------ وابنيه واباه وجده فامر	504	-9080523936259337219	Kraken210528115855-ara1.mARkdown.ms073	false	-2016775785976534619	175	299	890	1546	1551	300	يعرف بابن الزعفراني فعاداه لذلك وطلع الي الخليفة ال الحافظ وذكره بان كتيفات لما ولي الوزارة و--اعتقل الحافظ وجلس للهناء ودخل----- الشعراء فهنوه بالوزارة كان في جملة من انشد علي بن عباد الاسكندري الشاعر ---قصيدة يذم فيها خلفاء المصريين و--سوء اعتقادهم ذما قبيحا امها تبسم الدهر لكن بعد تعبيس الي ان قال منها في ذم الحافظ البسيط هذا سليمانكم قد رد خاتمه واستوجع الملك من صخر بن ابليس ---لما وصل ابن عباد الي هذا البيت قام القاضي ابن ميسر والقي عرضيته طربا -هذا البيت فكان ذلك سببا لصرف ابن ميسر عن القضاء وققله وامر باحضار---- الشاعر فلما قام بين يدي الحافظ قال له انشدني قصيدتك فاخذ في انشادها حتي قال منها في بيت----- ولا ترضوا عن الخمس المناحيس يعني الحافظ واباه وابني------ه وجده فامر	73	-2682575050765891394	354	507.5	282	687	51.528385162353516	49	Shamela0000176-ara1.mARkdown	Kraken210528115855-ara1.mARkdown
Shamela0000176-ara1.mARkdown.ms504	true	8186443034874895474	167	280	855	1459	1578	300	الغلمان بلكمه فلكموه حتي مات بين يديه وقبض علي ابن ميسر ونفي ثم قتل وكان ينعت بجلال الملك -وكانت علامته-------- الحمد لله علي نعمه وفيها مات ابو البركات بن بشري الواعظ المعروف بابن الجوهري------- في جمادي الاولي عن احدي وتسعين سنة وفيها ولي قضاء القضاة احمد بن عبد الرحمن بن محمد بن ابي عقيل ونعت بقاضي القضاة الاعز -ابي المكارم وفيها ثار بناحية برقة رجل من بني سليم وادعي النبوة فاستجاب له خلق-- كثير واملي عليهم------- قرانا منه----------- انما الناس بالناس ولولا الناس لم يكن الناس والجميع -رب الناس ثم تلاشي امر---ه وانحل عنه الناس وفيها--- جلس الوزير رضوان في ذي القعدة لاستخدام المسلمين في المناصب التي كانت بايدي النصاري واستجد ديوان الجهاد	504	-9080523936259337219	Kraken210528115855-ara1.mARkdown.ms074	false	8679855110097399570	2	109	9	578	1637	300	الغلمان------ فلكم-- حتي مات بين يديه ------------------------------وكان ينعت بجلال الدولة وكانت علامة ابن ميسر الحمد لله علي نعمه ف-يها مات ابو البركات بن بشري-------------------- الجوهري الواعظ في جمادي الاولي عن احدي وتسعين سنة واستخدم في الحكم احمد----- بن عبد الرحمن بن احمد بن ابي عقيل ونعت بقاضي القضاة الاعزا ابي المكارم وفيها ثار بناحية برقة رجل من بني سليم -ادعي النبوة فاجتمع عليه اناس كثير وزعم انه ينزل عليه قران- منه ايها الناس انما الناس بالناس ولولا الناس لم تكن الناس والجميع برب الناس ثم انفض عنه جمعه وانحل امره وفي ذي القعدة جلس الوزير رضوان------------- لاستخدام المسلمين في المناصب التي كانت بايدي النصاري واستجد ديوان الجهاد	74	-2682575050765891394	451	756.5	364	648	69.59876251220703	71	Shamela0000176-ara1.mARkdown	Kraken210528115855-ara1.mARkdown
Shamela0000176-ara1.mARkdown.ms505	true	5287451752505593074	22	140	122	759	1661	300	واحضر جميع الدواوين وكتبها ورثبها ورتب------- الامور احسن تدبير وكان من جملة الضمان في اموال الدولة هبة الله بن عبد المحسن الشاعر فلما عرض حسابه وجد قد انكسر عليه مال في ضمانه فكتب له في المجلس --------------------انا شاعر وصناعتي الادب وضمان مثلي المال لا يجب انا مستميحكم وليس علي من جاء يطلب رفدكم طلب واذا----- الباقي علي فما من حاصل ورق ولا ذهب فسامحه فيما عليه من الباقي وفيها---- احضر من الصعيد الاعلي في رمضان جماعة تقدمهم رجل بجاوي يدعي فيه اصحابه انه اله فصلبوا------------------ سنة اثنتين وثلاثين وخمسماءة فيها افرج الوزير رضوان عن شمس الخلافة مختار الافضلي صاحب باب بهرام من الاعتقال- وولاه الاسكندرية فيها تشدد رضوا -علي الانصاري من اصحاب بهرام وصادره- وقتلهم بالسيف واباد اكثرهم	505	-9080523936259337219	Kraken210528115855-ara1.mARkdown.ms074	false	8679855110097399570	109	230	578	1235	1637	300	واحضر جميع الدواوين وكشفه-------ا ورتبها ودبر الامور احسن ندبير وكان من جملة الضمان في اموال الدولة هبة الله بن عبد المحسن الشاعر فلما عرض حسابه وجد قد انكسر عليه---- في ضمانه فكتب له في --مجلسه هذه الابيات الكامل انا شاعر وصناعتي الادب ض-مان مثلي المال لا يجب انا مستميحكم وليس علي من ما- يطلب وفدكم طلب واذا تاخر الباق ع-لي فما من حاصل ورق ولا ذهب فسامحه م-ما عليه من الباقي وفي رمضان احضر من الصعيد الاعلي--------- جماعة يقدمهم رجل بجاوي يدعي فيه اصحابه انه اله فصلبوا اصحابه وقطعت راسه سنة اثنتين وثلاثين وخمسماءة فيها اطلق الوزير رضوا---ن شمس الخلافة مختار الافضل- صاحب باب بهرام من --اعتقاله وولاه الاسكندرية فيها -شدد رضوان علي ال-نصاري ا---صحاب بهرام وصادرهم وقتلهم بالسيف واباد اكثرهم	74	-2682575050765891394	582	1019.5	473	694	83.8616714477539	88	Shamela0000176-ara1.mARkdown	Kraken210528115855-ara1.mARkdown
Shamela0000176-ara1.mARkdown.ms506	true	6167401799780875736	198	265	1008	1392	1576	300	وفيها احضرت من تنيس امراة بغير ثديين في موضع ثدييها مثل الحلمتين فصارت--------- الي مجلس الوزير رضوان واخبرته انها تصنع برجليها جميع ما يعمل باليدين---------------- من رقم وخط وغير ذلك فجاء لها في المجلس بدواة فتناولت برجلها اليسري الاقلام ق-----------------------لما قلما ثم تناول-------------ت السكين برجليها وبرت ق-------لما------------ واستدعت ورقة وامسكتها ب--رجلها اليمني وكتبت بالرجل اليسري رقعة باحسن خط تكتبه النساء وحمدت الله في اخرها----- وناولتها الوزير فاذا	506	-9080523936259337219	Kraken210528115855-ara1.mARkdown.ms074	false	8679855110097399570	230	299	1235	1635	1637	300	وفيها احضرت من تنيس امراة بغير يدين و---موضع اليدين مثل الحلمتين فاحضرها الوزير الي مجلسه------------ واخبرته انها ت---------------------عمل برجليها ما تعمله بيديها من رقم وخط وغير ذلك فامر لها---------- بدواة -تناولت-------------- الاقلام برجلها اليسري وتاملتها قلما قلما فلم ترض شيا منها فاخذت السكين-------- وبرت لنفسها قلما وشقته وقطته واستدعت ورقة فامسكتها بالرجل-- اليمني وكتبت بالرجل اليسري رقعة باحسن خط تكتبه النساء وحمدت الله في اخر الرقعة وناولتها الوزير فاذا	74	-2682575050765891394	278	404.5	225	471	59.023353576660156	41	Shamela0000176-ara1.mARkdown	Kraken210528115855-ara1.mARkdown
Shamela0000176-ara1.mARkdown.ms510	true	-838052639022029205	20	161	104	838	1592	300	الاعز قاضي القضاة ابو المكارم احمد بن عبد الرحمن بن ابي عقيل في شعبان فاقام منصب القضاء بغير قاض ثلاثة اشهر ثم اختير الفقي-------------ه ابو العباس احمد ابن الحطيءة في ذي القعدة فاشترط ا--لا يحكم---- بمذهب الدولة فلم ي-مكن من ذلك وكان الوزير رشوان قد تقدم ------الي الفقيه ابي عبد الله محمد بن عبد المولي بن عبد الله محمد بن عقبة اللخمي المعروف بابن اللبني المغربي المالكي ان يعقد الانكحة فلما كان في الحادي عشر من ذي القعدة قرر الحافظ في قضاء القضاة القاضي فخر الامناء ابا الفضاءل هبة الله بن عبد الله بن الحسين بن محمد الانصاري الاوسي المعروف بابن الازرق---- سنة اربع وثلاثين وخمسماءة فيها--------- عاد الافضل رضوان بن --ولخشي من صلخد في جمع فيه نحو الالف فارس وكان الناس في مدة غيبته يهتفون بعوده فبرزت له--- العساكر ودافعوه عند باب الفتوح فلم يطق مقابلتهم فمضي الي مصر------ ونزل	510	-9080523936259337219	Kraken210528115855-ara1.mARkdown.ms075	false	-8016878091892454809	105	208	562	1089	1590	300	الاعز قاضي القضاة ابو المكارم احمد بن عبد الرحمن بن ابي عقيل--------- فاقام ف-صب القضاء شاغرا--- ثلاثة اشهر ثم اختير في ذي القعدة الفقيه ابو العباس احمد بن- الحطيء-------------ة فاشترط ان لا يحكم الا بمذهب الدولة فلم يتمكن من ذلك ف--------------------تقدم رضوان الي الفقيه ابي عبد الله محمد بن عبد المول--------------------------------------------------------------------ي ان يعقد الانكحة ثم ولي ---------------------------------الحافظ--- قضاء القضاة للقاضي فخر الامناء------------ هبة الله بن --------------حسين --------الانصاري ----في الحادي عشر من ذي القعدة سنة اربع وثلاثين وخمسماءة في سلخ المحرم عاد الافضل رضوان بن الولخشي من صرخد في جمع كبير--------------------------------------------------- فبرزت له ال العساكر وحاربوه عند باب الفتوح----------------- فمضي الي سطح الجوف ونزل	75	-2682575050765891394	426	635.0	339	784	54.336734771728516	66	Shamela0000176-ara1.mARkdown	Kraken210528115855-ara1.mARkdown
Shamela0000176-ara1.mARkdown.ms510	true	-838052639022029205	236	300	1261	1592	1592	300	الي الصعيد فانفذ اليه الحافظ------------ الامير---- المفضل ابا الفتح نجم الدين سليم بن مصال في عسكر ومعه امان- فسار خلفه وما زال به حتي اخذه واحضره الي القصر اخر نهار الاثنين رابع ربيع الاخر فعفا عنه الحافظ ولم يءاخذ احدا من الاتراك الذين حضروا معه من الشام واعتقله عنده بالقصر قريبا من الدار التي فيها بهرام وفيها اضيف لقاضي القضاة هبة الله بن حسن-	510	-9080523936259337219	Kraken210528115855-ara1.mARkdown.ms075	false	-8016878091892454809	217	270	1133	1411	1590	300	الي الصعيد ف------سير الحافظ عسكرا يقدمه الامير سيف الدولة ابو الفضاءل ا------------بن مصال ودفع الي---ه امانا فسار اليه ولم يزل به حتي ------احضره الي القصر ف يوم--- الاثنين رابع ربيع الاخر فعفا---- الحافظ ع---------------ن الاتراك الذين حضروا معه--------- واعتقله هو-- بالقصر وفي سابع عشر جمادي الاخرة----------- اضيف لقاضي القضاة هبة الله بن حسن	75	-2682575050765891394	204	253.5	161	349	58.452720642089844	27	Shamela0000176-ara1.mARkdown	Kraken210528115855-ara1.mARkdown
Shamela0000176-ara1.mARkdown.ms511	true	658282100357445845	31	255	177	1404	1640	300	وقد تخرقت ثيابه وسقطت عمامته-------------------- فعظم علي الحافظ خروجه ف------ي الاسواق علي هذه الهيءة وغضب لذلك فصرفه--------- ورسم عليه وغرمه ماءتي دينار والزمه داره وامر بطلب ابي---- الطاهر اسماعيل بن سلامة الانصاري فخلع عليه وقرره مكانه ونعته -الموفق في الدين ولم يكتب له سجل-------- فاقام الي اخر ذي الحجة ولم يتناول علي القضاء معلوما وكان جاري الحكم في----------------- كل شهر اربعين دينارا وقنع بجاري التقدمة علي الدعاة وهو ثلاثون دينارا في الشهر وفيها ولي الحافظ لدين الله الامير المفضل نجم الدين ابو الفتح سليم بن مصال المالكي تدبير الامور سنة خمس وثلاثين وخمسماءة فيها هلك به--------------------------------رام الارمني بالقصر وكان الحافظ لما اقدمه من الصعيد الي عنده انزله في الق----------صر ولم يمكنه من التصرف وكان يشاوره في تدبير امور الدولة فيعجبه رايه وحزمه وعقله فلما مات في العشرين من ربيع الاخر حزن عليه حزنا كثيرا----- ظهر بسببه علي القص غمة وهم ان يغلق الدواوين و---لا يفتحها ثلاثة ايام واحضر بطرك الملكية -----وامره ان يجهز بهرام فقام بتجهيزه واخرج نصف النها----ر في تابوت وعليه ثوب ديباج احمر ومن حوله النصاري يبخرون باللبان والصبار وسن العود وجميع الناس----- مشاة فل----م يتاخر احد من اعيان الوقت عن جنازته وخرج الخليفة علة- بغلة شهباء وع------ليه عمامة خضراء وثوب اخضر بغير طيلسان فسار خلف التابوت وسار والناس تبكي والاقساء يعلنون بقراءتهم والخليفة ساءر ----------الي دير الخندق من ظاهر القاهرة فنزل الخليفة عن بغلته وجلس علي شفير القبر وبكي بكاء شديدا	511	-9080523936259337219	Kraken210528115855-ara1.mARkdown.ms076	false	6743429696211872504	0	200	0	1110	1682	300	وقد تخرقت ثيابه وسقطت عمامته فاعلم الحافظ بالخبر فعظم عليه------ خروج القاضي في الاسواق علي تلك الهيءة---------- فصرفه عن الحكم ورسم عليه وغرمه ماءتي دينار والزمه داره وولي عوضا عنه ابا الطاهر اسماعيل بن سلامة الانصاري---------------------- ونعته بالموفق في الدين في هذا اليوم بغير تقليد فاقام الي غرة المحرم سنة خمس وثلاثين وخمسماءة فوفر------ جاري الحكم وهو اربعون دينارا ف كل شهر وخدم-------------- بجاري التقدمة علي الدعاة وهو ثلاثون دينارا في الخدمتين فاجيب الي ذلك واستم-----------------------------------------------------------------------ر سنة نمس وثلاثين وخمسماءة في الرابع والعشرين من شهر ربيع الاخر مات بهرام الارمني بالقصر وكان الحافظ قد-------------------------- انزله عنده في دار بالقصر ولم يمكنه من التصرف وكان يشاوره في تدبي-----ر الدولة------------------------ فلما مات------------------------- حزن علي- حزنا كثيرا بحيث ظهر------ علي القصر كمده وامر بغلق الدواوين وان لا تفتح --ثلاثة ايام واحضر بطرك الملكية بمصر وامره------------------- بتجهيزه فاخرج عند صلاة الظهر في تابوت -عليه ال--ديباج و--------حوله النصاري يبخرون باللبان والسندروس و-العود و-خرج الناس كلهم مشاة بحيث لم يتاخر احد من اعيان الوقت عن جنازته وخرج الحافظ راكبا بغلة خلف التابوت وعليه عمامة خضراء وثوب اخضر بغير طيلسان فما- زال الناس ساءرين------------ والاقساء يعلنون بقراءة الانجيل والحافظ علي حالته الي دير الخندق ب--ظاهر القاهرة فنزل الحافظ- عن بغلته وجلس علي شفير القبر وبكي بكا- شديدا	76	-2682575050765891394	757	1082.5	609	1377	54.97458267211914	107	Shamela0000176-ara1.mARkdown	Kraken210528115855-ara1.mARkdown
Shamela0000176-ara1.mARkdown.ms512	true	5760917299576488627	11	114	68	640	1634	300	وفيها مات الفقيه ابو الفتح سلطان بن ابراهيم --------------------بن رشا المقدسي في اخر جمادي الاخرة سنة ست وثلاثين وخمسماءة في ليلة الثلاثاء الثاني عشر----- من ربيع الاول سقطت صاعقة احرقت ركن --منارة------ الجامع العتيق ------في شعبان غلت الاسعار وعدم القمح والشعير فبلغ القمح كل اردب الي تسعين درهما -------والدقيق الي ماءة وخمسين للحملة والخبز الي ثلاثة ارطال بدرهم والويبة من الشعير الي سبعة دراهم والزيت الطيب ال----ي سبعة دراهم للرطل والجبن الي درهمين للرطل والبيض ال-----ي عشرين درهما للماءة والزيت الحار الي در---هم ونصف للرطل والقلقاس كل رطلين بدرهم وعدم الفرخ والدجاج فلم--------- يقدر علي شء منه وعم-- الوباء وكثر الموتان وفيها مات	512	-9080523936259337219	Kraken210528115855-ara1.mARkdown.ms076	false	6743429696211872504	200	300	1110	1682	1682	300	وفيها مات الفقيه ابو الفتح سلطان بن ابراهيم بن المسلم المعروف بابن رشا المقدسي في اخر جمادي الاخرة سنة ست وثلاثين وخمسماءة في ليلة الثلاثاء لاثنتي عشرة خلت من ربيع الاول سقطت صاعقة احرقت ركن المنارة من من الجامع العتيق بمصر وفي شعبان غلت الاسعار وعدم القمح والشعير فبلغ القمح------------ تسعين درهما الاردب والدقيق ما----ءة وخمسين الحملة والخبز---- ثلاثة ارطال بدرهم والويبة--- الشعير---- سبعة دراهم والزيت الطيب الرطل بثلاثة دراهم والعجين كل رطل ب-درهمين------ والبيض كل ماءة بعشر-ة در-------اهم والزيت الحار الرطل بدرهم ونصف------ والقلقاس كل رطل-- بدرهم -----------والدجاج والفراريج لا يقدر علي شء منها وكثر الوباء و----الموت--- فيها مات-	76	-2682575050765891394	457	719.0	376	641	71.29485321044922	67	Shamela0000176-ara1.mARkdown	Kraken210528115855-ara1.mARkdown
Shamela0000176-ara1.mARkdown.ms512	true	5760917299576488627	114	300	640	1634	1634	300	احمد بن مفرج بن احمد بن ابي الخليل الصقلي الشاعر المعروف بتلميذ ابن سابق وكان فاضلا ذكيا يتصرف في عدة فنون---- وله رساءل حسنة--------- وشعر جيد و---------كان الشعراء في ايام الحافظ قد اطنبوا في المديح وتناهوا في اطالة القصاءد حتي صار الانشاد يءدي الي قصر الوقت الذي جرت العادة باستماع اشعارهم فيه لطول مثولهم- بالخدمة فخرج الامر اليهم بالاختصار فيما ينشدونه من الاشعار فقال احمد بن مفرج يخاطب الخليفة --------------امرتنا ان نصوغ المدح مختصرا لم لا امرت ندي كفيك يختصر والله لا بد ان تجري سوابقنا حتي يبين لنا في مدحك الاثر فامروا بالاستمرار علي ما هم عليه من الاطالة في الانشاد سنة سبع وثلاثين وخمسماءة فيها عظم الوباء بديار مصر فهلك فيه عالم لا يحصي عدده كثرة وفيها بعث الحافظ الامير النجيب رسولا الي رجار ملك صقلية ل----محاربته اهل صقلية وكان رجار فيه فضيلة وامر فصنفت له تصانيف وكان عنده محبة للادب ومدحه ------ابن قلاقس الشاعر وغيره ----------------------------سنة ثمان وثلاثين وخمسماءة فيها خرج محمد بن رافع اللواتي بنواحي البحيرة فاجتمع له عدد كثير- من ال--ناس فخرج اليه- طلاءع بن رزيك وهو يومءذ والي البحيرة فكانت بينهما حروب قتل فيها وف-------------يها غلت الاسعار بمصر سنة تسع-	512	-9080523936259337219	Kraken210528115855-ara1.mARkdown.ms077	false	-6805965306771067713	0	186	0	1003	1657	300	احمد بن مفرج بن احمد بن ابي الخليل الصقلي الشاعر المعروف بتلميذ ابن سابق -كان فاضلا ذكيا يتصرف في---- فنون شتي وله رساءل في غاية الحسن وشعر فاءق فمنه وقد كان الشعراء في ايام الحافظ قد اطنبوا في المديح وتناهوا في------ القصاءد حتي صار الانشاد يءدي الي قصر الوقت الذي جرت العادة باستماع اشعارهم---- لطول متوليهم بالخدمة فامروا لذلك -----بالاختصار فيما ينشدونه من الاشعار فقال احمد بن مفرج يخاطب الخليفة الحافظ البسيط امرتنا ان نصوغ المدح مختصرا لم لا امرت ندي كفيك يختصر والله لا-بد ان تجري سوابقنا حتي يبين لها في مدحك الاثر فامروا بما كانوا----------- عليه اولا -----------------سنة سبع وثلاثين وخمسماءة فيها عظم الوباء بديار مصر فهلك فيه عالم لا يحصي وف----------يها بعث الحافظ الامير النجيب رسولا لر---جار ملك صقلية بسبب محاربته اهل صقلية وكان رجار يحب مديح الشعراء ويجيزهم فذهب اليه جملة من الشعراء- ومدحوه منهم ابن قلاقس وامر ان يصنف له تاريخ فصنف له تاريخ كبير سنة ثمان وثلاثين وخمسماءة فيها خرج محمد بن رافع اللواتي ب------البحيرة ف-----ي طاءفة كبيرة من العربان فسار اليهم طلاءع بن رزيك---------- والي البحيرة وحاربهم فكسرهم وقتل اميرهم محمد بن رافع وفيها غلت الاسعار بمصر سنة تسع	77	-2682575050765891394	774	1277.5	626	1087	71.20515441894531	126	Shamela0000176-ara1.mARkdown	Kraken210528115855-ara1.mARkdown
Shamela0000176-ara1.mARkdown.ms513	true	5205437255184789214	0	121	0	707	1660	300	وثلاثين وخمسماءة فيها سير الحافظ الرشيد ابا الحسين احمد بن الزبير رسولا الي اليمن بسجل يقرءه عليهم فخرج في ربيع الاول وفيها خرج ابو الحسين ابن المستنصر الي الامي-----------ر خمارتاش الحافظي صاحب الباب---------- وقال له اجعلني خليفة وانا اوليك الوزارة فطالع الحافظ بذلك فامر القبض عليه فقبض واعتقل- وفيها قدم في جمادي الاخرة---- من دمشق الام--------ير مءيد الدولة اسامة بن منقذ واخوته واهله ومعهم نظام الدين ابو الكرام محسن وزير صاحب دمشق معاضدين له فاكرم مثواهم وانزلوا وافيضت عليهم العطايا وتواترت الانعامات سنة اربعين وخمسماءة فيها اعيد نظر الدواوين والاتراك والخزاءن الي القاضي الموفق ابي الكرم محمد بن معصوم التنيسي في جمادي الاولي سنة احدي واربعين وخمسماءة فيها خرج علي الحافظ امير من المماليك يعرف ببخت-ار يطلب- الوزارة بارض الصعيد فندب	513	-9080523936259337219	Kraken210528115855-ara1.mARkdown.ms077	false	-6805965306771067713	186	300	1003	1657	1657	300	وثلاثين وخمسماءة فيها سير الحافظ الرشيد ابا الحسين احمد بن الزبير رسولا الي اليمن بسجل يقراه عليهم فسار في ربيع الاول -فيها خرج ابو الحسين بن- المستنصر الي الامير ابي المظفر خمارتاش ص--------احب الباب الحافظي ل وقال له اجعلني خليفة وانا اوليك الوزارة فاعلم الحافظ بذلك ف------قبض عليه----- واعتقله و---------في جمادي الاخرة قدم من دمشق الي مصر الامير مءيد الدولة اسامة بن منقذ واخوته واولادهم و--نظام الدين ابو الكرام محسن وزير صاحب دمشق مغاضبين لصاحب دمشق س----------------------------------------------------نة اربعين وخمسماءة فيها اعيد نظر الدواوين والاتراك والخزاءن ل----لقاضي الموفق الي الكرم محمد بن معصوم التنيسي في جمادي الاولي سنة احدي واربعين وخمسماءة فيها خرج علي الحافظ امير من المماليك يعرف ببختيار طالبا للوزارة بارض الصعيد فندب-	77	-2682575050765891394	583	1020.5	480	743	78.46568298339844	85	Shamela0000176-ara1.mARkdown	Kraken210528115855-ara1.mARkdown
Shamela0000176-ara1.mARkdown.ms513	true	5205437255184789214	121	247	707	1384	1660	300	اليه عسكرا عليه سلمان مء---نس اللواتي فمضي اليه وحاربه فانهزم وهو من وراءه حتي ادركه واخذه اسيرا وقتله وفيها--------------------------- قدم صافي------- الخادم احد خدام المتقي من بغداد فارا في ثالث عشري جمادي الاولي خوفا فاكرمه الحافظ وفيها منع م-------ن التعرض لصرف شء من المال الحاضر من الاعمال في جراءد المستخدمين وان يكون ما نس-ب منها علي البواقي والفاضل في هذه السنة وفيها ملك نور الدين محمود بن عماد الدين زنكي بن اقسنقر حلب بعد ابيه وفيها ملك رجار بن رجار ملك صقلية مدينة طرابلس الغرب وولي عليها رجلا من بني مطروح سنة اثنتين واربعين وخمسماءة فيها صرف ابو الكرم التنيسي في ربيع الاخر واعيد نظر الدواوين للقاضي المرتضي ----------------------------------------------الم-----------------------حنك وفيها سير الحفاظ لظهير الدين صاحب دمشق هدايا وخلعا وتحفا وفيها----------------------------------- خرج رضوان من ث-------قب نقبه بالقصر	513	-9080523936259337219	Kraken210528115855-ara1.mARkdown.ms078	false	-1607019563832313630	0	111	0	610	1663	300	اليه عسكرا عليه سلمان بن يونس اللواتي فمضي اليه وحاربه فانهزم فاتبع------ه حتي -------اخذه اسير- وقتله وصلبه ولسبع بقين من جمادي الاخرة قدم الي مصر صاف الخادم احد خدام المتقي من بغداد فار-------------------------------ا فاكرمه الحافظ وفيها منع الحافظ من التعرض لصرف شء من المال الحاضر من الاعمال في جواري المستخدمين وان يكون ما يسيب منها علي البواق- والفاضل في هذه السنة----------------------------------------------------------------------------------------------------------------------------------------------------- سنة اثنتين واربعين وخمسماءة--------------------------- في ربيع الاخر -اعيد نظر الدواوين للقاضي المرتضي ابي عبد الله محمد بن الحسين الطرابلسي العروف بالمحنك وصرف ابو الكرم التنيسي وفيها بعث الحافظ لظهير الدين صاحب دمشق هدايا وخلعا وتحفا وفي ليلة الثلاثاء لسبع بقين من ذي القعدة خرج رضوان الوزير من نقب نقبه بالقصر	78	-2682575050765891394	420	691.0	339	833	50.420169830322266	64	Shamela0000176-ara1.mARkdown	Kraken210528115855-ara1.mARkdown
Shamela0000176-ara1.mARkdown.ms514	true	7678437573104353620	215	279	1099	1461	1571	300	وسار الي القاهرة فخرج اليه عسكر الحافظ وتحاربوا معه عند جامع ابن طولون ف--هزمهم وسار في- اثرهم الي القاهرة فدخلها في الرابعة من نهار الجمعة سادس عشريه ونزل بالجامع الاقمر فغلق الحافظ ابواب القصر وامتنع به فاحضر رضوان----- ارباب ----------------الدولة والدواوين وامر ديوان الجيش بعرض الاجناد واخذ اموالا كانت خارجة من القصر وانفق -------في طواءف العسكر وارسل الي الحافظ يطلب منه مالا------- فسير اليه	514	-9080523936259337219	Kraken210528115855-ara1.mARkdown.ms078	false	-1607019563832313630	134	193	735	1068	1663	300	وسار الي القاهرة فخرج اليه عسكر الحافظ -فحاربهم---- عند جامع ابن طولون فانهزموا منه ودخل اثرهم الي القاهرة-------------------------------------------- ونزل بالجامع الاقمر فغلق الحافظ ابواب القصر في وجه--ه فاحضر رضوان جميع ارباب الدواوين وارباب الدولة---------- وامر ديوان الجيش بعرض الجن--د واخذ اموالا كانت خارجة عن القصر في الدواوين وفي طواءف العسكر وقيل انه سير---- يطلب من الحافظ المال فسير اليه	78	-2682575050765891394	251	378.0	203	400	62.75	37	Shamela0000176-ara1.mARkdown	Kraken210528115855-ara1.mARkdown
Shamela0000176-ara1.mARkdown.ms515	true	2931992593853964162	108	164	583	884	1585	300	الحافظ فسكنت الفتنة وهدات الغوغاء ثم ان الحافظ بعث بالراس الي امراة رضوان فلما وضعت في حجرها قالت هكذا يكون الرجال وكان رضوان سنيا حسن الاعتقاد شجاعا مقداما قوي الغلب شديد الباس------------ ولد ليلة عيد الغدير من ذي الحجة سنة سبع وثمانين واربعماءة وترقي في الخدم الي ان ولي قوص واخميم في سنة ثمان وعشرين وخمسماءة	515	-9080523936259337219	Kraken210528115855-ara1.mARkdown.ms078	false	-1607019563832313630	228	274	1267	1520	1663	300	الحافظ فسكنت الفتنة وبعث--------------- الحافظ راس -رضوان الي زوجته------ فلما وضعت في حجرها قالت هكذا تكون الرجال وكان رضوان سنيا حسن الاعتقاد شجاعا----------------- شديد الباس ثابت الجنان ولد ليلة ------غدير خم ------من سنة تسع وثمانين واربعماءة واول ولاية وليها--------- قوص واخميم في سنة ثمان وعشرين وخمسماءة	78	-2682575050765891394	205	318.0	163	313	65.49520874023438	31	Shamela0000176-ara1.mARkdown	Kraken210528115855-ara1.mARkdown
Shamela0000176-ara1.mARkdown.ms516	true	-3210550808225922814	75	300	410	1682	1682	300	صناعة الترسل عن ثقة الملك ابي العلاء صاعد بن مفرج وتنقل حتي صار صاحب ديوان الجيش ثم انتقل معه الي ديوان الانشاء ومات الشريف سناء الملك ابو محمد الزيدي الحسين-------ي ثم تفرد بالديوان فصار فيه بمفرده وله الانشاء البديع والشعر الراءع وال---------------------------------------------------------------تصانيف المفيدة في -------التاريخ وال---------ادب سنة ثلاث واربعين وخمسماءة فيها توجه العسكر في ثالث صف------------ر لقتال لواتة وقد تجمعوا وعقدوا الامر لرجل قدم من المغرب وادعي انه ولد نزار بن المستنصر فسار اليهم العسكر وواقعهم علي الحمامات وانهزم منهم العسكر فجهز الحافظ -----------عسكرا اخر-- ودس الي مقدمي لواتة مالا جزيلا ووعدهم بالاقطاعات فغدروا بابن نزار------------- وقتلوه-------- وبعثوا براسه الي الحافظ ورجع------------ت العساكر ف-----ي ربيع الاول وفيها--------------- صرف القاضي المكين الموفق في الدين ابو الطاهر اسماعيل بن سلامة الانصاري عن القضاء لسبع خلون من المحرم واستقر علي الدعوة الموفق الامير كمال الدين واستخدم في وظيفة القضاء وكان كريم الاخلاق حليما عليه سكينة ووقار مليح الشيبة ظريف الهيءة وفيها توفي ابو الفضاءل يونس بن محمد بن الحسن المقدسي القرشي المعروف بجوامرد خطيب القدس وف--------------------------------------------------------------------يها بلغ----------- النيل تسعة عشر ذراعا واربعة اصابع ففاض الماء حتي بلغ الي الباب الجديد اول الشارع------- خارج باب زويلة فكان الناس يتوجهون------------ من مصر الي القاهرة علي ناحية المقابر لامتلاء الطريق بالمياه فلما بلغ الحافظ ذلك-------------------------- اظهر له الحزن والانقطاع فسال----ه بعض خواص------ه عن ذلك------ فاخرج له كتابا وقال انظر هذا السطر------------ فاذا فيه اذا وصل الماء الباب الجديد انتقل الامام عبد-	516	-9080523936259337219	Kraken210528115855-ara1.mARkdown.ms079	false	8978388687721687325	1	231	4	1261	1659	300	صناعة الترسل عن ثقة الملك ابي العلاء صاعد بن مفرج-------------- صاحب ديوان الجيش ثم انتقل منه الي ديوان الانشاء وبه- الشريف سناء الملك ابو محمد -------الحسيني الزيدي ثم تفرد بالديوان فصار فيه بمفرده وكان ابوه صيرفيا وجده كاتبا ومولده بمصر يوم السبت لثمان بقين من شعبان سنة ثلاث وستين واربعماءة وله تصانيف ع----دة في الادب والتاريخ والترسل وله شعر سنة ثلاث واربعين وخمسماءة ف-----------------ي ثالث صفر توجه العسكر لقتال لواتة وكان قد قام فيهم --------رجل قدم من ال-غرب -ادعي انه ابن نزار فكانت بينهم وقعة علي--------------------- الحمامات -انهزم فيه--ا عسكر----- الحافظ فسير اليهم عسكرا ثانيا ودس الي مقدمي لواتة مالا جزيلا ---------ليق--------تلوا -ابن نزار فقبلوا المال وقتلوا المذكور وبعثوا براسه الي الحافظ وذلك في صفر وعادت العساكر في ثاني ربيع الاول ولسبع خلون من المحرم صرف عن قضاء القضاة اب---------------و الطاهر اسماعيل بن سلامة الانصاري ------------------------------واستقر علي الدعوة فقط ---------------------واستخدم في------ القضاء اب----------------------------------------------------------------------------و الفضاءل يونس بن محمد بن الحسن-------- القرشي--------------------- القدسي في رجب قطعت ايدي بني الانصاري وصلبوا علي بابي زويلة الكبير والصغير وفيها بلغت زيادة ماء النيل تسعة عشر ذراعا واربعة اصابع وبلغ الماء-------------الباب الجديد اول الشارع الاعظم خارج القاهر--ة فكان الناس يتوجهون الي القاهرة من مصر من------------- ناحية المقابر ------------------------لما بلغ الحافظ ان الماء وصل الي الباب الجديد اظهر الحو---ن والانقطاع فدخل عليه بعض خواصه وساله عن هذا السبب فاخرج له كتابا وقال انظر هذا السطر فقراه الرجل فاذا فيه اذا وصل الماء الباب الجديد انتقل الامام عبد	79	-2682575050765891394	801	1113.0	646	1589	50.409061431884766	114	Shamela0000176-ara1.mARkdown	Kraken210528115855-ara1.mARkdown
Shamela0000176-ara1.mARkdown.ms517	true	-1317722993981052474	224	273	1168	1456	1602	300	سنة اربع واربعين وخمسماءة فيها وقع الاختلاف بين الطاءفة الجيوشية والطاءف----------ة الريحانية فكانت بينهما حروب شديدة قتل فيها عدة من الفريق-ين وامتنع الناس من المضي الي القاهرة ومن الذهاب الي مصر وابتدات الحرب بينهم في يوم الخميس ثامن عشر جمادي الاولي وتوالت في يوم السبت رابع جمادي الاخرة فانهزمت	517	-9080523936259337219	Kraken210528115855-ara1.mARkdown.ms079	false	8978388687721687325	253	300	1376	1659	1659	300	سنة اربع واربعين وخمسماءة فيها وقع الاختلاف بين الطاءفة الجيوشية والطاءفة السودانية الريحانية فكانت بينهما حروب شديدة قتل فيها عدة من الطاءفتين وامتنع الناس من المضي ل----لقاهرة والطلوع ---الي مصر وكان التقاءهم اولا يو----م الخميس ثامن عشر جمادي الاولي ----ثم في يوم السبت رابع جمادي الاخرة فانهزمت-	79	-2682575050765891394	240	427.0	198	299	80.2675552368164	37	Shamela0000176-ara1.mARkdown	Kraken210528115855-ara1.mARkdown
Shamela0000176-ara1.mARkdown.ms518	true	4951465849724983688	18	180	92	967	1607	300	خلافته من يوم بويع بعد احمد بن الافضل ثماني عشرة سنة واربعة اشهر وتسعة عشر يوما واصابته في ولايت-ه شداءد واعتقل ثم لما اعيد تحكم عليه الوزراء---------- حتي قبض علي رضوان فل----------------م يستوزر بعده احدا وانما اقام كتابا علي سنة الوزراء ارباب العماءم ولم يسم احدا منه وزيرا وهم ابو عبد الله محمد بن الانصاري وخلع عليه بالحنك والدواة فتصرف تصرف وزراء الاقلام وصعد المنبر مع الخليفة في الاعياد والجمع والقاضي الموفق محمد بن معصوم التنيسي وصنيعة الخلافة ابو الكرم الاخرم النصراني وكان الحافظ حازم الراي جماعا للاموال كثير المداراة سيوسا عارفا ولم يكن--------------------------- احد ممن ولي قبله-- ابوه---------- غيره خليفة سواه وكان يميل الي علم النجوم وكان له من المنجمين سبعة منهم المحقوف وابن الملاح وابو محمد بن القلعي وابن موسي النصراني وفي ايامه عملت الطبلة التي ----------------------------------كانت اذا ضرب ب--ها من به قولنج خرج- عنه الريح وما زالت بالقصر الي ان كسرت في ايام السلطان صلاح الدين يوسف بن ايوب وترك من الاولاد ابا الامانة جبريل ويوسف وابا المنصور اسماعيل	518	-9080523936259337219	Kraken210528115855-ara1.mARkdown.ms080	false	-2233414193001164212	34	168	198	911	1632	300	خلافته من يوم بيعته عند ققل كتيفات--- ثماني عشرة سنة واربعة اشهر وتسعة عشر يوما ولاقي في اول ايامه شداءد و-------------------حكم عليه فما زال يسوس امره حتي مسك---- رضوان الوزير واعتقل ه ولم يستوزر بعده احدا بل كانوا-- كتابا علي سنة الوزراء ارباب العماءم كاني-------------------------- عبد الله محمد بن الانصاري------------------------------------------------------------------------------------------- والقاضي الموفق-------------- التنيسي وصنيعة الخلافة ابي الكرم الاخرم النصراني وكان------- حازم الراي جامعا للاموال لا يحب ان يكون له وزير لما جري عليه من وزراءه ولم يل الخلافة احد من اهل بيته من ابوه غير خليفة غيره ثم العاضيد وكان عنده سبعة من ------------------المنجمين----- منهم المحقوق وابن الملاح واب--------ن القلعي وابن موسي النصراني وفي ايامه عملت الطبلة التي كسيرت في ايام السلطان صلاح الدين وكانت اذا ضرب عليها من به قولفج تنفس عنه الريح-------------------------------------------------------------------- وترك من الاولاد ابا الامانة جبريل ويوسف وابا المنصور اسماعيل	80	-2682575050765891394	486	726.5	390	978	49.69325256347656	73	Shamela0000176-ara1.mARkdown	Kraken210528115855-ara1.mARkdown
Shamela0000176-ara1.mARkdown.ms524	true	-3550271866704192068	90	133	457	684	1550	300	المظفر وقدم ا--------بن السلار -الي------------------------------- القاهرة في يوم الاربعاء خامس عشر شعبان ف--------وقف علي الق----صر وسير الي الظافر والي من يدبره من النساء ي-علم بحاله فجرت-- بينه وبين اهل القصر مراجعات كثيرة اخرها انه- فتح له ابواب القصر وخلع عليه خلع الوزارة ونعت	524	-9080523936259337219	Kraken210528115855-ara1.mARkdown.ms080	false	-2233414193001164212	222	274	1221	1500	1632	300	المظفر ابو الحسن علي بن السلار والي الاسكندرية وعاجله الي مصر فدخل القاهرة في يوم الاربعاء سابع---- شعبان المذكور ووقف علي باب القصر وسير الي الظافر والي من يدبره من النساء فاعلم بحاله وكانته بينه وبين اهل القصر مراجعات كثيرة الت الي ان فتح له ابواب القصر وخلع عليه خلع الوزارة ولقب	80	-2682575050765891394	195	310.5	155	283	68.90459442138672	31	Shamela0000176-ara1.mARkdown	Kraken210528115855-ara1.mARkdown
Shamela0000176-ara1.mARkdown.ms525	true	-2000505383954095387	23	111	113	547	1563	300	عشر الفا فعاد عباس وقد قوي ومعه -----------راس ابن مصال الي القاهرة فطيف بها علي قناة القاهرة ومصر يوم الخميس ثالث عشري ذي القعدة وحمل اهله وولده الي القصر واخليت لهم قاعة وخلع علي ابن السلار وك-------------ان ابن مصال من اهل برقة وخدم-- اولا في البيدرة والصيد هو وابو--------ه فتقدم في الخدم- حتي نال الوزارة واتفق انه مر- في وزارته مرة فقالت له امراة كانت تعرفه في حال فقر---------ه سليم ووزرت فقال لها نعم -قالت--- والله ما وزرت وبقي احد فضحك وامر لها بصلة وكان----------------------------- العادل ابن السلام	525	-9080523936259337219	Kraken210528115855-ara1.mARkdown.ms081	false	-3660333319200155783	107	188	534	933	1560	300	عشر شوال وعاد عباس بمن معه الي ابن السلار براس ابن مصال------------ فطيف بها ------في القاهرة ومصر------------------------------------------------------------------------- وخلع علي ابن السلار في ذلك اليوم وكان ابن مصال من---- برقة وتعاطي اولا--- البيزرة والصيد هو وابوه من قبله فتقدم في الدولة حتي نال الوزارة فاتفق ان راته في وزارت-------------ه امراة كانت تعرفه في حال فقره فقالت له سليم و-زرت فقال لها نعم فقالت له والله ما وزرت وبقي احد فضحك وامر لها بصلة وفي السادس والعشرين من رمضان اغلق العادل -بن السلار	81	-2682575050765891394	285	409.0	221	512	55.6640625	44	Shamela0000176-ara1.mARkdown	Kraken210528115855-ara1.mARkdown
Shamela0000176-ara1.mARkdown.ms526	true	-7434638965802707460	139	296	737	1522	1543	300	منشور- باقطاع وجاء به الي ابن معصوم ليثبته فلما راه تغافل عنه واهمل امره اهانة له وكراهة فيه فقال له ابن السلار وقد تكرر سءاله وهو يعرض عنه ما تسمع فقال له الموفق كلامك ما يدخل في اذني اصلا فولي ابن السلار------- وخرج من غير ان يكتب له وصرف الدهر ضرباته وصار ابن السلار وزيرا وابن معصوم ناظر الدواوين فلما دخل عليه قال له يا قاضي---------------- ما اظن كلامي يدخل--- اذنك فتلجلج وقال---------- عفو السلطان فقال قد استعملت العفو ب--خروجي من عندك واشار لبعض خدمه فاحضر مسمارا--- حديدا عظيم الخلقة وقال والله هذا اعددته لك من ذلك الوقت وامر به فجر وضرب المسمار في اذنه حتي نفذ من الاخري و--------حمل الي باب زويلة الاوسط ودق المسمار في خشبة وعلق عليها ميتا ثم انزل بعد ايام وفيها---------- رمي براس سعيد السعداء الخادم من القصر في سابع عشر شعبان ثم اخرج وصلب بباب زويلة من ناحية الخرق وهو هذا الذي تنسب اليه د----ويرة سعيد السعداء التي هي اليوم خانقاه	526	-9080523936259337219	Kraken210528115855-ara1.mARkdown.ms082	false	5784754372342525364	3	138	16	692	1569	300	منشورا باقطاع فدخل به الي الموفق ف------------------تغافل عنه واهمل امر--------------------ه فقال له ابن السلار---------------------------- ما تسمع فقال له الموفق كلامك ما يذخل ف- اذني اصلا فاخذ ابن السلار منشوره وخرج وضرب------------------ الدهر ضرباته وصار ابن السلار ملكا ف------------------------------دخل عليه الموفق بن التنيسي وسلم فقال له ما اظن كلامي يدخل في اذنك فتلجلج الموفق وقال له عفو السلطان فقال قد استعملت العفو من خروجي من عندك واشار -بعض خدمه فاحضر مس-ارا من حديد- عظيم الخلقة فقال والله هذا اعددته لك من ذلك الوقت وامر به فجر وضرب المسمار في اذنه حتي نفذ من الاخري فامر به فحمل الي باب زويلة الاوسط ودق المسمار في خشبة وعلق عليها ميتا ثم اتزل بعد ذلك في سابع عشر شوال رمي براس سعيد السعداء م-------ن القصر-------------------------- وصلب بباب زويلة من ناحية الخرق و-----------------اليه نسب ذويرة سعيد السعداء و----هي الان- خانقاه	82	-2682575050765891394	552	867.5	435	849	65.01766967773438	93	Shamela0000176-ara1.mARkdown	Kraken210528115855-ara1.mARkdown
Shamela0000176-ara1.mARkdown.ms527	true	-2892788465714712009	0	165	0	900	1622	300	قتل تاج الرءاسة ابن المامون البطاءحي في رابع عشر صفر وفيها مات ابو الحسن علي بن الحسن البيساني والد القاضي الفاضل عبد الرحيم ابن علي وكان قاضي بيس-ان والناظر فيها ومولده في ثاني عشر جمادي الاخرة سنة احدي وخمسماءة ومولد ابيه الحسن يوم عيد الغدير من ذي الحجة سنة ستين واربعم---------------------------------------------اءة سنة خمس واربعين وخمسماءة فيها ا-غار جمع كثير من الفرنج علي الفرما ونهبوها وحرقوها واخربوها في رجب سن------ة ست واربعين وخمسماءة فيها جهز ابو منصور علي بن اسحاق المعروف بالعادل ابن السلار المراكب الحربية بالرجال والعدد وسيرها في ربيع الاول الي يافا فاسرت عدة من مراكب الفر-نج واحرقوا ما عجزوا عن اخذه وقتلوا خلقا كثيرا من الفرنج بها ثم توجهوا الي ثغر عكا فان-كوا فيهم وساروا منه الي صيدا وبيروت وطرابلس فابلوا بلاء حسنا وظفروا بجماعة من حجاج الفر-نج فقتلوهم عن اخرهم وبلغ ذلك الملك العادل نور الدين محمود بن زنكي ملك الشام فعزم علي قصد الفرنج ومحارب--------تهم في البر ولو قدر ذلك لقطع الله دابر الفرنج لكنه اشتغل باصلاح امور دمشق وعاد------------- الاسطول	527	-9080523936259337219	Kraken210528115855-ara1.mARkdown.ms082	false	5784754372342525364	142	296	709	1552	1569	300	قتل تاج الرءاسة ب-ن المامون------------------------- وفيها مات ابو الحسن علي بن الحسن البيساني والد القاضي الفاضل بمصر-------------- وكان قاضي عسقلان والناظر فيها ومولده ثامن ---عشر جمادي الاخرة سنة احدي وخمسماءة و-ولد ابوه الحسن يوم ------غدير م سن----------ة ستين واربعماءة ومات مستهل ربيع الاخر سنة احدي عشرة وخمسماءة سنة خمس واربعين وخمسماءة في رجب غار جمع كبير من الفرنج علي الفرما وا-------حرقوها واخربوها ونهبوا اهلها سنة ست واربعين وخمسماءة فيها جهز العادل ب---------------------------------ن السلار المراكب الحربية بالرجال والعدة فسارت -في ربيع الاول الي يافا فاسرت عدة من مراكي الافرنج واحرقت ما--عجزوا عن اخذه وقتلوا خلقا كثيرا من اهل ياف--ا ثم قصدوا----- ثغر عكا وافتكوا فيه- وساروا منه الي صيدا وبيروت وطرابلس فابلوا بلاء حسنا وظفروا بجماعة من حجاج الافرنج فقتلوهم عن اخرهم وبلغ ذلك------------- نور الدين محمود بن زنكي ملك الشام فهم ب----قصد الفرنج في البر ليكون وهو في البر والاسطول المصري في البحر فعاقه عن ذلك الش-غل باصلاح----- دمشق ولو اتفق مسيره مع الاسطول	82	-2682575050765891394	651	1078.5	527	977	66.6325454711914	98	Shamela0000176-ara1.mARkdown	Kraken210528115855-ara1.mARkdown
Shamela0000176-ara1.mARkdown.ms527	true	-2892788465714712009	171	283	930	1540	1622	300	ثل-ثماءة الف دينار و----سبب مسير الاسطول تخريب الفرنج ل---------لفرما وفيها قطع العادل بن السلار جميع الكسوات المقررة للناس في الدولة فعم ذلك الامراء والدواوين وغيرهم سنة سبع واربعين وخمسماءة فيها صرف ا------بن السلار اب----------ا الفضاءل يونس عن القضاء وكان من الاعيان النزهين الانفس الكبيرين الهمم العظيمين القدر لم يشرب قط ماء النيل بل ماء الابار ولم ياكل خبز السلطان وقرر عبد المحسن بن محمد -بن مكرم من بعده ثم صرفه وولي بعده بد----------ر بن ثمال بن نصير وقيل بل الذي تولي بعده ابو المعالي محمد بن جميع ابن نجا الدسوق-ي الشافعي سنة ثمان واربعين وخمسماءة فيها خرج ال-------------------------------------------------------------------------------------------------------عسكر من القاهرة لحفظ ثغر عسقلان من الفرنج وكانوا----- قد نزلوا علي---------ها في الس-نة الخالية	527	-9080523936259337219	Kraken210528115855-ara1.mARkdown.ms083	false	-3930988245456336287	11	119	58	631	1570	300	ثلاثماءة الف دينار وكان سبب جهيزه ما فعل-----ه الفرنج في مدينة الفرما وفيها قطعت جم----------------يع الكسوات عن ا-----لناس من الاه---------------راء والدواوين وغيرهم سنة سبع واربعين وخمسماءة فيها صرف العادل بن السلار عن القضاء ابا الفضاءل يونس واستخدم---------------------------------------------------------------------------------------------------------------------------- عبد المحسن بن محمد ابن مكرم-------- ثم ------ولي بعده ابا النجم بذر بن ثمال بن نصير وقيل بل الذي -ولي اب-----و المعالي مجلي بن جميع -بن نجا الارسوفي الشافعي سنة ثمان واربعين وخمسماءة في سادس المحرم قتل ابو الحسن علي بن السلار سلطان مصر قتله ربيبه عباس وذلك ان العادة كانت جارية كل ستة اشهر بتجريد عسكر مصر------- لحفظ---- عسقلان من الفرنج وكان الفرنج قد نزلوا عليها وحاصروها في السبنة الماضية	83	-2682575050765891394	356	476.5	285	770	46.2337646484375	47	Shamela0000176-ara1.mARkdown	Kraken210528115855-ara1.mARkdown
Shamela0000176-ara1.mARkdown.ms530	true	1669807639530540907	228	285	1201	1489	1555	300	في ليلة الخميس سلخ المحرم------------------ ومعه خادمان وسار علي عودته الي دار نصر بن عباس فقتله نص----------------------------------------------------------------------------------------------------------------ر وحفر له تحت لوح رخام ودفنه وقتل سعد الدولة احد الخادمين اللذين خرجا معه من القصر وفر الاخر وكان سبب قتله ان الامراء استوحشوا من اسامة بن منقذ عندما علموا انه هو الذي حسن لعباس ----قتل ابن السلار وتحدثوا بقتله	530	-9080523936259337219	Kraken210528115855-ara1.mARkdown.ms084	false	-3337664229165312705	83	150	450	797	1561	300	في ليلة الخميس سلخ --محرم خرج الظافر متنكرا ومعه خادمان--------------- الي دار نصر بن عباس وهي الدار المعروفه بدار جبر بن القاسم ثم عرفت بدار المامون بن البطاءحي وهي الان المدرسة السيوفية فاتفق ان نصرا قتل الظافر وحفر له تحت لوح رخام ودفنه وقتل معه------- احد الخادمين وهرب------------------------ الاخر و----سبب ذلك- ان الامراء استوحشوا من اسامة بن منقذ لما-------------------- حسن لعباس ان يقتل عمه العادل وهم--وا بقتله	84	-2682575050765891394	184	250.0	142	422	43.60189437866211	32	Shamela0000176-ara1.mARkdown	Kraken210528115855-ara1.mARkdown
Shamela0000176-ara1.mARkdown.ms533	true	6955016502940089645	168	282	875	1521	1618	300	وظن عباس ان الامر قد استقام له فجاء -------خلاف ما امل واخذ---- اهل القصور----------------- في اعمال الحيلة علي----ه وكان ا-لامراء والسودان قد نافروه واستوحشوا منه لما فعله باولاد الحافظ واضمروا له العداوة والبغضاء فاختلفت عليه الكلمة----- وهاجت الفتنة وصار---------- العسكر احزابا ولبسوا السلاح فخرج اليهم عباس في يوم الاثنين العاشر من ربيع الاول فكانت بينه وبينهم محاربة انكسروا فيها منه وقتل منهم جماعة هذا واهل القصر في تدبير العمل عليه فبعثت -عة الفاءز الي فارس المسلمين ابي الغارات طلاءع بن رزيك وكان واليا علي الاشمونين والبهنسا بالكتب وفي طيها شعور النساء تستصرخ به علي عباس وكتب اليه ايضا الجليس بن الحباب فامتعض عند وقوفه علي الكتب ورءية شعور النساء وجمع العربان والاجناد -مقطعي البلاد	533	-9080523936259337219	Kraken210528115855-ara1.mARkdown.ms085	false	-3096154162407074376	129	210	698	1162	1641	300	وظن عباس ان الامر--- استقام له فكان الامر بخلاف ذلك وكثرت نياحة اهل القصر علي الظافر واخذوا في اعمال الحيلة علي عباس وكانت الامراء والسودان قد ن-فر----------وا عنه لاقدامه علي القتل--------------------------------- فاختلفت----- الكلمة عليه وهاجت الفتنة بالقاهرة وتفرق العسكر فرق--ا ولبسوا السلاح فخرج اليهم عباس في يوم الاثنين --عاشر--- ربيع الاول وحاربهم فكسرهم--------------------------- وقتل منهم جماعة و-----------------------------------بعثت ععة الفاءز الي-------------------------- طلاءع بن رزيك وهو عل-------ي الاعمال الاسيوطية- بالكتب وفي طيها شعور النساء تستصرخ به علي عباس ف-----------------------------------------------------------------------------جمع العربان والاجناد ومقطعي البلاد	85	-2682575050765891394	339	450.5	273	696	48.7068977355957	47	Shamela0000176-ara1.mARkdown	Kraken210528115855-ara1.mARkdown
Shamela0000176-ara1.mARkdown.ms535	true	4897400608523213959	0	300	0	1686	1686	300	سود وشعور النساء التي ارسلت اليه من القصر علي رءوس الرماح---------------- فكان هذا من الفال العجيب-------- فان الاعلام----------------------- العباسية------------ السود دخلت الي القاهرة وازالت الاعلام العلوية البيض بعد خمس عشرة سنة ونزل طلاءع بدار المامون التي كان يسكنها نصر بن عباس واحضر الخادم الذي كان مع الظافر لما قتل فاعلمه بالحال فمضي راجلا من القصر الي دار نصر بن عباس واستخرج الظافر والاستاذ الذي كان معه وغسلهما وكفنهما وحمل الظافر في تابوت مغشي الا------ستاذون والامراء ومشي طلاءع وهو حاف قد شق ثيابه ومعه الناس باجمعهم حتي وصل----- الي القصر فصلي عليه الخليفة الفاءز ودفن في تربة القصر مع اباءه وجلس الفاءز بقية النهار وخلع علي طلاءع بن رزيك بالموشح والعقد الجوهر وخلع علي ولديه ونعت بالاجل الناصر سند الامام زعيم الانام مجير الاسلام خدن امير المءمنين وخلع علي اخيه ونعت بنعوت الصالح قبل الوزارة وخلع علي حواشيه واجري في الخلع مجري الافضل بالطيلسان المقور وانشء له سجل عظيم نعت فيه بالملك الصالح ولم يلقب احد من الوزراء قبله بالملك وذلك يوم الخميس الرابع من شهر ربيع الاخر وكتب في سجله علي طرفه----- بخط الفاءز------- لوزيرنا السيد الاجل الملك الصالح ناصر الاءمة كاشف الغمة امير الجيوش سيف الاسلام غياث الانام كافل قضاة المسلمين هادي دعاة المءمنين ابي الغارات طلاءع بن رزيك الفاءزي عضد الله بن الدين وامتع بطول بقاءه امير المءمنين وادام قدرته واعلي ابدا كلمته من جلالة القدر وعظيم الامر وفخامة الشان وعلو المكان واستيجاب التفضيل واستحقاق غايات المن الجزيل ومزية الولاء الذي بعثه علي بذل النفس في نصرتنا ودعاه دون الخلاءق الي القيام بحق مشايعتنا وطاعتنا مما يبعثنا علي التبرع له ببذلك كل مصون والابتداء من ذاتنا بالاقتراح له بكل شء يسر النفوس ويقر العيون والذي يعمله هذا السجل من تقريظه واوصافه فالذي تشتمل عليه ضماءرنا اضعاف اضعافه ولذلك شرفناه بجميع التدبير والانالة ورفعناه الي اعلي رتب الاصفياء بما جعلناه له من الكفالة والله تعالي يعضد به دولتنا ويحوط-	535	-9080523936259337219	Kraken210528115855-ara1.mARkdown.ms086	false	-2897572556274352799	26	218	143	1239	1696	300	سود وشعور --نساء ال-------------------قصر علي----- الرماح حزنا علي الظافر فكان ذلك من --------عجيب التفاءل فان الدولة انتقلت عما قليل الي بني العباس ودخلت اعلامهم السود الي----- القاهر----------------------------------------------ة ونزل طلاءع -دار المامون التي كان يسكنها عبا-------س واحضر الخادم الذي كان مع الظافر لما قتل فاعلمهم مكانه فاخرج----------------------------------------------------------------------ه وغسله-- وكفنه-- وعمله ------في تابوت مغشي وحمله الاستاذون والامراء ومشي طلاءع و------------------------الناس-------- حتي وصلوا به الي القصر فصلي عليه ابنه الف---اءز ودفن في تربة القصر--------- وجلس الفاءز بقية النهار وخلع علي طلاءع بن رزيك بالموشح والعقد و-----------علي ولد-ه وانخوته وحاشيته وقرء سجله ب----------------------------------------------------------------------------------الوز-----------------------------------------------------------------------------ارة ونعت---- بالملك الصالح وع-----------------------------------------------------------------------------------------لي طرة السجل بخط الفاءز ما نصه لوزيرنا السيد الاجل الملك الصالح وتتمة النعوت والدعاء-------------------------------------------------------------------------------------------------------------------------------------------------------------------------------------------- من جلالة القدر وعظ-م الامر وفخامة الشان وعلو المكان واستحباب التفضيل واستحقاق غايات المن الجزيل ومزية الولاء الذي بعثه علي بذل النفس في نصرتنا ودعاه دون الخلاءق الي القيام بحق مشايعتنا وطاعتنا ما --بعثنا علي التبرع له ببذل- كل مصون والابتداء من ذاتنا بالاقتراح له بكل شء يسر النفوس ويقر العيون والذي تضمنه هذا السجل من تقريظه واوصافه فالذي تشتمل عليه ضماءرنا اضعاف اضعافه ولذلك شرفناه بجميع التدبير والانالة ورفعناه الي اعلي رتب الاصفياء بما جعلناه له من الكفالة والله تعالي يعضد به دولتنا ويحوط	86	-2682575050765891394	912	1480.0	748	1769	51.55455017089844	137	Shamela0000176-ara1.mARkdown	Kraken210528115855-ara1.mARkdown
Shamela0000176-ara1.mARkdown.ms536	true	3446628650419181094	0	105	0	596	1627	300	به حوزتنا ويمده بمواد التوفيق والتاييد ويجعل ايامه في وزارتنا ممنوحة غاية- الاستمرار والتابيد ان شاء الله تعالي وكان سجلا في غاية الطول والكبر من انشاء الاجل الموفق ابي الحجاج يوسف ابن علي بن الخلال ونزل الملك------ الصالح بالخلع والامراء وغيرهم من اهل الدولة مشاة في ركابه الي دار الوزارة فجلس للهناء وتقدم الشعراء فانشدوا عدة مداءح ذكروا فيها هذه الحالة والواقعة وكانوا عد--ة منهم عب--------د الرحيم بن علي البيساني والقاضي الاجل الرشيد احمد بن الزبير والقاضي الجليس عبد العزيز بن الحسنين بن الحباب والقاضي السعيد جلال الملك----------------- الاشرف ضياء الدين ابو علي الحسن بن محمد بن محمد بن اسماعيل بن كاسيبويه وابو محمد يحيي	536	-9080523936259337219	Kraken210528115855-ara1.mARkdown.ms086	false	-2897572556274352799	218	300	1239	1696	1696	300	به حوزتنا و يده بمواد التوفيق والتاييد ويجعل ايامه في وزارتنا ممنوحة غايات الاستمرار والتاييد ان شاء -لله تعالي و-هو سجل كبير جدا -------------من انشاء------ الموفق ابي الحجاج يوسف -بن علي بن الخلال ودخل الشعراء علي الصالح رهو فهنءه ب------------------------------------------------الوزارة و-------------------------------------------ذكرو-----ا هذه الحالة والواقعة وكانوا جماعة منهم ابو علي عبد الرحيم بن علي البيساني والقاضي الاجل الرشيد احمد بن الزبير -القاضي الجليس عبد العزيز بن الحس-ين بن الجباب والقاضي السعيد جلال الملك ابو الحسن علي بن الاشرف---------------------------------------------------- بن كاسينويه وابو محمد يحبي-	86	-2682575050765891394	386	621.5	317	630	61.269840240478516	52	Shamela0000176-ara1.mARkdown	Kraken210528115855-ara1.mARkdown
Shamela0000176-ara1.mARkdown.ms537	true	6376029690118702445	259	300	1394	1607	1607	300	صرف الصالح عن قضاء القضاة ابا المعالي مجلي بن جميع الفقيه الشافعي و--------ولي القاضي المفضل ابا القاسم هبة الله بن عبد الله بن كامل بن عبد الكريم في اخريات--------- شعبان فيها بلغ التليس ستة دنانير ف---------------------------------------------------------------------------------------------------------------------------------------------------------------------------------------يها مات القاضي المرتضي ابو عبد-	537	-9080523936259337219	Kraken210528115855-ara1.mARkdown.ms087	false	-8608408616936375561	51	128	276	683	1646	300	صرف------- عن قضاء القضاة ابو المعالي مجلي بن جميع الفقيه الشافعي واستقر مكانه القاضي المفضل ابو القاسم هبة الله بن عبد الله بن كامل بن عبد الكريم في العشر الاخير من شعبان وفي يوم الاحد ثالث عشر ربيع الاول قبض الصالح علي جماعة من الامراء وقتلهم وعلي عدة من ارباب العماءم منهم الخطير ابو الحسن علي بن سليم بن البواب ناظر دواوين مصر وكان عارفا بالهندسة والمنطق مليح الشعر حسن الترسل وفيها مات القاضي المرتضي ابو عبد	87	-2682575050765891394	168	279.0	134	414	40.5797119140625	29	Shamela0000176-ara1.mARkdown	Kraken210528115855-ara1.mARkdown
Shamela0000176-ara1.mARkdown.ms538	true	9198555762783684554	0	166	0	909	1607	300	الله محمد بن الحسين ال-طرابلسي المعروف بالمحنك وكان قد- ولي نظر الدواوين والخزاءن------- وله تاريخ خلفاء مصر قطع فيه علي الحافظ ومات ركن الخلافة ابو الفضل جعفر فاتك بن مختار بن حسن بن تمام اخو الوزير المامون بن البطاءحي وصلي عليه الصالح وفيها كتب المقتفي لامر الله العباسي عهدا لنور الدين محمود بن زنكي صاحب دمشق بولاية مصر والساحل وبعثه اليه بمراكب زحف وامره بالمسير اليها لما بلغه قتل الظافر واقامة الفاءز من بعده وهو صغير وقيل له قد اختلت احوال الدولة بمصر سنة خمسين وخمسماءة فيها مضي الاسطول الي ميناء صور فملكها واخربه-----ا واحرقها وعاد ---مظفرا بعدة مراكب فيها حجاج من النصاري وغيرهم وبعدة كبيرة من الاسري وبغناءم جزيلة وفيها خرج علي الصالح الامير الاوحد بن تميم والي اخميم واسيوط وجمع جمعا موفورا ف-سير اليه الصالح عدة من العسكر فكانت بينهما عدة وقاءع اسفرت عن قتله الاوحد في يوم الاربعاء سابع عشر رجب وفيها قدم-------- الفقيه نجم الدين عمارة بن ابي الحسن علي اليماني- الحكمي في شهر ربيع الاول برسالة قاسم بن فليتة امير الحرمين	538	-9080523936259337219	Kraken210528115855-ara1.mARkdown.ms087	false	-8608408616936375561	128	212	683	1152	1646	300	الله محمد بن الحس-ن الاطرابلسي المعروف بالمحنك وكان ممن ولي نظر الدواوين والخزاءن وغيرها وله تاريخ خلفاء مصر قطع فيه علي الحافظ-------------------------------------------------------------------------------------------------------------------------------------------------------------------------------------------------------------------------------------------------------------------------------------------------------------------------------------------- سنة خمسين وخمسماءة فيها مضي الاسطول ل---ميناء صور فملكها وقتل من فيها واحرقها وعاد وقد ظفر- ب----مراكب----- حجاج--- النصاري وغيرهم وبعدة -----------اسري و-غناءم كثيرة وفيها خرج علي الصالح الامير---------- تميم والي اخميم واسيوط وجمع جمعا موفورا فارسل اليه عسكارا فقتل----------------------------------------------------- في يوم الاربعاء سابع عشر رجب وفيها قدم الي مصر الفقيه---------- عمارة ب----------ن علي بن زيدان الحكمي الشاعر رسولا من----------------------- امير الحرمين	87	-2682575050765891394	399	594.0	323	936	42.628204345703125	59	Shamela0000176-ara1.mARkdown	Kraken210528115855-ara1.mARkdown
Shamela0000176-ara1.mARkdown.ms540	true	-5070741217842103049	181	261	948	1394	1612	300	والصحبة اولي ثم عاد بعد ذلك بمدة و---------------------استقر بعد ذلك- من جملة خدام الدولة وخواصها فيها مات -----الفقيه ابو المعالي مجلي بن جميع بن نجا------- المخزومي القرشي الارسوفي الشافعي صاحب----------- كتاب- الذخيرة ف---------------ي الفقه سنة احدي وخمسين وخمسماءة فيها نزع السعر ووقع الغلاء بديار مصر فلحق الناس منه شدة سنة اثن-ين وخمسين وخمسماءة فيها كان انفساخ الهدنة بين الفرنج وبين المصريين فشرع الصالح في النفقة علي العساكر وعربان البلاد للغارة علي بلاد الفرنج فاخرج سرية في------------- سابع عشر-- جمادي الاولي	540	-9080523936259337219	Kraken210528115855-ara1.mARkdown.ms087	false	-8608408616936375561	214	298	1164	1637	1646	300	والصالح----- ثم عاد بجواب رسالته في شوال وقدم الي مصر فاستقر بها وصار من جملة خدام الدولة ف--------يها مات بمصر الفقيه ابو المعالي مجلي بن جميع بن نجا القرشي المخزومي------- الارسوفي الشافعي وله مصنفات منها كتابه الكبير المسمي بالذخاءر في الفقه سنة احدي وخمسين وخمسماءة فيها كان----------- الغلاء بم-----صر فلحق الناس منه شدة سنة اثنتين وخمسين وخمسماءة فيها كان انفساخ الهدنة بين الفرنج والصالح------ فشرع ف-------ي النفقة علي العساكر وعربان البلاد للغارة علي بلاد الفرنج فاول- سرية سيرها يوم السبت سابع عشرين جمادي الاولي	87	-2682575050765891394	352	556.5	283	523	67.30401611328125	50	Shamela0000176-ara1.mARkdown	Kraken210528115855-ara1.mARkdown
Shamela0000176-ara1.mARkdown.ms541	true	-2507337151451638581	0	220	0	1144	1543	300	بيروت و-------اوقعت بمراكب الفرنج واسرت منهم وغنمت وسير عسكرا في البر الي بلاد الشوبك-------- فعاثوا فيها--------- وغاروا ورجعوا بالغناءم في رجب ومعهم كثير من الاسري ثم سير الاسطول -----الي عكا فاسروا نحوا من--------- سبعماءة نفس بعد حروب كثيرة وعاد الاسطول في رمضان وجهز سرية---------------- فغارت علي بلاد الفرنج وعادت بالغناءم في رمضان ثم بدات سرية----- في اول ذي القعدة واردفها باخري في خامسه فوصلت غاراتهم الي اعمال دمشق -------وعادوا غانمين وف---------يها قدم رسول نور الدين محمود-------- صاحب دمشق وفيها كسرت مراكب للفرنج فيها الحجاج منهم علي ثغر الاسكندرية فقبض عليهم ناءب الثغر وجهزهم-------------- وفي سلخ ذي الحجة قبض الصالح علي الامير ناصر الدولة ياقوت والي قوص وعلي اولاده واعتقلهم من اجل انه بلغه عنه انه كاتب اخت الظافر وقصد القيام علي الصالح واخذ الوزارة وكان ناصر الدولة في ولاية قوص من ايام عباس ولما استدعي اهل القصر طلاءع من الاشمونين لم يجسر علي الحركة حتي كتب الي ناصر الدولة يعلمه بذلك ويستدعيه ليكون له الامر فاعاد جوابه يظهر الزهد في ذلك وانه تركه من ايام الخليفة عن قدرة ظنا منه ان طلاءع لا يصلح ولا يتم له ما يريد من مقاومة عباس فخاب رجاءه ولم يزل به الصالح حتي اودعه السجن ولم يزل به حتي مات ---فيه في رجب من- الا-----تية وفيها احضر الي القاهرة رجل كامل الاعضاء------ سريع الحركة---------------- طوله من راسه الي قدمه اربعة اشبار وله عدة اولاد	541	-9080523936259337219	Kraken210528115855-ara1.mARkdown.ms088	false	55096704689170773	36	195	191	1043	1609	300	بيروت وغيرها فاوقعت بمراكب الفرنج فاسرت منهم وغنمت وسير عسكرا-------- الي بلاد الشوبك والطفيل فعاثوا في تلك البلاد وغاروا ورجعوا بالغناءم في رجب ومعهم عدة ------اسري ثم سير الاسطول فمضي الي عكا فاسر-----وا من اهله نحو سبعماءة نفس بعد حروب ------وعاد-------- في رمضان وجهز سرية الي بلاد الفرنج فغارت ----------------وعادت ب--غناءم في رمضان وندب--- سرية اخري في غرة ذي القعدة واردفها باخري في خامسه فوصلت غاراتهم الي اعمال دمشق فغنموا وعادوا في سادس ذي الحجة فيها قدم رسول---------- محمود بن زنكي صاحب الشام فيها كسر- مر-كب فيه ----------حجاج النصاري بثغر الاسكندرية فقبض عليهم ناءب الثغر وبعث بهم الي القاهرة وفي سلخ ذي الحجة قبض الصالح علي الامير ناصر الدولة ياقوت وا-------------ولاده واعتقلهم بسبب ---------------انه كاتب اخت الظافر وقصد القيام علي الصالح------------- وكان ----واليا----------------------------------------------------------------------------- علي اعمال قوص وهو بالقاهرة وبقي -------------------------------------------------------------------------------------------------------------------------------------------------------------------------------------------------------------------------حتي مات بالحبس في رجب سنة ثلاث وخمسين وفيها احضر الي الصالح- رجل كامل الاعضاء قويها سريع الحركة ليس بضءيل الصوت طوله من راسه الي قدمه اربعة اشبار وله ا----ولاد	88	-2682575050765891394	635	928.5	512	1272	49.921382904052734	93	Shamela0000176-ara1.mARkdown	Kraken210528115855-ara1.mARkdown
Shamela0000176-ara1.mARkdown.ms542	true	-6882739347944396424	123	228	598	1177	1571	300	سنة ثلاث وخمسين وخمسماءة في المحرم جهز الصالح----------- اربعة الاف وامر عليهم شمس الخلافة ابا الاشبال ضرغاما----------------- للغارة علي بلاد الفرنج فساروا في ص-----فر الي تل العجول وحا---------ربوا الفر----نج في النصف منه فانهزموا من المسلمين هزيمة قبيحة عليهم وسير عسكرا في اخر في شعبان فواقعوا الفرنج علي العريش وعادوا ظافرين بعدة غناءم ما بين خيول- واموال- وفيها قدم رسول الملك العادل محمود بن زنكي وقدمت رسل الفرنج يسالون في الصلح ورسول ص---احب قسطنطينية يسال اسعافه بمراكب نجدة له علي صاحب صقلية وفيها خرجت من القاهرة سرية الي بيت جبرين ------وعادت غانمة--------- وسار الاسطول في يوم الجمعة ثالث عشري- ربيع الاخر فانثني الي تنيس في الثامن	542	-9080523936259337219	Kraken210528115855-ara1.mARkdown.ms088	false	55096704689170773	195	300	1043	1609	1609	300	سنة ثلاث وخمسين وخمسماءة في --محرم جهز الصالح عسكرا عدته اربعة الاف و----عليه- شمس الخلافة ابو الاشبال ضرغام وجماعة من الامراء للغارة علي بلاد الفرنج فساروا في رابع صفر الي تل العجول فكانت بينهم وبين الفرج وقعة في --نصف صفر -انهزم فيها الفرنج-- هزيمة قبيحة------ وسير سرية واقعت الف-------------------رنج علي العريش في شعبان فكسرتهم وغنمت منهم---- خيولا واموالا وفيها قدم رسو-------------ل محمود بن زنكي ووصل رسول الفرنج يطلب----- الصلح ورسول من صاحب قسطنطينية يطلب --------مراكب نجدة له علي صاحب صقلية وفيها سارت سرية من مصر ----الي بيت جب-ين فغنمت وعادت سالمة بالغناءم وسار الاسطول--- يوم الجمعة ثالث عشرين ربيع الاخر فوصل ا--لي تنيس في --ثامن-	88	-2682575050765891394	403	548.0	323	646	62.3838996887207	52	Shamela0000176-ara1.mARkdown	Kraken210528115855-ara1.mARkdown
Shamela0000176-ara1.mARkdown.ms542	true	-6882739347944396424	229	298	1180	1558	1571	300	شعبان واقعل منه ا----لي بلاد الفرنج وفي سادس عشري ربيع الاخر قدم اسطول الاسكندرية وقد امتلات ايدي الغزاة بالغناءم وفي ربيع الاخر سار عسكر الي وادي موسي فنزل علي حصن الدميرة وحاصره ثمانية ايام و-----------توجه الي الشوبك واغار علي ما هنالك واقام اميران علي الحصار وعاد بقية العسكر وفي التاسع من جمادي الاولي سار عسكر الي ال-----قدس ف-----خرب وعاد بالغناءم وورد الخبر بوقعة كانت علي طبرية --كسر فيها الفرنج	542	-9080523936259337219	Kraken210528115855-ara1.mARkdown.ms089	false	1977533677787964485	0	67	0	355	1590	300	شعبان و-----منه سار الي بلاد الفرنج وفي سادس عشر- ربيع الاخر ورد اسطول الاسكندرية وقد امتلات ايدي-----هم بالغناءم وفي ربيع الاخر سار عسكر الي وادي موسي فحاصر--- حصن الوعيرة------- ثمانية ايام وعاد بعد ما توجه الي الشوبك و-غار عليها وترك هناك اميي----ن علي الحصار و ف -------------------تاسع--- جمادي الاولي سار عسكر الي بيت المقدس فعاث وخرب وعاد ب--غناءم وورد الخبر بوقعه كانت علي طبرية انكسر فيها الفرنج	89	-2682575050765891394	295	470.0	239	405	72.83950805664062	43	Shamela0000176-ara1.mARkdown	Kraken210528115855-ara1.mARkdown
Shamela0000176-ara1.mARkdown.ms543	true	6511549285825925459	165	214	912	1185	1641	300	-----مات القاضي المفضل كافي الكفاة---------- محمود -بن القاضي الموفق اسماعيل بن حميد القاضي-- المعروف بابن قادوس في سابع المحرم فحضر الصالح الي داره بمصر----------------- ومشي في جنازته حتي صلي عليه ومضي الي تربته عند مسجد الاقدام بالقرافة وكان من اماثل المصريين واعيان كتابهم مقدما عند الملوك-- وله ديوان شعر	543	-9080523936259337219	Kraken210528115855-ara1.mARkdown.ms089	false	1977533677787964485	128	177	669	944	1590	300	مات بمصر القاضي المفضل كافي الكفاة ابو الفتح محمود ابن القاضي الموفق اسماعيل بن حميد الدمياطي المعروف بابن قادوس في سابع المحرم فحضر الصالح من القاهرة الي مصر للصلاة عليه ومشي في جنازته ------------------الي تربته عند مسجد الاقدام--------- وكان من اماثل المصريين و------كتابهم مقدما غند --ملوكهم وله ديوان شعر	89	-2682575050765891394	219	363.5	178	310	70.6451644897461	34	Shamela0000176-ara1.mARkdown	Kraken210528115855-ara1.mARkdown
